id,detection_id,class_name,confidence,shelf_life_days,timestamp,source,bbox_x1,bbox_y1,bbox_x2,bbox_y2
5023,det_c1d018a8,green,0.562,31,2026-09-28 10:33:26,dashboard,,,,
5022,det_433df9fc,green,0.608,31,2026-09-28 10:32:11,dashboard,,,,
5021,det_35131c70,green,0.682,31,2026-09-28 10:18:32,dashboard,,,,
5020,det_fd0273d9,red,0.689,12,2026-09-28 10:17:00,dashboard,,,,
5019,det_318b736b,turning,0.677,24,2026-09-28 10:16:24,dashboard,,,,
5018,det_73b0af28,red,0.597,12,2026-09-28 10:15:07,dashboard,,,,
5017,det_e4a94374,breaker,0.593,29,2026-09-28 10:12:49,dashboard,,,,
5016,det_cd6da889,red,0.497,12,2026-09-28 10:12:25,dashboard,,,,
5015,det_465c58ff,defect,0.852,0,2026-09-28 10:11:32,dashboard,,,,
5014,det_d9e2a567,turning,0.706,24,2026-09-28 10:11:04,dashboard,,,,
5013,det_5964052d,green,0.682,31,2026-09-28 10:08:59,dashboard,,,,
5012,det_56a89fb3,green,0.701,31,2026-09-28 10:08:22,dashboard,,,,
5011,det_cf435267,defect,0.847,0,2026-09-28 09:36:33,dashboard,,,,
5010,det_c6b08889,green,0.74,31,2026-09-28 09:36:09,dashboard,,,,
5009,det_1b662804,turning,0.643,24,2026-09-28 09:36:00,dashboard,,,,
5008,det_28a0fad8,red,0.6,12,2026-09-28 09:35:41,dashboard,,,,
5007,det_a8ddba97,turning,0.567,24,2026-09-28 09:35:13,dashboard,,,,
5006,det_03436027,green,0.615,31,2026-09-28 09:34:59,dashboard,,,,
5005,det_2c559a34,turning,0.78,24,2026-09-28 09:08:35,dashboard,,,,
5004,det_7d9e5f54,green,0.637,31,2026-09-28 09:07:30,dashboard,,,,
5003,det_2ecf31d7,defect,0.833,0,2026-09-28 09:04:15,dashboard,,,,
5002,det_64d93c87,red,0.534,12,2026-09-28 09:03:50,dashboard,,,,
5001,det_4861f214,red,0.633,12,2026-09-28 09:03:21,dashboard,,,,
5000,det_52ad4661,green,0.673,31,2026-09-28 09:01:59,dashboard,,,,
4999,det_0eefd293,red,0.701,12,2026-09-28 09:01:37,dashboard,,,,
4998,det_e95d2e60,red,0.637,12,2026-09-28 08:59:56,dashboard,,,,
4997,det_5fd9098c,turning,0.669,24,2026-09-28 08:59:23,dashboard,,,,
4996,det_9bc0e7ba,green,0.647,31,2026-09-28 08:58:36,dashboard,,,,
4995,det_fb055b72,green,0.691,31,2026-09-28 08:54:17,dashboard,,,,
4994,det_e3b859be,turning,0.673,24,2026-09-28 08:24:37,dashboard,,,,
4993,det_fb54116d,breaker,0.534,29,2026-09-28 08:23:58,dashboard,,,,
4992,det_4fef0f46,breaker,0.546,29,2026-09-28 08:23:16,dashboard,,,,
4991,det_0eaa065b,green,0.724,31,2026-09-28 08:22:30,dashboard,,,,
4990,det_ac4e120a,turning,0.615,24,2026-09-28 04:45:51,dashboard,,,,
4989,det_bed2bb3c,turning,0.712,24,2026-09-28 04:44:50,dashboard,,,,
4988,det_7b1ef65d,red,0.666,12,2026-09-28 04:44:45,dashboard,,,,
4987,det_ee2ca028,green,0.665,31,2026-09-28 04:44:39,dashboard,,,,
4986,det_36831565,breaker,0.618,29,2026-09-28 04:44:27,dashboard,,,,
4985,det_7155d3e6,green,0.687,31,2026-09-28 04:43:50,dashboard,,,,
4984,det_db83d7d4,breaker,0.586,29,2026-09-28 04:43:18,dashboard,,,,
4983,det_facd0f78,green,0.689,31,2026-09-28 04:25:27,dashboard,,,,
4982,det_20ed9a1f,green,0.693,31,2026-09-28 04:24:49,dashboard,,,,
4981,det_550ce76d,green,0.687,31,2026-09-28 04:23:30,dashboard,,,,
4980,det_33b93964,turning,0.76,24,2026-09-28 02:12:27,dashboard,,,,
4979,det_0e585381,red,0.703,12,2026-09-28 02:11:58,dashboard,,,,
4978,det_cb2e9e0b,turning,0.749,24,2026-09-28 02:11:32,dashboard,,,,
4977,det_798390d2,breaker,0.664,29,2026-09-28 02:10:24,dashboard,,,,
4976,det_66cd7b52,breaker,0.732,29,2026-09-28 02:05:27,dashboard,,,,
4975,det_fce0127e,green,0.699,31,2026-09-28 01:56:14,dashboard,,,,
4974,det_a0550f4c,turning,0.616,24,2026-08-27 16:17:11,dashboard,,,,
4973,det_5b284681,red,0.694,12,2026-08-26 18:03:25,dashboard,,,,
4972,det_3fb228f3,green,0.776,31,2026-08-26 18:03:08,dashboard,,,,
4971,det_a9de2c33,turning,0.622,24,2026-08-26 18:03:01,dashboard,,,,
4970,det_b0583e5c,green,0.752,31,2026-08-26 18:02:49,dashboard,,,,
4969,det_00282c83,red,0.785,12,2026-08-26 18:02:27,dashboard,,,,
4968,det_72b70444,turning,0.56,24,2026-08-26 18:02:17,dashboard,,,,
4967,det_1008d35c,breaker,0.586,29,2026-08-26 18:02:03,dashboard,,,,
4966,det_c060263c,green,0.772,31,2026-08-26 18:01:51,dashboard,,,,
4965,det_7c2ea333,green,0.588,31,2026-08-26 18:00:43,dashboard,,,,
4964,det_b82e32cf,green,0.692,31,2026-08-26 17:59:45,dashboard,,,,
4963,det_ab86aa2c,turning,0.618,24,2026-08-26 17:59:10,dashboard,,,,
4962,det_fc979934,turning,0.54,24,2026-08-26 17:59:00,dashboard,,,,
4961,det_7f27fd81,breaker,0.537,29,2026-08-26 17:58:54,dashboard,,,,
4960,det_1e0696c6,breaker,0.598,29,2026-08-26 17:58:37,dashboard,,,,
4959,det_ccadcb7e,breaker,0.507,29,2026-08-26 17:58:10,dashboard,,,,
4958,det_9cbc38b4,turning,0.604,24,2026-08-26 17:58:05,dashboard,,,,
4957,det_adbed145,red,0.792,12,2026-08-26 17:57:33,dashboard,,,,
4956,det_94c17c52,turning,0.686,24,2026-08-26 17:57:11,dashboard,,,,
4955,det_b484c050,green,0.615,31,2026-08-26 17:56:56,dashboard,,,,
4954,det_cfc53063,green,0.757,31,2026-08-26 17:56:43,dashboard,,,,
4953,det_32153474,green,0.749,31,2026-08-26 17:56:15,dashboard,,,,
4952,det_de590d4e,green,0.704,31,2026-08-26 17:56:02,dashboard,,,,
4951,det_f45ae2f2,green,0.744,31,2026-08-26 17:55:09,dashboard,,,,
4950,det_2dc4e0e3,breaker,0.589,29,2026-08-26 17:47:36,dashboard,,,,
4949,det_aed209c2,red,0.669,12,2026-08-26 17:43:17,dashboard,,,,
4948,det_f88f35a0,red,0.672,12,2026-08-26 17:42:51,dashboard,,,,
4947,det_0ca1243b,green,0.738,31,2026-08-26 17:41:14,dashboard,,,,
4946,det_d9c83b48,turning,0.501,24,2026-08-26 16:54:00,dashboard,,,,
4945,det_9f014992,green,0.778,31,2026-08-26 16:46:44,dashboard,,,,
4944,det_40f5c67b,green,0.742,31,2026-08-26 16:45:21,dashboard,,,,
4943,det_40fc346e,green,0.708,31,2026-08-26 16:28:57,dashboard,,,,
4942,det_7b08aa1a,turning,0.647,24,2026-08-26 16:28:30,dashboard,,,,
4941,det_c47ebcf0,green,0.748,31,2026-08-26 16:28:13,dashboard,,,,
4940,det_d65fbed2,green,0.779,31,2026-08-26 16:27:36,dashboard,,,,
4939,det_8137e8d4,defect,0.836,0,2026-08-26 14:24:22,dashboard,,,,
4938,det_53edde10,red,0.832,12,2026-08-26 14:23:28,dashboard,,,,
4937,det_3b736004,turning,0.711,24,2026-08-26 14:21:50,dashboard,,,,
4936,det_cb4129c4,breaker,0.52,29,2026-08-26 14:21:15,dashboard,,,,
4935,det_8731c698,turning,0.691,24,2026-08-26 14:21:12,dashboard,,,,
4934,det_f3d52b86,turning,0.673,24,2026-08-26 14:21:01,dashboard,,,,
4933,det_07f89369,breaker,0.569,29,2026-08-26 14:20:44,dashboard,,,,
4932,det_c36d46f5,turning,0.482,24,2026-08-26 14:20:31,dashboard,,,,
4931,det_636105b8,breaker,0.474,29,2026-08-26 14:20:26,dashboard,,,,
4930,det_6ad58a79,turning,0.465,24,2026-08-26 14:20:20,dashboard,,,,
4929,det_b0be3ce0,turning,0.469,24,2026-08-26 14:20:18,dashboard,,,,
4928,det_2aee30a5,breaker,0.459,29,2026-08-26 14:20:09,dashboard,,,,
4927,det_e60dad31,turning,0.539,24,2026-08-26 14:20:05,dashboard,,,,
4926,det_b09c0da5,turning,0.468,24,2026-08-26 14:20:01,dashboard,,,,
4925,det_f676a5dc,turning,0.488,24,2026-08-26 14:19:57,dashboard,,,,
4924,det_22bc2471,turning,0.625,24,2026-08-26 14:19:48,dashboard,,,,
4923,det_7ac701c3,breaker,0.532,29,2026-08-26 14:19:27,dashboard,,,,
4922,det_ded04c26,breaker,0.668,29,2026-08-26 14:18:50,dashboard,,,,
4921,det_cafe81d3,turning,0.584,24,2026-08-26 14:18:25,dashboard,,,,
4920,det_d1a49147,green,0.771,31,2026-08-26 14:18:09,dashboard,,,,
4919,det_e72d3b62,green,0.787,31,2026-08-26 14:17:27,dashboard,,,,
4918,det_0623dced,green,0.777,31,2026-08-26 14:15:09,dashboard,,,,
4917,det_072bac05,defect,0.836,0,2026-08-26 14:14:19,dashboard,,,,
4916,det_b42426f3,red,0.699,12,2026-08-26 14:13:42,dashboard,,,,
4915,det_2d6bf66a,turning,0.555,24,2026-08-26 14:12:51,dashboard,,,,
4914,det_df233386,turning,0.652,24,2026-08-26 14:12:31,dashboard,,,,
4913,det_cf8be4fe,turning,0.614,24,2026-08-26 14:11:13,dashboard,,,,
4912,det_3a38f6f3,turning,0.497,24,2026-08-26 14:11:05,dashboard,,,,
4911,det_581e3242,turning,0.498,24,2026-08-26 14:10:58,dashboard,,,,
4910,det_a1997834,turning,0.774,24,2026-08-26 14:10:42,dashboard,,,,
4909,det_545f573e,turning,0.519,24,2026-08-26 14:10:26,dashboard,,,,
4908,det_8fa496f7,turning,0.588,24,2026-08-26 14:10:21,dashboard,,,,
4907,det_c863fcaa,breaker,0.602,29,2026-08-26 14:09:37,dashboard,,,,
4906,det_ef3f5b70,breaker,0.531,29,2026-08-26 14:07:13,dashboard,,,,
4905,det_5f7377a3,breaker,0.574,29,2026-08-26 14:05:06,dashboard,,,,
4904,det_cc2cfa32,green,0.671,31,2026-08-26 14:03:52,dashboard,,,,
4903,det_fd0f1fc1,green,0.705,31,2026-08-26 14:03:47,dashboard,,,,
4902,det_6ba69439,green,0.735,31,2026-08-26 14:01:33,dashboard,,,,
4901,det_7d8999a5,green,0.679,31,2026-08-26 13:57:20,dashboard,,,,
4900,det_9bdee22d,green,0.702,31,2026-08-26 13:55:53,dashboard,,,,
4899,det_79d3d945,defect,0.805,0,2026-08-26 12:42:46,dashboard,,,,
4898,det_c8dc24b3,turning,0.669,24,2026-08-26 12:32:51,dashboard,,,,
4897,det_b0fea17e,turning,0.647,24,2026-08-26 12:30:32,dashboard,,,,
4896,det_95445f88,breaker,0.618,29,2026-08-26 12:30:25,dashboard,,,,
4895,det_a6b3454a,breaker,0.566,29,2026-08-26 12:30:10,dashboard,,,,
4894,det_01976699,breaker,0.645,29,2026-08-26 12:30:03,dashboard,,,,
4893,det_5b1e16e6,green,0.741,31,2026-08-26 12:29:58,dashboard,,,,
4892,det_289823d8,breaker,0.579,29,2026-08-26 12:29:45,dashboard,,,,
4891,det_8b7fa9bb,green,0.753,31,2026-08-26 12:28:58,dashboard,,,,
4890,det_67d7539f,breaker,0.524,29,2026-08-26 12:28:22,dashboard,,,,
4889,det_0846adf3,red,0.599,12,2026-08-26 12:27:31,dashboard,,,,
4888,det_e69f586b,breaker,0.54,29,2026-08-26 12:27:12,dashboard,,,,
4887,det_ac1f5809,green,0.744,31,2026-08-26 12:26:58,dashboard,,,,
4886,det_fe1d1618,green,0.729,31,2026-08-26 12:26:05,dashboard,,,,
4885,det_83647561,breaker,0.577,29,2026-08-26 12:24:56,dashboard,,,,
4884,det_b06b734f,green,0.741,31,2026-08-26 12:24:39,dashboard,,,,
4883,det_4fd49e40,green,0.724,31,2026-08-26 12:21:58,dashboard,,,,
4882,det_b7761dcd,red,0.602,12,2026-08-26 12:19:56,dashboard,,,,
4881,det_bce1553c,red,0.588,12,2026-08-26 12:19:52,dashboard,,,,
4880,det_c46d455a,turning,0.598,24,2026-08-26 12:17:05,dashboard,,,,
4879,det_44a0a81e,turning,0.653,24,2026-08-26 12:16:26,dashboard,,,,
4878,det_a66257e8,turning,0.588,24,2026-08-26 12:16:04,dashboard,,,,
4877,det_95a12caa,defect,0.821,0,2026-08-26 12:15:41,dashboard,,,,
4876,det_68303083,red,0.804,12,2026-08-26 12:15:23,dashboard,,,,
4875,det_24b20556,turning,0.542,24,2026-08-26 12:15:12,dashboard,,,,
4874,det_6ec74bb5,breaker,0.49,29,2026-08-26 12:14:51,dashboard,,,,
4873,det_3b9309ac,green,0.75,31,2026-08-26 12:14:16,dashboard,,,,
4872,det_fd935f76,defect,0.838,0,2026-08-26 08:59:24,dashboard,,,,
4871,det_007909b8,red,0.533,12,2026-08-26 08:59:14,dashboard,,,,
4870,det_4fe448e7,green,0.733,31,2026-08-26 08:59:08,dashboard,,,,
4869,det_c09d8d17,turning,0.544,24,2026-08-26 08:56:12,dashboard,,,,
4868,det_56a402a0,green,0.751,31,2026-08-26 08:55:29,dashboard,,,,
4867,det_fe238dc5,turning,0.586,24,2026-08-26 07:45:26,dashboard,,,,
4866,det_df4f692b,green,0.757,31,2026-08-26 07:44:37,dashboard,,,,
4865,det_edab35c0,green,0.779,31,2026-08-26 07:43:52,dashboard,,,,
4864,det_0ade48e2,red,0.701,12,2026-08-26 07:43:26,dashboard,,,,
4863,det_75cb5146,breaker,0.59,29,2026-08-26 07:42:38,dashboard,,,,
4862,det_838e29bc,green,0.787,31,2026-08-26 07:40:36,dashboard,,,,
4861,det_49ea6efb,green,0.782,31,2026-08-26 07:39:45,dashboard,,,,
4860,det_e3199361,green,0.778,31,2026-08-26 07:35:35,dashboard,,,,
4859,det_fffc45f9,turning,0.664,24,2026-08-23 13:45:34,dashboard,,,,
4858,det_30365af5,red,0.609,12,2026-08-23 13:45:02,dashboard,,,,
4857,det_00477da9,turning,0.659,24,2026-08-23 13:44:38,dashboard,,,,
4856,det_5c97086b,red,0.723,12,2026-08-23 13:44:32,dashboard,,,,
4855,det_524edd0f,turning,0.636,24,2026-08-23 13:44:26,dashboard,,,,
4854,det_1ecfc0ea,turning,0.704,24,2026-08-23 13:44:12,dashboard,,,,
4853,det_be194d4a,red,0.781,12,2026-08-23 13:43:58,dashboard,,,,
4852,det_26ce7567,red,0.606,12,2026-08-23 12:33:56,dashboard,,,,
4851,det_5801b880,turning,0.619,24,2026-08-23 12:33:43,dashboard,,,,
4850,det_ab1255d8,defect,0.843,0,2026-08-23 12:33:34,dashboard,,,,
4849,det_80c83f73,red,0.696,12,2026-08-23 12:33:22,dashboard,,,,
4848,det_da4c7802,turning,0.657,24,2026-08-23 12:33:10,dashboard,,,,
4847,det_8ab21d58,breaker,0.64,29,2026-08-23 12:32:55,dashboard,,,,
4846,det_e9250040,green,0.708,31,2026-08-23 12:32:44,dashboard,,,,
4845,det_4a636eaf,green,0.748,31,2026-08-23 12:30:52,dashboard,,,,
4844,det_022fa37d,breaker,0.702,29,2026-08-23 12:28:13,dashboard,,,,
4843,det_41e194fe,breaker,0.709,29,2026-08-23 12:27:19,dashboard,,,,
4842,det_fd5e7152,breaker,0.672,29,2026-08-23 12:19:25,dashboard,,,,
4841,det_f5b3df61,breaker,0.67,29,2026-08-23 12:18:42,dashboard,,,,
4840,det_595c6723,breaker,0.565,29,2026-08-23 12:18:02,dashboard,,,,
4839,det_6a8eb00c,breaker,0.601,29,2026-08-23 12:17:31,dashboard,,,,
4838,det_99ea06f3,breaker,0.572,29,2026-08-23 12:16:41,dashboard,,,,
4837,det_72ef1560,turning,0.559,24,2026-08-23 12:13:02,dashboard,,,,
4836,det_d7a0a2f6,breaker,0.625,29,2026-08-23 12:12:40,dashboard,,,,
4835,det_608d35f0,green,0.736,31,2026-08-23 12:12:17,dashboard,,,,
4834,det_d84365b7,green,0.496,31,2026-08-23 12:10:38,dashboard,,,,
4833,det_c8757f19,red,0.717,12,2026-08-23 12:10:30,dashboard,,,,
4832,det_724d18bb,turning,0.551,24,2026-08-23 12:10:16,dashboard,,,,
4831,det_63add596,breaker,0.729,29,2026-08-23 12:10:02,dashboard,,,,
4830,det_ad25ec8b,green,0.744,31,2026-08-23 12:09:47,dashboard,,,,
4829,det_7b915cdc,green,0.76,31,2026-08-23 12:09:07,dashboard,,,,
4828,det_846a51ef,breaker,0.723,29,2026-08-23 12:04:55,dashboard,,,,
4827,det_e20c5b41,turning,0.675,24,2026-08-23 12:04:50,dashboard,,,,
4826,det_01c37f71,green,0.771,31,2026-08-23 12:04:41,dashboard,,,,
4825,det_7d74cacf,breaker,0.611,29,2026-08-23 12:04:34,dashboard,,,,
4824,det_39ea2b8c,green,0.512,31,2026-08-23 12:04:16,dashboard,,,,
4823,det_b7e22f62,turning,0.644,24,2026-08-23 12:04:10,dashboard,,,,
4822,det_92cc31bf,defect,0.835,0,2026-08-23 11:59:07,dashboard,,,,
4821,det_37f24fe0,turning,0.53,24,2026-08-23 11:58:49,dashboard,,,,
4820,det_f17cea9f,red,0.712,12,2026-08-23 11:58:38,dashboard,,,,
4819,det_4516739a,red,0.609,12,2026-08-23 11:58:24,dashboard,,,,
4818,det_0c56ec49,breaker,0.626,29,2026-08-23 11:58:10,dashboard,,,,
4817,det_a64d1fc6,green,0.73,31,2026-08-23 11:57:53,dashboard,,,,
4816,det_c7afd121,breaker,0.567,29,2026-08-23 11:56:50,dashboard,,,,
4815,det_85c93c1f,green,0.704,31,2026-08-23 11:56:31,dashboard,,,,
4814,det_4352342c,breaker,0.484,29,2026-08-23 11:53:56,dashboard,,,,
4813,det_8494d1d3,breaker,0.512,29,2026-08-23 11:53:53,dashboard,,,,
4812,det_6312e697,breaker,0.602,29,2026-08-23 11:53:45,dashboard,,,,
4811,det_3ef74c52,turning,0.593,24,2026-08-23 11:53:40,dashboard,,,,
4810,det_a6bf3f6f,turning,0.607,24,2026-08-23 11:53:35,dashboard,,,,
4809,det_ebae5ca6,turning,0.643,24,2026-08-23 11:53:32,dashboard,,,,
4808,det_23037d78,red,0.568,12,2026-08-23 11:53:24,dashboard,,,,
4807,det_a61e1304,turning,0.66,24,2026-08-23 11:53:17,dashboard,,,,
4806,det_84c0b710,breaker,0.588,29,2026-08-23 11:53:11,dashboard,,,,
4805,det_db9dde75,turning,0.668,24,2026-08-23 11:53:06,dashboard,,,,
4804,det_1ea0d8d7,turning,0.589,24,2026-08-23 11:53:01,dashboard,,,,
4803,det_bec6dd1f,turning,0.567,24,2026-08-23 11:52:44,dashboard,,,,
4802,det_ad557ef8,turning,0.706,24,2026-08-23 11:52:40,dashboard,,,,
4801,det_245f591f,turning,0.635,24,2026-08-23 11:52:02,dashboard,,,,
4800,det_cd997b20,turning,0.628,24,2026-08-23 11:51:59,dashboard,,,,
4799,det_a944c610,turning,0.68,24,2026-08-23 11:51:49,dashboard,,,,
4798,det_3937fd20,breaker,0.598,29,2026-08-23 11:51:38,dashboard,,,,
4797,det_56cb15df,turning,0.623,24,2026-08-23 11:51:32,dashboard,,,,
4796,det_177ea475,turning,0.621,24,2026-08-23 11:51:26,dashboard,,,,
4795,det_c04bbb2d,breaker,0.487,29,2026-08-23 11:51:21,dashboard,,,,
4794,det_828d8b4d,turning,0.595,24,2026-08-23 11:51:16,dashboard,,,,
4793,det_4bfcb0fc,breaker,0.673,29,2026-08-23 11:51:08,dashboard,,,,
4792,det_6ca6b223,breaker,0.696,29,2026-08-23 11:51:05,dashboard,,,,
4791,det_a84ab28e,breaker,0.475,29,2026-08-23 11:51:01,dashboard,,,,
4790,det_e9463651,breaker,0.563,29,2026-08-23 11:50:59,dashboard,,,,
4789,det_64245f31,green,0.495,31,2026-08-23 11:50:55,dashboard,,,,
4788,det_48ceed90,breaker,0.606,29,2026-08-23 11:50:52,dashboard,,,,
4787,det_64a77bdd,breaker,0.615,29,2026-08-23 11:50:47,dashboard,,,,
4786,det_1896b8f2,breaker,0.62,29,2026-08-23 11:50:44,dashboard,,,,
4785,det_6717866a,breaker,0.619,29,2026-08-23 11:50:33,dashboard,,,,
4784,det_077a8f87,defect,0.831,0,2026-08-23 11:46:57,dashboard,,,,
4783,det_e1768faf,turning,0.627,24,2026-08-23 11:46:40,dashboard,,,,
4782,det_37b293f3,red,0.718,12,2026-08-23 11:46:29,dashboard,,,,
4781,det_f548da5b,breaker,0.536,29,2026-08-23 11:46:12,dashboard,,,,
4780,det_3a1d0603,breaker,0.665,29,2026-08-23 11:45:58,dashboard,,,,
4779,det_a36e0f8f,green,0.723,31,2026-08-23 11:45:43,dashboard,,,,
4778,det_a3af7483,green,0.735,31,2026-08-23 11:44:52,dashboard,,,,
4777,det_10e82c19,breaker,0.623,29,2026-08-23 11:43:52,dashboard,,,,
4776,det_502a8e5d,breaker,0.689,29,2026-08-23 11:42:41,dashboard,,,,
4775,det_0df7c52d,breaker,0.679,29,2026-08-23 11:42:08,dashboard,,,,
4774,det_97fc20c8,breaker,0.613,29,2026-08-23 11:39:50,dashboard,,,,
4773,det_4b19958c,green,0.759,31,2026-08-23 11:39:36,dashboard,,,,
4772,det_29533193,green,0.745,31,2026-08-23 11:39:33,dashboard,,,,
4771,det_84fd5878,green,0.582,31,2026-08-23 11:39:25,dashboard,,,,
4770,det_e75bd770,green,0.632,31,2026-08-23 11:38:47,dashboard,,,,
4769,det_fe973327,breaker,0.637,29,2026-08-23 11:38:07,dashboard,,,,
4768,det_7a130bc6,breaker,0.689,29,2026-08-23 11:38:02,dashboard,,,,
4767,det_ac909acf,green,0.724,31,2026-08-23 11:37:56,dashboard,,,,
4766,det_cfab888f,red,0.75,12,2026-08-23 11:35:54,dashboard,,,,
4765,det_a40bc686,breaker,0.523,29,2026-08-23 11:35:42,dashboard,,,,
4764,det_339cea73,breaker,0.592,29,2026-08-23 11:35:33,dashboard,,,,
4763,det_594bc2ae,green,0.727,31,2026-08-23 11:35:21,dashboard,,,,
4762,det_e069a08f,turning,0.556,24,2026-08-23 11:33:46,dashboard,,,,
4761,det_70e3d00a,breaker,0.613,29,2026-08-23 11:33:32,dashboard,,,,
4760,det_b8eb6d6a,green,0.751,31,2026-08-23 11:33:23,dashboard,,,,
4759,det_50eb4f8d,breaker,0.62,29,2026-08-23 11:32:09,dashboard,,,,
4758,det_7939d919,breaker,0.568,29,2026-08-23 11:32:03,dashboard,,,,
4757,det_c3f4bcb3,breaker,0.563,29,2026-08-23 11:31:56,dashboard,,,,
4756,det_573d6a3f,turning,0.578,24,2026-08-23 11:31:52,dashboard,,,,
4755,det_1b2c09fe,turning,0.529,24,2026-08-23 11:31:44,dashboard,,,,
4754,det_befb80a3,breaker,0.594,29,2026-08-23 11:31:39,dashboard,,,,
4753,det_39a7d6c9,turning,0.587,24,2026-08-23 11:31:34,dashboard,,,,
4752,det_abee6060,breaker,0.58,29,2026-08-23 11:31:30,dashboard,,,,
4751,det_34516172,green,0.616,31,2026-08-23 11:31:23,dashboard,,,,
4750,det_ead93c5c,breaker,0.571,29,2026-08-23 11:31:20,dashboard,,,,
4749,det_cadc3ca1,breaker,0.715,29,2026-08-23 11:31:13,dashboard,,,,
4748,det_985601de,turning,0.54,24,2026-08-23 11:26:36,dashboard,,,,
4747,det_e6c5a2c1,red,0.702,12,2026-08-23 11:26:25,dashboard,,,,
4746,det_a2e830f1,turning,0.685,24,2026-08-23 11:26:17,dashboard,,,,
4745,det_26756e48,breaker,0.617,29,2026-08-23 11:26:07,dashboard,,,,
4744,det_c27b5388,green,0.695,31,2026-08-23 11:25:58,dashboard,,,,
4743,det_11f89e71,green,0.743,31,2026-08-23 11:24:39,dashboard,,,,
4742,det_06564885,turning,0.589,24,2026-08-23 11:22:52,dashboard,,,,
4741,det_60b7353b,red,0.644,12,2026-08-23 11:22:16,dashboard,,,,
4740,det_36921f39,red,0.653,12,2026-08-23 11:22:06,dashboard,,,,
4739,det_61e7a19d,breaker,0.542,29,2026-08-23 11:21:56,dashboard,,,,
4738,det_8f88afe3,breaker,0.602,29,2026-08-23 11:21:45,dashboard,,,,
4737,det_523b8361,green,0.708,31,2026-08-23 11:21:37,dashboard,,,,
4736,det_35fe2f77,green,0.747,31,2026-08-23 11:20:42,dashboard,,,,
4735,det_dea95e68,green,0.713,31,2026-08-23 11:19:22,dashboard,,,,
4734,det_e606db54,defect,0.822,0,2026-08-23 11:05:05,dashboard,,,,
4733,det_133c884d,defect,0.822,0,2026-08-23 11:04:19,dashboard,,,,
4732,det_11651e0d,turning,0.527,24,2026-08-23 11:03:56,dashboard,,,,
4731,det_72937e4b,red,0.688,12,2026-08-23 11:03:30,dashboard,,,,
4730,det_5ea67a53,turning,0.576,24,2026-08-23 11:03:19,dashboard,,,,
4729,det_c0981698,breaker,0.641,29,2026-08-23 11:02:43,dashboard,,,,
4728,det_1f289cf1,green,0.779,31,2026-08-23 11:02:21,dashboard,,,,
4727,det_e7a5aa08,green,0.739,31,2026-08-23 11:01:38,dashboard,,,,
4726,det_e6746515,turning,0.655,24,2026-08-23 10:38:42,dashboard,,,,
4725,det_ae89b868,green,0.771,31,2026-08-23 10:38:08,dashboard,,,,
4724,det_7f073ed4,breaker,0.529,29,2026-08-23 10:37:42,dashboard,,,,
4723,det_91444c2a,red,0.736,12,2026-08-23 10:37:28,dashboard,,,,
4722,det_a0d01c1d,red,0.739,12,2026-08-23 10:36:53,dashboard,,,,
4721,det_0304c740,turning,0.649,24,2026-08-23 10:36:39,dashboard,,,,
4720,det_d2acdf07,green,0.762,31,2026-08-23 10:31:59,dashboard,,,,
4719,det_012180e0,green,0.779,31,2026-08-23 10:31:03,dashboard,,,,
4718,det_f4ba0c78,green,0.52,31,2026-08-23 10:30:58,dashboard,,,,
4717,det_63f89f26,green,0.778,31,2026-08-23 10:30:38,dashboard,,,,
4716,det_b02314cd,green,0.757,31,2026-08-23 10:30:06,dashboard,,,,
4715,det_33b7c7a5,breaker,0.656,29,2026-08-23 10:28:28,dashboard,,,,
4714,det_faa7cc8d,green,0.564,31,2026-08-23 10:27:59,dashboard,,,,
4713,det_058212cb,green,0.78,31,2026-08-23 10:27:24,dashboard,,,,
4712,det_21928222,red,0.696,12,2026-08-23 10:26:41,dashboard,,,,
4711,det_64c55389,green,0.739,31,2026-08-23 10:26:08,dashboard,,,,
4710,det_bccd0ea0,green,0.75,31,2026-08-23 10:25:00,dashboard,,,,
4709,det_425b1b20,turning,0.55,24,2026-08-23 07:16:20,dashboard,,,,
4708,det_c375d233,turning,0.491,24,2026-08-23 07:15:24,dashboard,,,,
4707,det_82ed3a89,red,0.735,12,2026-08-23 07:15:13,dashboard,,,,
4706,det_421d87e6,turning,0.507,24,2026-08-23 07:15:07,dashboard,,,,
4705,det_2d76d5c4,breaker,0.536,29,2026-08-23 07:14:48,dashboard,,,,
4704,det_20dd5b34,breaker,0.529,29,2026-08-23 07:14:41,dashboard,,,,
4703,det_92d76e91,green,0.781,31,2026-08-23 07:14:36,dashboard,,,,
4702,det_926b6788,turning,0.579,24,2026-08-23 07:14:27,dashboard,,,,
4701,det_e9364f9a,red,0.787,12,2026-08-23 07:11:46,dashboard,,,,
4700,det_e7198f55,turning,0.647,24,2026-08-23 07:11:35,dashboard,,,,
4699,det_1f531816,breaker,0.621,29,2026-08-23 07:11:21,dashboard,,,,
4698,det_4bf1fc36,green,0.742,31,2026-08-23 07:10:51,dashboard,,,,
4697,det_c92076e1,turning,0.482,24,2026-08-23 07:08:51,dashboard,,,,
4696,det_459acd4a,turning,0.497,24,2026-08-22 11:32:51,dashboard,,,,
4695,det_b6c6d4c0,breaker,0.539,29,2026-08-22 11:32:04,dashboard,,,,
4694,det_985d40e5,turning,0.533,24,2026-08-22 11:31:54,dashboard,,,,
4693,det_2da85337,breaker,0.545,29,2026-08-22 11:31:12,dashboard,,,,
4692,det_d89fd1eb,green,0.747,31,2026-08-22 11:31:06,dashboard,,,,
4691,det_74676e13,red,0.776,12,2026-08-22 11:30:54,dashboard,,,,
4690,det_816cb372,turning,0.749,24,2026-08-22 11:30:48,dashboard,,,,
4689,det_9c0befad,green,0.767,31,2026-08-22 11:30:30,dashboard,,,,
4688,det_fef7400a,green,0.575,31,2026-08-22 11:24:20,dashboard,,,,
4687,det_542a8d01,breaker,0.671,29,2026-08-22 10:09:30,dashboard,,,,
4686,det_138889e0,breaker,0.495,29,2026-08-22 10:09:27,dashboard,,,,
4685,det_8b83d45d,breaker,0.567,29,2026-08-22 10:09:09,dashboard,,,,
4684,det_5dc5bb3e,breaker,0.506,29,2026-08-22 10:09:05,dashboard,,,,
4683,det_4183b77b,red,0.531,12,2026-08-22 10:09:01,dashboard,,,,
4682,det_1b37df3c,green,0.585,31,2026-08-22 10:08:37,dashboard,,,,
4681,det_d826f7f6,turning,0.652,24,2026-08-22 10:08:31,dashboard,,,,
4680,det_b621fd66,turning,0.737,24,2026-08-22 10:08:16,dashboard,,,,
4679,det_2191e3df,turning,0.665,24,2026-08-22 10:07:39,dashboard,,,,
4678,det_2967f5d1,turning,0.62,24,2026-08-22 10:07:12,dashboard,,,,
4677,det_18236f4e,green,0.515,31,2026-08-22 10:06:51,dashboard,,,,
4676,det_bb61ceb9,green,0.493,31,2026-08-22 10:06:37,dashboard,,,,
4675,det_c90cd9f3,defect,0.83,0,2026-08-22 10:03:02,dashboard,,,,
4674,det_1aee407c,breaker,0.461,29,2026-08-22 10:02:56,dashboard,,,,
4673,det_f75782cb,red,0.747,12,2026-08-22 10:01:23,dashboard,,,,
4672,det_508ffa04,red,0.553,12,2026-08-22 10:00:51,dashboard,,,,
4671,det_3ae9e016,red,0.525,12,2026-08-22 10:00:11,dashboard,,,,
4670,det_2403292d,breaker,0.566,29,2026-08-22 10:00:04,dashboard,,,,
4669,det_9fe3ae06,green,0.563,31,2026-08-22 09:59:56,dashboard,,,,
4668,det_9a02e34a,green,0.572,31,2026-08-22 09:59:48,dashboard,,,,
4667,det_47991636,green,0.523,31,2026-08-22 09:32:32,dashboard,,,,
4666,det_2d8e529e,green,0.512,31,2026-08-22 09:26:41,dashboard,,,,
4665,det_981edc70,green,0.546,31,2026-08-22 09:24:32,dashboard,,,,
4664,det_a486819a,red,0.536,12,2026-08-22 09:24:19,dashboard,,,,
4663,det_47e3cef8,turning,0.56,24,2026-08-22 09:24:10,dashboard,,,,
4662,det_a05233ec,red,0.589,12,2026-08-22 09:23:41,dashboard,,,,
4661,det_2385ed2d,breaker,0.582,29,2026-08-22 09:23:26,dashboard,,,,
4660,det_cd1b4304,breaker,0.525,29,2026-08-22 09:23:20,dashboard,,,,
4659,det_b1c406b3,breaker,0.482,29,2026-08-22 09:23:12,dashboard,,,,
4658,det_01bb3dc2,green,0.573,31,2026-08-22 09:23:08,dashboard,,,,
4657,det_63fed75a,green,0.646,31,2026-08-22 09:22:41,dashboard,,,,
4656,det_15c376cf,turning,0.608,24,2026-08-22 09:22:07,dashboard,,,,
4655,det_ebec44f5,turning,0.616,24,2026-08-22 09:21:23,dashboard,,,,
4654,det_748eea84,turning,0.648,24,2026-08-22 09:21:01,dashboard,,,,
4653,det_9a22c410,turning,0.646,24,2026-08-22 09:20:24,dashboard,,,,
4652,det_d723eae8,turning,0.617,24,2026-08-22 09:20:16,dashboard,,,,
4651,det_31e1c593,breaker,0.503,29,2026-08-22 09:19:43,dashboard,,,,
4650,det_adc2e7b4,breaker,0.586,29,2026-08-22 09:19:38,dashboard,,,,
4649,det_7266cffb,red,0.505,12,2026-08-22 09:19:09,dashboard,,,,
4648,det_a5d51e32,green,0.523,31,2026-08-22 09:19:04,dashboard,,,,
4647,det_e7b40a08,red,0.785,12,2026-08-22 09:19:01,dashboard,,,,
4646,det_fa6d67d7,breaker,0.502,29,2026-08-22 09:18:55,dashboard,,,,
4645,det_e1c72b1a,breaker,0.5,29,2026-08-22 09:18:47,dashboard,,,,
4644,det_e56c655c,breaker,0.468,29,2026-08-22 09:18:43,dashboard,,,,
4643,det_9e6ed5d6,breaker,0.53,29,2026-08-22 09:18:36,dashboard,,,,
4642,det_7cf57b81,breaker,0.598,29,2026-08-22 09:18:32,dashboard,,,,
4641,det_f45afd01,red,0.785,12,2026-08-22 09:18:26,dashboard,,,,
4640,det_43775ad4,red,0.789,12,2026-08-22 09:18:15,dashboard,,,,
4639,det_60129f91,red,0.574,12,2026-08-22 08:48:40,dashboard,,,,
4638,det_14d123dd,red,0.587,12,2026-08-22 08:46:38,dashboard,,,,
4637,det_ee901ee3,red,0.59,12,2026-08-22 07:30:41,dashboard,,,,
4636,det_7e8c7a8c,breaker,0.514,29,2026-08-22 07:19:28,dashboard,,,,
4635,det_7ad580d1,green,0.628,31,2026-08-22 07:19:16,dashboard,,,,
4634,det_ac9fcffc,green,0.472,31,2026-08-22 07:19:08,dashboard,,,,
4633,det_db31eb90,breaker,0.705,29,2026-08-21 15:42:49,dashboard,,,,
4632,det_b81d0f27,turning,0.672,24,2026-08-21 15:42:33,dashboard,,,,
4631,det_f16b4f2f,red,0.665,12,2026-08-21 15:42:06,dashboard,,,,
4630,det_4bec6c51,breaker,0.692,29,2026-08-21 15:41:52,dashboard,,,,
4629,det_6a99579d,green,0.717,31,2026-08-21 15:41:37,dashboard,,,,
4628,det_126bba86,breaker,0.634,29,2026-08-21 15:40:12,dashboard,,,,
4627,det_75c5eb01,green,0.765,31,2026-08-21 15:39:28,dashboard,,,,
4626,det_c80099a7,red,0.74,12,2026-08-21 15:36:09,dashboard,,,,
4625,det_9ba0b41e,breaker,0.543,29,2026-08-21 15:35:39,dashboard,,,,
4624,det_bbd45df9,red,0.7,12,2026-08-21 15:35:24,dashboard,,,,
4623,det_3d1086a1,breaker,0.628,29,2026-08-21 15:35:09,dashboard,,,,
4622,det_855f5e74,green,0.739,31,2026-08-21 15:34:41,dashboard,,,,
4621,det_74a979a4,breaker,0.647,29,2026-08-21 15:33:45,dashboard,,,,
4620,det_94c6f851,red,0.578,12,2026-08-20 19:54:56,dashboard,,,,
4619,det_ac44ee84,red,0.75,12,2026-08-20 19:54:28,dashboard,,,,
4618,det_309ebf2e,red,0.74,12,2026-08-20 19:54:15,dashboard,,,,
4617,det_01d28d7b,turning,0.741,24,2026-08-20 19:53:59,dashboard,,,,
4616,det_7dbadce6,breaker,0.607,29,2026-08-20 19:53:45,dashboard,,,,
4615,det_573303f1,green,0.776,31,2026-08-20 19:53:30,dashboard,,,,
4614,det_cfa6f1a4,green,0.731,31,2026-08-20 19:52:04,dashboard,,,,
4613,det_737ed434,green,0.702,31,2026-08-20 19:50:38,dashboard,,,,
4612,det_5bd673b3,breaker,0.641,29,2026-08-20 19:50:08,dashboard,,,,
4611,det_fb5ca0a5,green,0.758,31,2026-08-20 19:49:54,dashboard,,,,
4610,det_59c400c1,red,0.662,12,2026-08-20 19:48:27,dashboard,,,,
4609,det_9f0be4b4,turning,0.818,24,2026-08-20 19:48:12,dashboard,,,,
4608,det_c61bb223,breaker,0.603,29,2026-08-20 19:47:59,dashboard,,,,
4607,det_dd06eeb7,green,0.767,31,2026-08-20 19:47:30,dashboard,,,,
4606,det_74a7d60b,red,0.646,12,2026-08-20 19:14:08,dashboard,,,,
4605,det_0887f71c,breaker,0.664,29,2026-08-20 19:13:54,dashboard,,,,
4604,det_44d7b48e,turning,0.743,24,2026-08-20 19:13:37,dashboard,,,,
4603,det_f6bd81ab,green,0.742,31,2026-08-20 19:12:56,dashboard,,,,
4602,det_f335e9f8,red,0.698,12,2026-08-20 18:49:12,dashboard,,,,
4601,det_dd5d4850,turning,0.692,24,2026-08-20 18:48:45,dashboard,,,,
4600,det_e1bd5b2b,breaker,0.615,29,2026-08-20 18:48:30,dashboard,,,,
4599,det_2860d261,turning,0.804,24,2026-08-20 18:48:16,dashboard,,,,
4598,det_5743d394,red,0.658,12,2026-08-20 18:48:03,dashboard,,,,
4597,det_c27e1a22,turning,0.772,24,2026-08-20 18:47:46,dashboard,,,,
4596,det_c9ce1c82,green,0.64,31,2026-08-20 18:47:18,dashboard,,,,
4595,det_9dd29f2d,green,0.729,31,2026-08-20 18:47:06,dashboard,,,,
4594,det_47c0faa7,breaker,0.698,29,2026-08-20 18:43:27,dashboard,,,,
4593,det_fb16b881,red,0.641,12,2026-08-20 18:43:16,dashboard,,,,
4592,det_dcd9b5b1,turning,0.63,24,2026-08-20 18:43:00,dashboard,,,,
4591,det_5ff579e3,green,0.742,31,2026-08-20 18:42:46,dashboard,,,,
4590,det_62dd1b8e,green,0.788,31,2026-08-20 18:41:33,dashboard,,,,
4589,det_b6c8c825,breaker,0.522,29,2026-08-20 18:40:22,dashboard,,,,
4588,det_f68d774b,turning,0.755,24,2026-08-20 18:40:07,dashboard,,,,
4587,det_652fb24f,green,0.609,31,2026-08-20 18:39:51,dashboard,,,,
4586,det_6d3b5c0e,green,0.686,31,2026-08-20 18:39:11,dashboard,,,,
4585,det_811658c6,red,0.713,12,2026-08-20 18:32:10,dashboard,,,,
4584,det_ba1ee0ac,turning,0.732,24,2026-08-20 18:31:58,dashboard,,,,
4583,det_b1f7819b,turning,0.484,24,2026-08-20 18:31:45,dashboard,,,,
4582,det_b1cddefd,green,0.768,31,2026-08-20 18:31:30,dashboard,,,,
4581,det_fd25bfd9,green,0.675,31,2026-08-20 18:30:48,dashboard,,,,
4580,det_2ce15c87,green,0.772,31,2026-08-20 18:20:41,dashboard,,,,
4579,det_5ee3a606,red,0.811,12,2026-08-20 17:35:47,dashboard,,,,
4578,det_23710ae8,turning,0.67,24,2026-08-20 17:35:20,dashboard,,,,
4577,det_bd51bc43,breaker,0.568,29,2026-08-20 17:34:52,dashboard,,,,
4576,det_9a0aa618,green,0.734,31,2026-08-20 17:34:20,dashboard,,,,
4575,det_0596c784,green,0.745,31,2026-08-20 17:33:23,dashboard,,,,
4574,det_0acce780,red,0.755,12,2026-08-20 16:55:45,dashboard,,,,
4573,det_4af4837f,turning,0.635,24,2026-08-20 16:55:19,dashboard,,,,
4572,det_8e9db239,breaker,0.623,29,2026-08-20 16:54:49,dashboard,,,,
4571,det_b634c3f9,green,0.588,31,2026-08-20 16:53:50,dashboard,,,,
4570,det_55f77d80,turning,0.6,24,2026-08-20 16:53:21,dashboard,,,,
4569,det_95970d4e,red,0.692,12,2026-08-20 16:52:54,dashboard,,,,
4568,det_ab5e3978,green,0.762,31,2026-08-20 16:51:29,dashboard,,,,
4567,det_4d0a3b37,green,0.746,31,2026-08-20 16:50:58,dashboard,,,,
4566,det_73c79b84,green,0.756,31,2026-08-20 16:50:01,dashboard,,,,
4565,det_2a0c2b93,green,0.708,31,2026-08-20 16:46:16,dashboard,,,,
4564,det_3228aab9,red,0.669,12,2026-08-20 16:17:20,dashboard,,,,
4563,det_f0f5535f,turning,0.732,24,2026-08-20 16:16:50,dashboard,,,,
4562,det_34ceb685,breaker,0.632,29,2026-08-20 16:15:24,dashboard,,,,
4561,det_d530e9cd,green,0.749,31,2026-08-20 16:14:28,dashboard,,,,
4560,det_d8a8407e,green,0.724,31,2026-08-20 16:13:30,dashboard,,,,
4559,det_67ba6da5,green,0.765,31,2026-08-20 13:56:45,dashboard,,,,
4558,det_f7c630c0,green,0.721,31,2026-08-20 13:56:08,dashboard,,,,
4557,det_f443d9fd,green,0.654,31,2026-08-20 13:54:14,dashboard,,,,
4556,det_4b50166b,red,0.719,12,2026-08-20 13:50:23,dashboard,,,,
4555,det_e80b83ed,red,0.653,12,2026-08-20 13:50:04,dashboard,,,,
4554,det_b6e0eb25,red,0.61,12,2026-08-20 13:49:48,dashboard,,,,
4553,det_f3766e29,red,0.639,12,2026-08-20 13:49:29,dashboard,,,,
4552,det_e272ca1e,red,0.678,12,2026-08-20 13:48:52,dashboard,,,,
4551,det_3602c7d6,turning,0.597,24,2026-08-20 13:48:14,dashboard,,,,
4550,det_3fb95dc2,breaker,0.517,29,2026-08-20 13:47:37,dashboard,,,,
4549,det_741b961d,green,0.693,31,2026-08-20 13:46:22,dashboard,,,,
4548,det_5606969c,green,0.636,31,2026-08-20 13:45:45,dashboard,,,,
4547,det_86e5bd64,turning,0.703,24,2026-08-20 13:44:50,dashboard,,,,
4546,det_1ad21fcb,turning,0.562,24,2026-08-20 13:44:31,dashboard,,,,
4545,det_84b120a9,turning,0.627,24,2026-08-20 13:43:54,dashboard,,,,
4544,det_7f22c8fe,turning,0.677,24,2026-08-20 13:41:23,dashboard,,,,
4543,det_1f1b0c6c,green,0.632,31,2026-08-20 13:40:52,dashboard,,,,
4542,det_386663d9,green,0.777,31,2026-08-20 13:39:40,dashboard,,,,
4541,det_024003ae,green,0.759,31,2026-08-20 13:38:43,dashboard,,,,
4540,det_7e094bd5,green,0.691,31,2026-08-20 13:37:46,dashboard,,,,
4539,det_349d5567,breaker,0.577,29,2026-08-20 13:37:16,dashboard,,,,
4538,det_b63b699d,breaker,0.577,29,2026-08-20 13:36:49,dashboard,,,,
4537,det_49439f66,breaker,0.519,29,2026-08-20 13:36:15,dashboard,,,,
4536,det_987f635e,green,0.731,31,2026-08-20 13:35:30,dashboard,,,,
4535,det_09824ba1,green,0.58,31,2026-08-20 13:34:48,dashboard,,,,
4534,det_57ee5ad1,breaker,0.625,29,2026-08-20 13:33:31,dashboard,,,,
4533,det_4107d523,green,0.604,31,2026-08-20 13:32:42,dashboard,,,,
4532,det_d0752947,breaker,0.657,29,2026-08-20 13:32:13,dashboard,,,,
4531,det_ab1cbe04,green,0.708,31,2026-08-20 13:30:46,dashboard,,,,
4530,det_d9764e96,green,0.781,31,2026-08-20 13:29:19,dashboard,,,,
4529,det_446fa1f8,green,0.557,31,2026-08-20 13:28:31,dashboard,,,,
4528,det_6ee1b496,turning,0.695,24,2026-08-20 13:25:32,dashboard,,,,
4527,det_b1c5eced,turning,0.658,24,2026-08-20 13:25:02,dashboard,,,,
4526,det_e930e4a7,defect,0.853,0,2026-08-20 13:24:34,dashboard,,,,
4525,det_ea9f97c7,red,0.697,12,2026-08-20 13:22:36,dashboard,,,,
4524,det_3ef03ba3,turning,0.815,24,2026-08-20 13:22:07,dashboard,,,,
4523,det_315fbaab,breaker,0.661,29,2026-08-20 13:21:41,dashboard,,,,
4522,det_c5cf72ab,green,0.605,31,2026-08-20 13:21:12,dashboard,,,,
4521,det_2f4d5c6f,green,0.747,31,2026-08-20 13:20:43,dashboard,,,,
4520,det_92561ee2,green,0.544,31,2026-08-20 13:19:44,dashboard,,,,
4519,det_f9b67477,red,0.664,12,2026-08-19 19:09:19,dashboard,,,,
4518,det_63694431,turning,0.692,24,2026-08-19 19:08:51,dashboard,,,,
4517,det_d0310755,red,0.79,12,2026-08-19 19:07:56,dashboard,,,,
4516,det_e04a6333,breaker,0.555,29,2026-08-19 19:07:24,dashboard,,,,
4515,det_1c156f11,breaker,0.707,29,2026-08-19 19:06:26,dashboard,,,,
4514,det_db77f3ee,defect,0.837,0,2026-08-19 19:03:24,dashboard,,,,
4513,det_29320820,red,0.629,12,2026-08-19 19:03:01,dashboard,,,,
4512,det_2ba614c7,turning,0.675,24,2026-08-19 19:02:34,dashboard,,,,
4511,det_8bb1a818,breaker,0.665,29,2026-08-19 19:02:03,dashboard,,,,
4510,det_2f229cee,green,0.769,31,2026-08-19 19:00:09,dashboard,,,,
4509,det_2a2e79b7,red,0.68,12,2026-08-19 18:59:11,dashboard,,,,
4508,det_b3317ea0,breaker,0.579,29,2026-08-19 18:58:43,dashboard,,,,
4507,det_79002906,breaker,0.63,29,2026-08-19 18:58:13,dashboard,,,,
4506,det_9f3b5d06,turning,0.63,24,2026-08-19 18:53:55,dashboard,,,,
4505,det_ce248c82,red,0.784,12,2026-08-19 18:53:27,dashboard,,,,
4504,det_ad30c607,breaker,0.559,29,2026-08-19 18:52:43,dashboard,,,,
4503,det_d442584a,red,0.792,12,2026-08-19 18:52:30,dashboard,,,,
4502,det_39308191,breaker,0.654,29,2026-08-19 18:51:00,dashboard,,,,
4501,det_a9217c8b,defect,0.844,0,2026-08-19 18:50:25,dashboard,,,,
4500,det_78b19579,breaker,0.684,29,2026-08-19 18:49:34,dashboard,,,,
4499,det_5eae8370,red,0.729,12,2026-08-19 18:49:08,dashboard,,,,
4498,det_c5dcbec8,turning,0.609,24,2026-08-19 18:48:38,dashboard,,,,
4497,det_c30eff72,red,0.527,12,2026-08-19 18:47:48,dashboard,,,,
4496,det_42507b20,red,0.636,12,2026-08-19 18:47:42,dashboard,,,,
4495,det_632f4739,turning,0.646,24,2026-08-19 18:46:13,dashboard,,,,
4494,det_6741a586,green,0.617,31,2026-08-19 18:45:18,dashboard,,,,
4493,det_192c9367,turning,0.595,24,2026-08-19 18:43:23,dashboard,,,,
4492,det_f339a937,red,0.592,12,2026-08-19 18:43:09,dashboard,,,,
4491,det_34851fa1,turning,0.635,24,2026-08-19 18:41:42,dashboard,,,,
4490,det_deb399c0,red,0.791,12,2026-08-19 18:41:15,dashboard,,,,
4489,det_67b0643c,turning,0.661,24,2026-08-19 18:40:51,dashboard,,,,
4488,det_3e7bbc62,breaker,0.729,29,2026-08-19 18:40:26,dashboard,,,,
4487,det_b965869e,green,0.746,31,2026-08-19 18:39:58,dashboard,,,,
4486,det_cb5fe6bc,turning,0.689,24,2026-08-19 18:38:43,dashboard,,,,
4485,det_08196d0a,breaker,0.633,29,2026-08-19 18:37:02,dashboard,,,,
4484,det_6b7b7661,green,0.643,31,2026-08-19 18:36:32,dashboard,,,,
4483,det_5b9c4bbc,green,0.596,31,2026-08-19 18:34:27,dashboard,,,,
4482,det_7fbfdfe7,green,0.752,31,2026-08-19 18:29:31,dashboard,,,,
4481,det_5a729738,green,0.555,31,2026-08-19 18:29:11,dashboard,,,,
4480,det_7fde9dd7,red,0.79,12,2026-08-19 18:28:37,dashboard,,,,
4479,det_e24225ec,defect,0.848,0,2026-08-19 18:27:53,dashboard,,,,
4478,det_85884d35,red,0.732,12,2026-08-19 18:27:35,dashboard,,,,
4477,det_50cc9693,red,0.728,12,2026-08-19 18:27:10,dashboard,,,,
4476,det_4b24c97a,turning,0.626,24,2026-08-19 18:26:40,dashboard,,,,
4475,det_ceb180da,breaker,0.724,29,2026-08-19 18:26:11,dashboard,,,,
4474,det_1f105f43,green,0.566,31,2026-08-19 18:25:31,dashboard,,,,
4473,det_13739ab0,green,0.633,31,2026-08-19 18:24:47,dashboard,,,,
4472,det_a1d77307,green,0.732,31,2026-08-19 18:24:19,dashboard,,,,
4471,det_6e095f79,green,0.582,31,2026-08-19 18:17:35,dashboard,,,,
4470,det_cf1e6a76,breaker,0.573,29,2026-08-19 18:14:14,dashboard,,,,
4469,det_35f8ae6a,red,0.719,12,2026-08-19 18:13:16,dashboard,,,,
4468,det_a8149071,turning,0.578,24,2026-08-19 18:12:48,dashboard,,,,
4467,det_b444ff3d,breaker,0.656,29,2026-08-19 18:11:50,dashboard,,,,
4466,det_2a785087,green,0.546,31,2026-08-19 18:10:45,dashboard,,,,
4465,det_d4eb42f1,green,0.753,31,2026-08-19 18:00:24,dashboard,,,,
4464,det_23385ed1,green,0.771,31,2026-08-19 17:59:26,dashboard,,,,
4463,det_47e4ff5c,green,0.579,31,2026-08-19 17:58:39,dashboard,,,,
4462,det_5fd5d0ad,green,0.773,31,2026-08-19 17:57:46,dashboard,,,,
4461,det_e80d0cd6,green,0.57,31,2026-08-19 17:57:23,dashboard,,,,
4460,det_eb8b3647,green,0.636,31,2026-08-19 17:57:11,dashboard,,,,
4459,det_d2b5f867,green,0.753,31,2026-08-19 17:55:50,dashboard,,,,
4458,det_ae6f9796,green,0.727,31,2026-08-19 17:51:30,dashboard,,,,
4457,det_9f17c876,green,0.765,31,2026-08-19 17:49:42,dashboard,,,,
4456,det_40284de6,green,0.551,31,2026-08-19 17:48:14,dashboard,,,,
4455,det_b37a9408,green,0.772,31,2026-08-19 17:47:44,dashboard,,,,
4454,det_d54d016d,defect,0.824,0,2026-08-19 17:26:41,dashboard,,,,
4453,det_fe79cbdd,red,0.79,12,2026-08-19 17:26:32,dashboard,,,,
4452,det_c09fb321,turning,0.604,24,2026-08-19 17:26:23,dashboard,,,,
4451,det_dd024d50,breaker,0.648,29,2026-08-19 17:26:15,dashboard,,,,
4450,det_770eee20,green,0.767,31,2026-08-19 17:26:08,dashboard,,,,
4449,det_ef436fa9,defect,0.841,0,2026-08-19 17:25:03,dashboard,,,,
4448,det_bab81946,red,0.696,12,2026-08-19 17:24:40,dashboard,,,,
4447,det_07b3ca6f,turning,0.578,24,2026-08-19 17:24:25,dashboard,,,,
4446,det_7b4643b1,breaker,0.57,29,2026-08-19 17:24:17,dashboard,,,,
4445,det_88b9601f,breaker,0.72,29,2026-08-19 17:23:55,dashboard,,,,
4444,det_39cb0020,green,0.505,31,2026-08-19 17:21:39,dashboard,,,,
4443,det_af12cdf4,green,0.507,31,2026-08-19 17:21:32,dashboard,,,,
4442,det_1ebca321,green,0.62,31,2026-08-19 17:13:14,dashboard,,,,
4441,det_0145a5f8,green,0.519,31,2026-08-19 17:13:05,dashboard,,,,
4440,det_ab881c67,green,0.626,31,2026-08-19 17:13:01,dashboard,,,,
4439,det_2cda3d22,green,0.545,31,2026-08-19 17:09:17,dashboard,,,,
4438,det_2660a4cf,green,0.586,31,2026-08-19 17:08:54,dashboard,,,,
4437,det_711ea8bb,green,0.636,31,2026-08-19 17:08:23,dashboard,,,,
4436,det_45c71519,green,0.552,31,2026-08-19 17:05:47,dashboard,,,,
4435,det_61ac99c5,green,0.76,31,2026-08-18 16:28:16,dashboard,,,,
4434,det_86527ecf,turning,0.56,24,2026-08-18 16:27:46,dashboard,,,,
4433,det_8f46a9b8,breaker,0.549,29,2026-08-18 16:27:17,dashboard,,,,
4432,det_86340f1b,green,0.771,31,2026-08-18 16:26:48,dashboard,,,,
4431,det_46011441,turning,0.562,24,2026-08-18 16:26:19,dashboard,,,,
4430,det_16fab023,breaker,0.526,29,2026-08-18 16:25:49,dashboard,,,,
4429,det_b6ded0e0,breaker,0.62,29,2026-08-18 16:25:20,dashboard,,,,
4428,det_73727c3d,turning,0.656,24,2026-08-18 16:24:51,dashboard,,,,
4427,det_f88d673c,breaker,0.526,29,2026-08-18 16:24:22,dashboard,,,,
4426,det_86df9636,breaker,0.65,29,2026-08-18 16:23:53,dashboard,,,,
4425,det_40e3668b,breaker,0.685,29,2026-08-18 16:23:24,dashboard,,,,
4424,det_0a341abc,breaker,0.548,29,2026-08-18 16:22:55,dashboard,,,,
4423,det_2629f373,green,0.774,31,2026-08-18 16:22:27,dashboard,,,,
4422,det_bc51aca4,green,0.699,31,2026-08-18 16:21:56,dashboard,,,,
4421,det_303e6c03,green,0.752,31,2026-08-18 16:21:28,dashboard,,,,
4420,det_2233366e,green,0.737,31,2026-08-18 16:20:59,dashboard,,,,
4419,det_9430020b,green,0.748,31,2026-08-18 14:59:42,dashboard,,,,
4418,det_4586dc7d,red,0.626,12,2026-08-18 14:57:59,dashboard,,,,
4417,det_c729aa3d,breaker,0.671,29,2026-08-18 14:56:32,dashboard,,,,
4416,det_82b5053a,breaker,0.662,29,2026-08-18 14:56:03,dashboard,,,,
4415,det_1777683d,breaker,0.587,29,2026-08-18 14:55:20,dashboard,,,,
4414,det_092a0414,green,0.749,31,2026-08-18 14:53:51,dashboard,,,,
4413,det_77f65f62,green,0.606,31,2026-08-18 14:53:20,dashboard,,,,
4412,det_f3219df3,green,0.616,31,2026-08-18 14:52:54,dashboard,,,,
4411,det_3455d26f,turning,0.612,24,2026-08-18 14:52:10,dashboard,,,,
4410,det_285ccccc,turning,0.681,24,2026-08-18 14:51:40,dashboard,,,,
4409,det_5ad1fea1,breaker,0.568,29,2026-08-18 14:50:57,dashboard,,,,
4408,det_612ea9a8,breaker,0.689,29,2026-08-18 14:50:42,dashboard,,,,
4407,det_f580ef54,red,0.667,12,2026-08-18 14:50:14,dashboard,,,,
4406,det_e3792031,green,0.665,31,2026-08-18 14:49:44,dashboard,,,,
4405,det_85797474,breaker,0.563,29,2026-08-18 14:49:15,dashboard,,,,
4404,det_dd8bd797,breaker,0.597,29,2026-08-18 14:48:46,dashboard,,,,
4403,det_8ab0e51e,green,0.779,31,2026-08-18 14:47:47,dashboard,,,,
4402,det_d86bab88,green,0.77,31,2026-08-18 14:47:19,dashboard,,,,
4401,det_4011ebf3,breaker,0.599,29,2026-08-18 14:19:30,dashboard,,,,
4400,det_47e3f1ce,green,0.758,31,2026-08-18 14:18:57,dashboard,,,,
4399,det_a369e405,green,0.72,31,2026-08-18 14:18:08,dashboard,,,,
4398,det_a7f40533,breaker,0.532,29,2026-08-18 14:17:37,dashboard,,,,
4397,det_6e212c19,breaker,0.557,29,2026-08-18 14:17:04,dashboard,,,,
4396,det_00a1c37c,green,0.601,31,2026-08-18 14:16:29,dashboard,,,,
4395,det_c0c7d267,green,0.701,31,2026-08-18 14:16:00,dashboard,,,,
4394,det_cfe27ef7,breaker,0.565,29,2026-08-18 14:08:56,dashboard,,,,
4393,det_9400e7ff,turning,0.61,24,2026-08-18 14:08:39,dashboard,,,,
4392,det_4d38ff24,turning,0.505,24,2026-08-18 14:08:07,dashboard,,,,
4391,det_57e810ab,green,0.735,31,2026-08-18 14:07:02,dashboard,,,,
4390,det_f8744e87,green,0.641,31,2026-08-18 14:06:30,dashboard,,,,
4389,det_449ba336,red,0.594,12,2026-08-18 14:05:40,dashboard,,,,
4388,det_6b984022,green,0.601,31,2026-08-18 14:04:28,dashboard,,,,
4387,det_77561f60,green,0.706,31,2026-08-18 14:04:05,dashboard,,,,
4386,det_e42b51b9,green,0.654,31,2026-08-18 14:03:33,dashboard,,,,
4385,det_40a7f8b9,green,0.545,31,2026-08-18 14:02:33,dashboard,,,,
4384,det_82203ba6,breaker,0.585,29,2026-08-18 14:02:25,dashboard,,,,
4383,det_a83d015f,green,0.679,31,2026-08-18 14:01:53,dashboard,,,,
4382,det_41fc8152,green,0.523,31,2026-08-18 14:00:51,dashboard,,,,
4381,det_856f1204,green,0.647,31,2026-08-18 13:17:33,dashboard,,,,
4380,det_ce3716ee,green,0.743,31,2026-08-18 13:17:00,dashboard,,,,
4379,det_3acedd35,green,0.73,31,2026-08-18 13:16:26,dashboard,,,,
4378,det_d0c4aea9,breaker,0.7,29,2026-08-18 13:15:56,dashboard,,,,
4377,det_046ff2b9,turning,0.503,24,2026-08-18 13:15:55,dashboard,,,,
4376,det_6ae7cb8f,breaker,0.688,29,2026-08-18 13:14:33,dashboard,,,,
4375,det_2b23f351,green,0.77,31,2026-08-18 13:13:29,dashboard,,,,
4374,det_9e2ab25e,green,0.536,31,2026-08-18 13:13:08,dashboard,,,,
4373,det_a5288b30,green,0.578,31,2026-08-18 13:12:21,dashboard,,,,
4372,det_4d392731,green,0.674,31,2026-08-18 13:12:20,dashboard,,,,
4371,det_ac622502,green,0.634,31,2026-08-18 13:12:10,dashboard,,,,
4370,det_0e102f34,green,0.762,31,2026-08-18 13:11:51,dashboard,,,,
4369,det_3a51fc51,breaker,0.611,29,2026-08-18 13:11:20,dashboard,,,,
4368,det_1674a6c2,green,0.78,31,2026-08-18 13:10:47,dashboard,,,,
4367,det_fee623fe,green,0.607,31,2026-08-18 13:10:17,dashboard,,,,
4366,det_cc003788,green,0.673,31,2026-08-18 13:10:10,dashboard,,,,
4365,det_405f0b8c,green,0.584,31,2026-08-18 13:09:44,dashboard,,,,
4364,det_09d4bac4,breaker,0.73,29,2026-08-18 13:09:25,dashboard,,,,
4363,det_76301386,green,0.632,31,2026-08-18 13:08:54,dashboard,,,,
4362,det_ad4ff407,green,0.613,31,2026-08-18 13:08:45,dashboard,,,,
4361,det_c2e9b46a,breaker,0.547,29,2026-08-18 13:08:21,dashboard,,,,
4360,det_0501b6fd,breaker,0.557,29,2026-08-18 12:51:27,dashboard,,,,
4359,det_0c4bf67d,green,0.764,31,2026-08-18 12:51:11,dashboard,,,,
4358,det_e8cc492c,green,0.657,31,2026-08-18 12:50:40,dashboard,,,,
4357,det_08ee83eb,green,0.532,31,2026-08-18 12:50:39,dashboard,,,,
4356,det_33732e4e,breaker,0.669,29,2026-08-18 12:50:22,dashboard,,,,
4355,det_b8c440e2,red,0.606,12,2026-08-18 12:49:50,dashboard,,,,
4354,det_76ee99e7,green,0.769,31,2026-08-18 12:49:17,dashboard,,,,
4353,det_08bc9f65,green,0.742,31,2026-08-18 12:48:45,dashboard,,,,
4352,det_242099e6,green,0.706,31,2026-08-18 12:48:28,dashboard,,,,
4351,det_560a90d0,red,0.61,12,2026-08-18 12:47:56,dashboard,,,,
4350,det_c397a068,green,0.642,31,2026-08-18 12:47:23,dashboard,,,,
4349,det_5a0eb2a2,red,0.71,12,2026-08-18 12:43:28,dashboard,,,,
4348,det_f8162c8b,green,0.762,31,2026-08-18 12:42:55,dashboard,,,,
4347,det_c88b4582,turning,0.623,24,2026-08-18 12:42:23,dashboard,,,,
4346,det_bb334173,green,0.777,31,2026-08-18 12:41:50,dashboard,,,,
4345,det_ffdb773c,red,0.646,12,2026-08-18 12:40:19,dashboard,,,,
4344,det_f54fc847,turning,0.58,24,2026-08-18 12:39:47,dashboard,,,,
4343,det_d65b65e7,green,0.764,31,2026-08-18 12:39:15,dashboard,,,,
4342,det_e8de82ea,green,0.793,31,2026-08-17 17:22:41,dashboard,,,,
4341,det_ca18ef8b,breaker,0.662,29,2026-08-17 17:22:08,dashboard,,,,
4340,det_4076f5c9,green,0.534,31,2026-08-17 17:21:59,dashboard,,,,
4339,det_897df392,breaker,0.604,29,2026-08-17 17:21:18,dashboard,,,,
4338,det_46173c44,turning,0.571,24,2026-08-17 17:20:48,dashboard,,,,
4337,det_d5e56ed1,green,0.761,31,2026-08-17 17:20:30,dashboard,,,,
4336,det_87a28b38,breaker,0.457,29,2026-08-17 17:20:00,dashboard,,,,
4335,det_8d648ea5,green,0.754,31,2026-08-17 17:19:42,dashboard,,,,
4334,det_1e630a80,red,0.724,12,2026-08-17 17:19:26,dashboard,,,,
4333,det_a8862259,red,0.66,12,2026-08-17 17:19:09,dashboard,,,,
4332,det_9cee5d6b,turning,0.475,24,2026-08-17 17:19:08,dashboard,,,,
4331,det_7a1a60ff,turning,0.594,24,2026-08-17 17:18:37,dashboard,,,,
4330,det_0b6bbad3,breaker,0.603,29,2026-08-17 17:18:10,dashboard,,,,
4329,det_fac4e2dd,green,0.667,31,2026-08-17 17:17:50,dashboard,,,,
4328,det_d8eeebfa,green,0.741,31,2026-08-17 17:17:33,dashboard,,,,
4327,det_72dd66e7,green,0.521,31,2026-08-17 17:17:11,dashboard,,,,
4326,det_990400d7,green,0.71,31,2026-08-17 17:17:01,dashboard,,,,
4325,det_11361ec3,red,0.665,12,2026-08-17 17:16:44,dashboard,,,,
4324,det_5400da39,breaker,0.575,29,2026-08-17 17:16:12,dashboard,,,,
4323,det_49b658e3,green,0.739,31,2026-08-17 17:15:40,dashboard,,,,
4322,det_71d34b19,green,0.758,31,2026-08-17 17:15:22,dashboard,,,,
4321,det_29577c8c,green,0.736,31,2026-08-17 17:15:09,dashboard,,,,
4320,det_30eb2965,red,0.725,12,2026-08-17 17:14:35,dashboard,,,,
4319,det_bf9053d8,green,0.756,31,2026-08-17 17:14:03,dashboard,,,,
4318,det_9eece8e0,breaker,0.585,29,2026-08-17 17:13:31,dashboard,,,,
4317,det_8a1e9659,green,0.785,31,2026-08-17 17:12:58,dashboard,,,,
4316,det_fc0452c6,breaker,0.581,29,2026-08-17 16:52:40,dashboard,,,,
4315,det_068f3aa1,green,0.518,31,2026-08-17 16:52:13,dashboard,,,,
4314,det_e1adf1db,red,0.63,12,2026-08-17 16:51:55,dashboard,,,,
4313,det_924d5f55,breaker,0.593,29,2026-08-17 16:51:23,dashboard,,,,
4312,det_62a35a75,green,0.751,31,2026-08-17 16:50:51,dashboard,,,,
4311,det_ef40ecfd,green,0.749,31,2026-08-17 16:50:19,dashboard,,,,
4310,det_7541217a,green,0.778,31,2026-08-17 16:33:49,dashboard,,,,
4309,det_6f551a4c,turning,0.602,24,2026-08-17 16:33:17,dashboard,,,,
4308,det_b156d1ab,green,0.778,31,2026-08-17 16:32:44,dashboard,,,,
4307,det_9d4a7ab1,red,0.658,12,2026-08-17 16:32:11,dashboard,,,,
4306,det_03cbba9f,breaker,0.598,29,2026-08-17 16:31:39,dashboard,,,,
4305,det_f2310527,breaker,0.645,29,2026-08-17 16:31:07,dashboard,,,,
4304,det_c5565555,green,0.772,31,2026-08-17 16:30:35,dashboard,,,,
4303,det_2b35a63a,green,0.732,31,2026-08-17 16:30:04,dashboard,,,,
4302,det_e9ddc5e8,green,0.754,31,2026-08-17 15:59:52,dashboard,,,,
4301,det_fe5949af,red,0.649,12,2026-08-17 15:59:34,dashboard,,,,
4300,det_b4acba01,turning,0.623,24,2026-08-17 15:59:03,dashboard,,,,
4299,det_69ca3b58,turning,0.698,24,2026-08-17 15:58:46,dashboard,,,,
4298,det_05b8fe87,breaker,0.646,29,2026-08-17 15:58:13,dashboard,,,,
4297,det_cfec5a4b,breaker,0.6,29,2026-08-17 15:58:12,dashboard,,,,
4296,det_56b2de2e,green,0.76,31,2026-08-17 15:57:41,dashboard,,,,
4295,det_a6e3d7d6,green,0.776,31,2026-08-17 15:57:09,dashboard,,,,
4294,det_cbf96b62,green,0.65,31,2026-08-17 15:24:37,dashboard,,,,
4293,det_afac6c1a,breaker,0.607,29,2026-08-17 15:21:23,dashboard,,,,
4292,det_66e38327,breaker,0.557,29,2026-08-17 15:20:34,dashboard,,,,
4291,det_5daf7e73,breaker,0.594,29,2026-08-17 15:20:33,dashboard,,,,
4290,det_6b38b7a6,green,0.746,31,2026-08-17 15:20:01,dashboard,,,,
4289,det_612acab8,breaker,0.62,29,2026-08-17 15:06:53,dashboard,,,,
4288,det_42081dad,green,0.7,31,2026-08-17 15:06:21,dashboard,,,,
4287,det_c0524ffb,green,0.663,31,2026-08-17 15:05:31,dashboard,,,,
4286,det_323ba42c,green,0.727,31,2026-08-17 15:04:59,dashboard,,,,
4285,det_a4786e7d,breaker,0.635,29,2026-08-17 15:04:11,dashboard,,,,
4284,det_80ca8dbd,green,0.715,31,2026-08-17 15:02:56,dashboard,,,,
4283,det_100d2b65,green,0.593,31,2026-08-16 14:08:31,dashboard,,,,
4282,det_a1e19f2c,green,0.753,31,2026-08-16 14:08:10,dashboard,,,,
4281,det_85fa3417,green,0.729,31,2026-08-16 14:07:38,dashboard,,,,
4280,det_efe779d7,turning,0.763,24,2026-08-16 14:07:23,dashboard,,,,
4279,det_d849dcb0,green,0.775,31,2026-08-16 14:07:06,dashboard,,,,
4278,det_c20bfce1,red,0.741,12,2026-08-16 14:03:51,dashboard,,,,
4277,det_e2236c03,red,0.602,12,2026-08-16 14:03:50,dashboard,,,,
4276,det_6e714fcb,turning,0.721,24,2026-08-16 14:03:02,dashboard,,,,
4275,det_e1b1b257,turning,0.639,24,2026-08-16 14:02:30,dashboard,,,,
4274,det_af235ec3,green,0.761,31,2026-08-16 14:01:59,dashboard,,,,
4273,det_f3fab627,green,0.751,31,2026-08-16 14:01:43,dashboard,,,,
4272,det_4b498e89,red,0.582,12,2026-08-16 14:01:26,dashboard,,,,
4271,det_8bc89a3a,turning,0.488,24,2026-08-16 14:00:55,dashboard,,,,
4270,det_d9d068e6,turning,0.692,24,2026-08-16 14:00:38,dashboard,,,,
4269,det_e265497d,red,0.743,12,2026-08-16 14:00:22,dashboard,,,,
4268,det_7c0816d3,red,0.591,12,2026-08-16 14:00:04,dashboard,,,,
4267,det_099cc509,green,0.753,31,2026-08-16 13:59:32,dashboard,,,,
4266,det_4f9de642,green,0.771,31,2026-08-16 13:59:01,dashboard,,,,
4265,det_74178308,green,0.791,31,2026-08-16 13:58:28,dashboard,,,,
4264,det_005659ca,green,0.763,31,2026-08-16 13:15:24,dashboard,,,,
4263,det_39afab90,green,0.765,31,2026-08-16 13:14:18,dashboard,,,,
4262,det_e1cce3b1,green,0.757,31,2026-08-16 13:13:45,dashboard,,,,
4261,det_711ce9c4,red,0.655,12,2026-08-16 13:12:58,dashboard,,,,
4260,det_98080ece,turning,0.714,24,2026-08-16 13:12:25,dashboard,,,,
4259,det_72a9b5a3,green,0.757,31,2026-08-16 13:11:22,dashboard,,,,
4258,det_de821abf,green,0.771,31,2026-08-16 13:10:17,dashboard,,,,
4257,det_7745a9f7,green,0.782,31,2026-08-16 13:09:43,dashboard,,,,
4256,det_98241689,green,0.778,31,2026-08-16 13:08:40,dashboard,,,,
4255,det_3280f218,green,0.743,31,2026-08-16 13:08:08,dashboard,,,,
4254,det_6c0652ea,turning,0.777,24,2026-08-16 13:00:48,dashboard,,,,
4253,det_9f0b89bb,green,0.765,31,2026-08-16 13:00:16,dashboard,,,,
4252,det_03c957e3,green,0.582,31,2026-08-16 12:59:38,dashboard,,,,
4251,det_b6f746a3,turning,0.765,24,2026-08-16 12:59:11,dashboard,,,,
4250,det_4962b6a4,red,0.737,12,2026-08-16 12:58:39,dashboard,,,,
4249,det_d7d36ae4,green,0.611,31,2026-08-16 12:58:16,dashboard,,,,
4248,det_13944f84,green,0.582,31,2026-08-16 12:57:47,dashboard,,,,
4247,det_4e065148,green,0.591,31,2026-08-16 12:57:22,dashboard,,,,
4246,det_d8117c26,green,0.758,31,2026-08-16 12:57:02,dashboard,,,,
4245,det_a28fa5e9,green,0.764,31,2026-08-16 12:56:14,dashboard,,,,
4244,det_137edc10,green,0.764,31,2026-08-16 11:52:29,dashboard,,,,
4243,det_b837ac91,green,0.77,31,2026-08-16 11:48:52,dashboard,,,,
4242,det_a98dfbd5,green,0.782,31,2026-08-16 11:48:17,dashboard,,,,
4241,det_a0df39ac,green,0.774,31,2026-08-16 11:47:44,dashboard,,,,
4240,det_25b5a000,red,0.546,12,2026-08-16 11:39:24,dashboard,,,,
4239,det_1969620c,red,0.52,12,2026-08-16 11:39:19,dashboard,,,,
4238,det_e0d264f6,green,0.762,31,2026-08-16 11:38:16,dashboard,,,,
4237,det_3e95981a,green,0.786,31,2026-08-16 11:37:12,dashboard,,,,
4236,det_1619b104,green,0.771,31,2026-08-16 11:36:39,dashboard,,,,
4235,det_98eb059b,green,0.763,31,2026-08-16 11:36:07,dashboard,,,,
4234,det_0429fbcf,green,0.774,31,2026-08-16 11:35:34,dashboard,,,,
4233,det_44d836dd,red,0.536,12,2026-08-16 11:32:51,dashboard,,,,
4232,det_d02650c8,red,0.583,12,2026-08-16 11:32:19,dashboard,,,,
4231,det_b8a80cb9,green,0.77,31,2026-08-16 11:31:46,dashboard,,,,
4230,det_58b52b08,green,0.772,31,2026-08-16 11:31:13,dashboard,,,,
4229,det_78635591,defect,0.844,0,2026-08-16 11:30:35,dashboard,,,,
4228,det_f147973b,green,0.748,31,2026-08-16 11:30:09,dashboard,,,,
4227,det_270a9067,green,0.771,31,2026-08-16 11:29:37,dashboard,,,,
4226,det_5f43ca00,red,0.694,12,2026-08-16 11:29:04,dashboard,,,,
4225,det_495176e1,green,0.644,31,2026-08-16 11:28:47,dashboard,,,,
4224,det_449e011b,red,0.668,12,2026-08-16 11:28:32,dashboard,,,,
4223,det_201be3ac,red,0.686,12,2026-08-16 11:28:00,dashboard,,,,
4222,det_94cad53f,green,0.767,31,2026-08-16 11:26:55,dashboard,,,,
4221,det_03467d95,green,0.786,31,2026-08-16 11:26:23,dashboard,,,,
4220,det_2f2f93cd,green,0.748,31,2026-08-16 11:25:51,dashboard,,,,
4219,det_314a8c94,green,0.762,31,2026-08-16 11:25:18,dashboard,,,,
4218,det_458ee581,green,0.761,31,2026-08-16 11:24:46,dashboard,,,,
4217,det_d93f83de,red,0.627,12,2026-08-16 10:56:37,dashboard,,,,
4216,det_a1397256,turning,0.562,24,2026-08-16 10:56:03,dashboard,,,,
4215,det_55d112ee,turning,0.608,24,2026-08-16 10:54:58,dashboard,,,,
4214,det_71fbaf6e,red,0.651,12,2026-08-16 10:54:28,dashboard,,,,
4213,det_041782c0,red,0.688,12,2026-08-16 10:51:08,dashboard,,,,
4212,det_158a24b9,turning,0.791,24,2026-08-16 10:50:36,dashboard,,,,
4211,det_7714c386,green,0.788,31,2026-08-16 10:50:03,dashboard,,,,
4210,det_f1cfa17f,green,0.778,31,2026-08-16 10:47:48,dashboard,,,,
4209,det_cbfff35e,turning,0.679,24,2026-08-16 10:47:13,dashboard,,,,
4208,det_dcebba27,green,0.661,31,2026-08-16 10:46:48,dashboard,,,,
4207,det_a4056378,green,0.542,31,2026-08-16 10:46:27,dashboard,,,,
4206,det_e8f89bbc,green,0.665,31,2026-08-16 10:46:26,dashboard,,,,
4205,det_54c5f531,green,0.773,31,2026-08-16 10:46:08,dashboard,,,,
4204,det_ef1389d8,green,0.78,31,2026-08-16 09:49:50,dashboard,,,,
4203,det_72b94da3,red,0.725,12,2026-08-16 09:48:14,dashboard,,,,
4202,det_5086c721,turning,0.697,24,2026-08-16 09:47:41,dashboard,,,,
4201,det_e8e95f7f,green,0.762,31,2026-08-16 09:47:09,dashboard,,,,
4200,det_514a3a60,red,0.7,12,2026-08-16 09:45:31,dashboard,,,,
4199,det_85573929,green,0.768,31,2026-08-16 09:44:58,dashboard,,,,
4198,det_ef015600,green,0.782,31,2026-08-16 09:44:26,dashboard,,,,
4197,det_e54108e1,green,0.716,31,2026-08-16 09:32:19,dashboard,,,,
4196,det_cfe78fc3,turning,0.677,24,2026-08-16 09:31:49,dashboard,,,,
4195,det_fc7bce1a,red,0.739,12,2026-08-16 09:31:15,dashboard,,,,
4194,det_0d662580,green,0.793,31,2026-08-16 09:30:43,dashboard,,,,
4193,det_a9af5dbe,green,0.789,31,2026-08-16 09:30:12,dashboard,,,,
4192,det_52f5a628,green,0.781,31,2026-08-16 09:24:09,dashboard,,,,
4191,det_02e6a219,green,0.776,31,2026-08-16 09:23:36,dashboard,,,,
4190,det_3088e0dd,green,0.792,31,2026-08-16 09:20:59,dashboard,,,,
4189,det_f7f2592b,green,0.785,31,2026-08-16 09:19:54,dashboard,,,,
4188,det_2a623ff8,turning,0.76,24,2026-08-16 09:18:50,dashboard,,,,
4187,det_16947ee6,turning,0.599,24,2026-08-16 09:18:49,dashboard,,,,
4186,det_19d06214,turning,0.748,24,2026-08-16 09:18:17,dashboard,,,,
4185,det_dd973015,green,0.785,31,2026-08-16 09:17:46,dashboard,,,,
4184,det_9b21f713,red,0.653,12,2026-08-16 09:17:13,dashboard,,,,
4183,det_68a0d81b,turning,0.714,24,2026-08-16 09:16:41,dashboard,,,,
4182,det_0b1b4745,turning,0.723,24,2026-08-16 09:15:10,dashboard,,,,
4181,det_1eb57b5e,red,0.639,12,2026-08-16 09:14:05,dashboard,,,,
4180,det_61aba5d9,turning,0.644,24,2026-08-16 09:13:33,dashboard,,,,
4179,det_29c82199,turning,0.518,24,2026-08-16 09:13:01,dashboard,,,,
4178,det_1d30f259,turning,0.687,24,2026-08-16 09:08:43,dashboard,,,,
4177,det_fc0e5f89,red,0.634,12,2026-08-16 09:08:11,dashboard,,,,
4176,det_f936d737,green,0.784,31,2026-08-16 09:07:06,dashboard,,,,
4175,det_0ce7b3b6,green,0.783,31,2026-08-16 09:06:34,dashboard,,,,
4174,det_363e854d,turning,0.623,24,2026-08-16 09:05:28,dashboard,,,,
4173,det_d0384735,green,0.755,31,2026-08-16 08:59:59,dashboard,,,,
4172,det_5e101f9e,defect,0.829,0,2026-08-16 08:53:11,dashboard,,,,
4171,det_fc0a95a7,turning,0.48,24,2026-08-16 08:52:46,dashboard,,,,
4170,det_d7340d87,turning,0.478,24,2026-08-16 08:52:21,dashboard,,,,
4169,det_bb1050a5,red,0.677,12,2026-08-16 08:51:55,dashboard,,,,
4168,det_fc5b4726,red,0.667,12,2026-08-16 08:51:41,dashboard,,,,
4167,det_99642cf7,breaker,0.564,29,2026-08-16 08:51:33,dashboard,,,,
4166,det_aeab09ef,green,0.49,31,2026-08-16 08:51:26,dashboard,,,,
4165,det_8b8e5d58,breaker,0.528,29,2026-08-16 08:51:24,dashboard,,,,
4164,det_a16c9278,green,0.535,31,2026-08-16 08:51:23,dashboard,,,,
4163,det_8554bc82,green,0.631,31,2026-08-16 08:51:17,dashboard,,,,
4162,det_1e7644b1,green,0.741,31,2026-08-16 08:51:13,dashboard,,,,
4161,det_ceacd024,turning,0.525,24,2026-08-16 08:49:59,dashboard,,,,
4160,det_74a479ea,turning,0.511,24,2026-08-16 08:49:57,dashboard,,,,
4159,det_e56efdff,turning,0.509,24,2026-08-16 08:49:56,dashboard,,,,
4158,det_28fd6d85,turning,0.544,24,2026-08-16 08:49:55,dashboard,,,,
4157,det_3807f6e9,turning,0.507,24,2026-08-16 08:49:54,dashboard,,,,
4155,det_0b8862cb,turning,0.479,24,2026-08-16 08:49:53,dashboard,,,,
4156,det_9befc691,turning,0.476,24,2026-08-16 08:49:53,dashboard,,,,
4154,det_4de65fec,turning,0.534,24,2026-08-16 08:49:52,dashboard,,,,
4153,det_a91a8ceb,turning,0.561,24,2026-08-16 08:49:51,dashboard,,,,
4152,det_e5c7ce2c,turning,0.486,24,2026-08-16 08:49:50,dashboard,,,,
4151,det_6d7ea2a6,red,0.631,12,2026-08-16 08:49:43,dashboard,,,,
4150,det_0a78c70c,green,0.691,31,2026-08-16 08:49:39,dashboard,,,,
4149,det_3b26cdbe,turning,0.646,24,2026-08-16 08:49:35,dashboard,,,,
4148,det_928ba0bc,green,0.75,31,2026-08-16 08:49:27,dashboard,,,,
4147,det_b61665eb,red,0.494,12,2026-08-16 08:49:07,dashboard,,,,
4146,det_3575f134,red,0.564,12,2026-08-16 08:49:06,dashboard,,,,
4145,det_c7c88b3b,turning,0.562,24,2026-08-16 08:41:39,dashboard,,,,
4144,det_f7234962,red,0.56,12,2026-08-16 08:41:13,dashboard,,,,
4143,det_390c30bc,turning,0.572,24,2026-08-16 08:30:14,dashboard,,,,
4141,det_bf4d4f68,turning,0.545,24,2026-08-16 08:30:13,dashboard,,,,
4142,det_ccfe4829,turning,0.497,24,2026-08-16 08:30:13,dashboard,,,,
4139,det_7c74a86c,turning,0.479,24,2026-08-16 08:30:12,dashboard,,,,
4140,det_7abe486c,turning,0.556,24,2026-08-16 08:30:12,dashboard,,,,
4138,det_395c5db6,turning,0.535,24,2026-08-16 08:30:11,dashboard,,,,
4136,det_33bd188e,turning,0.606,24,2026-08-16 08:30:10,dashboard,,,,
4137,det_f5524f19,turning,0.541,24,2026-08-16 08:30:10,dashboard,,,,
4133,det_ba40be9b,turning,0.586,24,2026-08-16 08:30:09,dashboard,,,,
4134,det_a8c3df93,turning,0.631,24,2026-08-16 08:30:09,dashboard,,,,
4135,det_348f7d77,turning,0.528,24,2026-08-16 08:30:09,dashboard,,,,
4131,det_e61fffee,turning,0.539,24,2026-08-16 08:30:08,dashboard,,,,
4132,det_6021b904,breaker,0.467,29,2026-08-16 08:30:08,dashboard,,,,
4130,det_28501c5d,red,0.472,12,2026-08-16 08:30:03,dashboard,,,,
4129,det_a7587b7b,red,0.501,12,2026-08-16 08:30:01,dashboard,,,,
4128,det_1eff5b2f,red,0.503,12,2026-08-16 08:29:53,dashboard,,,,
4127,det_24484410,red,0.527,12,2026-08-16 08:29:52,dashboard,,,,
4126,det_c8e99dbf,red,0.451,12,2026-08-16 08:29:49,dashboard,,,,
4125,det_a4834dcb,red,0.483,12,2026-08-16 08:29:47,dashboard,,,,
4124,det_da2ae936,red,0.517,12,2026-08-16 08:29:46,dashboard,,,,
4123,det_d7980f88,red,0.475,12,2026-08-16 08:29:42,dashboard,,,,
4122,det_e4bebe18,turning,0.65,24,2026-08-16 08:29:41,dashboard,,,,
4121,det_52295abb,red,0.648,12,2026-08-16 08:29:39,dashboard,,,,
4120,det_4df215d1,turning,0.728,24,2026-08-16 06:14:27,dashboard,,,,
4119,det_e3de2528,green,0.597,31,2026-08-16 06:14:05,dashboard,,,,
4118,det_e1fc473e,green,0.619,31,2026-08-16 06:13:00,dashboard,,,,
4117,det_4fe6ad64,green,0.619,31,2026-08-16 06:12:34,dashboard,,,,
4116,det_ec61ce72,green,0.658,31,2026-08-16 06:11:15,dashboard,,,,
4115,det_fdb029b2,green,0.583,31,2026-08-16 06:10:55,dashboard,,,,
4113,det_f04d1edb,green,0.549,31,2026-08-16 06:10:10,dashboard,,,,
4114,det_f044bd41,green,0.531,31,2026-08-16 06:10:10,dashboard,,,,
4112,det_4a634756,green,0.629,31,2026-08-16 06:03:56,dashboard,,,,
4111,det_1108a2a3,green,0.575,31,2026-08-16 06:02:44,dashboard,,,,
4110,det_607be103,green,0.645,31,2026-08-16 06:02:24,dashboard,,,,
4108,det_9cb6d384,breaker,0.479,29,2026-08-16 05:58:37,dashboard,,,,
4109,det_7306c5ae,breaker,0.462,29,2026-08-16 05:58:37,dashboard,,,,
4107,det_c96fbf18,breaker,0.488,29,2026-08-16 05:58:35,dashboard,,,,
4106,det_dc551095,breaker,0.498,29,2026-08-16 05:58:34,dashboard,,,,
4105,det_d8b08b63,red,0.491,12,2026-08-16 05:57:58,dashboard,,,,
4104,det_54bb6a7d,red,0.586,12,2026-08-16 05:57:52,dashboard,,,,
4103,det_f6f9c2f0,green,0.697,31,2026-08-16 05:57:38,dashboard,,,,
4102,det_4b2ae720,green,0.677,31,2026-08-16 05:56:57,dashboard,,,,
4101,det_7bc01faa,turning,0.473,24,2026-08-16 05:56:06,dashboard,,,,
4100,det_15cb6fcc,turning,0.515,24,2026-08-16 05:56:01,dashboard,,,,
4099,det_29bcf99c,turning,0.681,24,2026-08-16 05:55:40,dashboard,,,,
4097,det_8c04b406,turning,0.626,24,2026-08-16 05:55:38,dashboard,,,,
4098,det_a8123bc6,turning,0.562,24,2026-08-16 05:55:38,dashboard,,,,
4096,det_bd80618b,turning,0.477,24,2026-08-16 05:55:37,dashboard,,,,
4095,det_283a7fe8,breaker,0.459,29,2026-08-16 05:54:51,dashboard,,,,
4093,det_063d1f7d,breaker,0.48,29,2026-08-16 05:54:48,dashboard,,,,
4094,det_7016d191,breaker,0.457,29,2026-08-16 05:54:48,dashboard,,,,
4092,det_672cd482,breaker,0.475,29,2026-08-16 05:54:43,dashboard,,,,
4090,det_c77fa83f,breaker,0.464,29,2026-08-16 05:54:42,dashboard,,,,
4091,det_5e55d12c,breaker,0.462,29,2026-08-16 05:54:42,dashboard,,,,
4088,det_1fef7697,breaker,0.464,29,2026-08-16 05:54:39,dashboard,,,,
4089,det_72898e94,breaker,0.464,29,2026-08-16 05:54:39,dashboard,,,,
4087,det_48bfb60a,breaker,0.454,29,2026-08-16 05:54:38,dashboard,,,,
4086,det_82b7b9ee,breaker,0.463,29,2026-08-16 05:54:36,dashboard,,,,
4085,det_70cadb18,breaker,0.473,29,2026-08-16 05:54:33,dashboard,,,,
4084,det_de418d77,breaker,0.467,29,2026-08-16 05:54:32,dashboard,,,,
4083,det_dfe0177e,breaker,0.457,29,2026-08-16 05:54:31,dashboard,,,,
4082,det_23a1b5e7,breaker,0.481,29,2026-08-16 05:54:30,dashboard,,,,
4081,det_60a5ec9a,breaker,0.481,29,2026-08-16 05:54:29,dashboard,,,,
4080,det_825da1a9,breaker,0.49,29,2026-08-16 05:54:26,dashboard,,,,
4079,det_c2e18e66,breaker,0.455,29,2026-08-16 05:54:20,dashboard,,,,
4078,det_34a3f5a2,breaker,0.459,29,2026-08-16 05:54:18,dashboard,,,,
4077,det_4486818b,breaker,0.453,29,2026-08-16 05:54:15,dashboard,,,,
4076,det_6e656797,breaker,0.471,29,2026-08-16 05:53:57,dashboard,,,,
4073,det_3d6bca2d,breaker,0.472,29,2026-08-16 05:53:35,dashboard,,,,
4074,det_88dee616,breaker,0.457,29,2026-08-16 05:53:35,dashboard,,,,
4075,det_e7372283,breaker,0.463,29,2026-08-16 05:53:35,dashboard,,,,
4072,det_56086c48,turning,0.634,24,2026-08-16 05:53:26,dashboard,,,,
4071,det_769b097c,green,0.593,31,2026-08-16 05:53:06,dashboard,,,,
4070,det_cd6fb574,breaker,0.536,29,2026-08-16 05:52:58,dashboard,,,,
4069,det_249f3ddb,breaker,0.509,29,2026-08-16 05:52:50,dashboard,,,,
4068,det_7785a6d8,breaker,0.495,29,2026-08-16 05:52:49,dashboard,,,,
4067,det_e323eea8,breaker,0.485,29,2026-08-16 05:52:48,dashboard,,,,
4066,det_c59f60c4,breaker,0.526,29,2026-08-16 05:52:46,dashboard,,,,
4065,det_67726688,breaker,0.511,29,2026-08-16 05:52:45,dashboard,,,,
4063,det_e4315fb0,breaker,0.477,29,2026-08-16 05:52:44,dashboard,,,,
4064,det_a4e315b8,breaker,0.492,29,2026-08-16 05:52:44,dashboard,,,,
4062,det_663a9c40,breaker,0.487,29,2026-08-16 05:52:43,dashboard,,,,
4061,det_de209b7e,breaker,0.497,29,2026-08-16 05:52:42,dashboard,,,,
4060,det_fc833750,breaker,0.531,29,2026-08-16 05:52:41,dashboard,,,,
4058,det_015d1e1e,breaker,0.53,29,2026-08-16 05:52:38,dashboard,,,,
4059,det_aac9d2b9,breaker,0.52,29,2026-08-16 05:52:38,dashboard,,,,
4057,det_fcd53412,breaker,0.495,29,2026-08-16 05:52:32,dashboard,,,,
4056,det_c31e00a9,turning,0.534,24,2026-08-16 05:52:31,dashboard,,,,
4054,det_36d66bd9,turning,0.475,24,2026-08-16 05:52:29,dashboard,,,,
4055,det_c4440c03,turning,0.551,24,2026-08-16 05:52:29,dashboard,,,,
4052,det_0ca9fb66,turning,0.536,24,2026-08-16 05:52:28,dashboard,,,,
4053,det_ec027c5e,turning,0.493,24,2026-08-16 05:52:28,dashboard,,,,
4051,det_54200e08,turning,0.454,24,2026-08-16 05:52:25,dashboard,,,,
4050,det_dbf348b3,green,0.541,31,2026-08-16 05:52:24,dashboard,,,,
4049,det_ce6c2ccb,turning,0.473,24,2026-08-16 05:52:22,dashboard,,,,
4047,det_bdcb8537,turning,0.499,24,2026-08-16 05:52:21,dashboard,,,,
4048,det_46d6b95b,turning,0.539,24,2026-08-16 05:52:21,dashboard,,,,
4045,det_9fc10556,turning,0.5,24,2026-08-16 05:52:20,dashboard,,,,
4046,det_44f03e3f,turning,0.481,24,2026-08-16 05:52:20,dashboard,,,,
4044,det_70626ad6,turning,0.517,24,2026-08-16 05:52:15,dashboard,,,,
4043,det_1e77ac63,turning,0.569,24,2026-08-16 05:52:10,dashboard,,,,
4041,det_baf29935,turning,0.53,24,2026-08-16 05:52:06,dashboard,,,,
4042,det_8b1055b9,turning,0.507,24,2026-08-16 05:52:06,dashboard,,,,
4039,det_df6f4747,turning,0.521,24,2026-08-16 05:52:04,dashboard,,,,
4040,det_c2106d93,turning,0.551,24,2026-08-16 05:52:04,dashboard,,,,
4037,det_dbfd5a59,turning,0.593,24,2026-08-16 05:52:03,dashboard,,,,
4038,det_c7063c7d,breaker,0.504,29,2026-08-16 05:52:03,dashboard,,,,
4036,det_b7a56015,turning,0.5,24,2026-08-16 05:52:00,dashboard,,,,
4035,det_bad3dd4b,turning,0.498,24,2026-08-16 05:51:58,dashboard,,,,
4033,det_6f9f02ed,turning,0.477,24,2026-08-16 05:51:56,dashboard,,,,
4034,det_8c0db648,turning,0.468,24,2026-08-16 05:51:56,dashboard,,,,
4031,det_4c755bb9,turning,0.567,24,2026-08-16 05:51:55,dashboard,,,,
4032,det_748f6ab8,turning,0.497,24,2026-08-16 05:51:55,dashboard,,,,
4029,det_a2ece946,turning,0.485,24,2026-08-16 05:51:54,dashboard,,,,
4030,det_72203072,turning,0.506,24,2026-08-16 05:51:54,dashboard,,,,
4028,det_985f48e7,turning,0.599,24,2026-08-16 05:51:53,dashboard,,,,
4026,det_8c8d49d9,turning,0.529,24,2026-08-16 05:51:52,dashboard,,,,
4027,det_94bb0eef,turning,0.533,24,2026-08-16 05:51:52,dashboard,,,,
4023,det_353e459c,turning,0.51,24,2026-08-16 05:51:51,dashboard,,,,
4024,det_a90cdebc,turning,0.518,24,2026-08-16 05:51:51,dashboard,,,,
4025,det_e4780255,turning,0.463,24,2026-08-16 05:51:51,dashboard,,,,
4021,det_6050063d,turning,0.567,24,2026-08-16 05:51:50,dashboard,,,,
4022,det_d960d5f0,turning,0.641,24,2026-08-16 05:51:50,dashboard,,,,
4020,det_49c813bf,turning,0.496,24,2026-08-16 05:51:49,dashboard,,,,
4018,det_d4219c57,turning,0.5,24,2026-08-16 05:51:48,dashboard,,,,
4019,det_b37d7a0d,turning,0.466,24,2026-08-16 05:51:48,dashboard,,,,
4017,det_72bc2f3d,green,0.53,31,2026-08-16 05:51:43,dashboard,,,,
4016,det_fc7f2e8e,breaker,0.452,29,2026-08-16 05:51:38,dashboard,,,,
4015,det_bf836140,turning,0.578,24,2026-08-16 05:51:35,dashboard,,,,
4014,det_97da442e,turning,0.52,24,2026-08-16 05:51:33,dashboard,,,,
4013,det_32c0b9a3,turning,0.649,24,2026-08-16 05:51:31,dashboard,,,,
4012,det_325fb1ed,turning,0.477,24,2026-08-16 05:51:28,dashboard,,,,
4011,det_23a584a2,red,0.503,12,2026-08-16 05:51:27,dashboard,,,,
4010,det_a046f0ea,red,0.481,12,2026-08-16 05:51:26,dashboard,,,,
4008,det_8da1b4b6,red,0.569,12,2026-08-16 05:51:25,dashboard,,,,
4009,det_fdd69970,red,0.595,12,2026-08-16 05:51:25,dashboard,,,,
4007,det_50f05bd7,red,0.601,12,2026-08-16 05:51:24,dashboard,,,,
4006,det_b2e39c8f,turning,0.761,24,2026-08-16 05:51:22,dashboard,,,,
4005,det_5777b277,turning,0.603,24,2026-08-16 05:51:17,dashboard,,,,
4004,det_10dd3fd5,turning,0.516,24,2026-08-16 05:51:15,dashboard,,,,
4003,det_a60e0feb,red,0.61,12,2026-08-16 05:51:13,dashboard,,,,
4002,det_c5e73081,red,0.509,12,2026-08-16 05:51:12,dashboard,,,,
4001,det_86da1f58,turning,0.719,24,2026-08-16 05:51:04,dashboard,,,,
4000,det_17bb0627,turning,0.554,24,2026-08-16 05:50:56,dashboard,,,,
3999,det_f80321d4,turning,0.577,24,2026-08-16 05:50:55,dashboard,,,,
3998,det_25fc75bd,turning,0.496,24,2026-08-16 05:50:44,dashboard,,,,
3997,det_211a22e3,turning,0.598,24,2026-08-16 05:50:41,dashboard,,,,
3996,det_54064009,turning,0.548,24,2026-08-16 05:50:40,dashboard,,,,
3995,det_be9979c9,turning,0.553,24,2026-08-16 05:50:39,dashboard,,,,
3994,det_6f6ad916,turning,0.546,24,2026-08-16 05:50:38,dashboard,,,,
3993,det_d67e36e0,turning,0.548,24,2026-08-16 05:50:34,dashboard,,,,
3992,det_619a17fd,turning,0.558,24,2026-08-16 05:50:33,dashboard,,,,
3991,det_8889eb29,turning,0.542,24,2026-08-16 05:50:32,dashboard,,,,
3990,det_deb677fa,turning,0.558,24,2026-08-16 05:50:31,dashboard,,,,
3988,det_56e230f5,red,0.663,12,2026-08-16 05:50:26,dashboard,,,,
3989,det_d1d7ca03,red,0.534,12,2026-08-16 05:50:26,dashboard,,,,
3987,det_fdd02ff2,red,0.587,12,2026-08-16 05:50:23,dashboard,,,,
3986,det_a2f538bb,red,0.492,12,2026-08-16 05:50:21,dashboard,,,,
3985,det_c963b738,turning,0.495,24,2026-08-16 05:50:19,dashboard,,,,
3984,det_eac5a94f,turning,0.508,24,2026-08-16 05:50:15,dashboard,,,,
3983,det_e306f61b,turning,0.562,24,2026-08-16 05:50:14,dashboard,,,,
3982,det_28d41447,red,0.594,12,2026-08-16 05:50:03,dashboard,,,,
3981,det_8cf71e1c,turning,0.612,24,2026-08-16 05:50:01,dashboard,,,,
3980,det_58761124,breaker,0.56,29,2026-08-16 05:25:24,dashboard,,,,
3979,det_83ae5c16,breaker,0.542,29,2026-08-16 05:25:22,dashboard,,,,
3977,det_2c674b75,green,0.605,31,2026-08-16 05:25:13,dashboard,,,,
3978,det_c630dc25,green,0.536,31,2026-08-16 05:25:13,dashboard,,,,
3976,det_ff4ec14d,green,0.496,31,2026-08-16 05:25:11,dashboard,,,,
3975,det_610a7758,green,0.493,31,2026-08-16 05:25:10,dashboard,,,,
3974,det_4450e26f,breaker,0.552,29,2026-08-16 05:25:05,dashboard,,,,
3973,det_c92ab1dd,defect,0.837,0,2026-08-16 05:25:01,dashboard,,,,
3972,det_53dafabc,breaker,0.485,29,2026-08-16 05:24:22,dashboard,,,,
3971,det_be1316d5,turning,0.52,24,2026-08-16 05:23:54,dashboard,,,,
3970,det_34252fec,turning,0.545,24,2026-08-16 05:23:49,dashboard,,,,
3969,det_30b16514,breaker,0.495,29,2026-08-16 05:23:32,dashboard,,,,
3968,det_2e4e5c9f,breaker,0.517,29,2026-08-16 05:23:31,dashboard,,,,
3967,det_09611deb,red,0.5,12,2026-08-16 05:23:22,dashboard,,,,
3966,det_8e540e63,red,0.561,12,2026-08-16 05:19:36,dashboard,,,,
3965,det_05993c1e,green,0.613,31,2026-08-16 05:18:32,dashboard,,,,
3964,det_81d548bc,breaker,0.521,29,2026-08-16 05:18:11,dashboard,,,,
3962,det_75006de7,breaker,0.479,29,2026-08-16 05:18:05,dashboard,,,,
3963,det_b1eb5eee,breaker,0.454,29,2026-08-16 05:18:05,dashboard,,,,
3961,det_e14f4765,turning,0.475,24,2026-08-16 05:17:52,dashboard,,,,
3960,det_e14dba70,turning,0.559,24,2026-08-16 05:17:50,dashboard,,,,
3959,det_fcd9e855,breaker,0.54,29,2026-08-16 05:16:08,dashboard,,,,
3958,det_da9a8002,breaker,0.462,29,2026-08-16 05:16:07,dashboard,,,,
3957,det_9057e98f,breaker,0.645,29,2026-08-16 05:13:29,dashboard,,,,
3956,det_3a206761,green,0.594,31,2026-08-16 05:10:14,dashboard,,,,
3955,det_bbdb56f1,breaker,0.522,29,2026-08-16 05:09:59,dashboard,,,,
3954,det_6ae85e1d,breaker,0.606,29,2026-08-16 05:09:57,dashboard,,,,
3952,det_bd28fe59,breaker,0.529,29,2026-08-16 05:09:40,dashboard,,,,
3953,det_cbb0f256,breaker,0.532,29,2026-08-16 05:09:40,dashboard,,,,
3951,det_519d4249,breaker,0.597,29,2026-08-16 05:09:39,dashboard,,,,
3950,det_77897328,breaker,0.609,29,2026-08-16 05:09:21,dashboard,,,,
3949,det_7f68f6bc,breaker,0.487,29,2026-08-16 05:09:20,dashboard,,,,
3948,det_facf78c2,breaker,0.498,29,2026-08-16 05:09:19,dashboard,,,,
3947,det_8ca0f7ca,breaker,0.554,29,2026-08-16 05:08:54,dashboard,,,,
3946,det_3f13dcd8,defect,0.822,0,2026-08-16 05:08:03,dashboard,,,,
3945,det_9236c96a,green,0.516,31,2026-08-16 05:07:16,dashboard,,,,
3944,det_36e8b552,green,0.55,31,2026-08-16 05:07:15,dashboard,,,,
3943,det_9dd533ac,green,0.552,31,2026-08-16 05:06:52,dashboard,,,,
3942,det_63cd40bd,green,0.49,31,2026-08-16 05:06:48,dashboard,,,,
3941,det_59d78624,green,0.483,31,2026-08-16 05:06:44,dashboard,,,,
3940,det_31a24acd,green,0.606,31,2026-08-16 05:06:43,dashboard,,,,
3939,det_58a9b204,green,0.487,31,2026-08-16 05:04:56,dashboard,,,,
3938,det_8f5fd5f6,green,0.52,31,2026-08-16 05:04:52,dashboard,,,,
3937,det_3a65d457,turning,0.472,24,2026-08-16 04:56:55,dashboard,,,,
3935,det_f1bfc4ec,turning,0.48,24,2026-08-16 04:56:54,dashboard,,,,
3936,det_2c774060,turning,0.519,24,2026-08-16 04:56:54,dashboard,,,,
3933,det_55aebab1,turning,0.509,24,2026-08-16 04:56:53,dashboard,,,,
3934,det_49f5291b,turning,0.493,24,2026-08-16 04:56:53,dashboard,,,,
3931,det_2b464f0d,turning,0.479,24,2026-08-16 04:56:52,dashboard,,,,
3932,det_a77be683,turning,0.561,24,2026-08-16 04:56:52,dashboard,,,,
3930,det_e1d0fa97,turning,0.522,24,2026-08-16 04:56:51,dashboard,,,,
3929,det_ce7e46c1,turning,0.532,24,2026-08-16 04:56:50,dashboard,,,,
3928,det_111afcc4,green,0.784,31,2026-08-16 04:56:42,dashboard,,,,
3927,det_80a62ec3,breaker,0.492,29,2026-08-16 04:56:31,dashboard,,,,
3926,det_0379499b,red,0.744,12,2026-08-16 04:56:23,dashboard,,,,
3925,det_12a58da0,red,0.486,12,2026-08-16 04:56:11,dashboard,,,,
3924,det_24eb1314,red,0.731,12,2026-08-16 04:56:02,dashboard,,,,
3923,det_9e2aaf6f,turning,0.512,24,2026-08-16 04:55:28,dashboard,,,,
3922,det_6fc9da8d,breaker,0.608,29,2026-08-16 04:55:21,dashboard,,,,
3921,det_45c8b6dc,turning,0.495,24,2026-08-16 04:55:10,dashboard,,,,
3920,det_1f0c9a89,defect,0.829,0,2026-08-16 04:49:15,dashboard,,,,
3919,det_ae63d5fd,green,0.598,31,2026-08-16 04:45:11,dashboard,,,,
3918,det_80ba2ec0,green,0.479,31,2026-08-16 04:43:54,dashboard,,,,
3917,det_901917dc,green,0.554,31,2026-08-16 04:43:51,dashboard,,,,
3916,det_04fe0e30,green,0.568,31,2026-08-16 04:42:41,dashboard,,,,
3915,det_75c357b8,red,0.62,12,2026-08-16 04:40:18,dashboard,,,,
3914,det_c7d8cb7b,red,0.488,12,2026-08-16 04:39:52,dashboard,,,,
3913,det_78ddf9d5,green,0.545,31,2026-08-16 04:38:02,dashboard,,,,
3912,det_a44cb1b9,green,0.554,31,2026-08-16 04:36:07,dashboard,,,,
3911,det_7ff43bcf,red,0.706,12,2026-08-15 10:21:30,dashboard,,,,
3910,det_a2cebe82,red,0.516,12,2026-08-15 10:21:28,dashboard,,,,
3909,det_893bcb82,red,0.574,12,2026-08-15 10:20:57,dashboard,,,,
3908,det_2ba64b87,red,0.588,12,2026-08-15 10:20:24,dashboard,,,,
3907,det_f0ab0f01,breaker,0.669,29,2026-08-15 10:18:48,dashboard,,,,
3906,det_07d7befc,green,0.683,31,2026-08-15 10:18:46,dashboard,,,,
3905,det_00fb6ee1,defect,0.832,0,2026-08-15 10:17:41,dashboard,,,,
3904,det_ae00e518,turning,0.609,24,2026-08-15 10:17:40,dashboard,,,,
3903,det_a9d1a138,turning,0.731,24,2026-08-15 10:17:08,dashboard,,,,
3902,det_331b7201,red,0.643,12,2026-08-15 10:15:32,dashboard,,,,
3901,det_ed49f713,breaker,0.567,29,2026-08-15 10:10:16,dashboard,,,,
3900,det_9720b3f9,breaker,0.558,29,2026-08-15 10:10:15,dashboard,,,,
3899,det_7d005bc6,breaker,0.609,29,2026-08-15 10:09:10,dashboard,,,,
3898,det_5fa4c82f,turning,0.598,24,2026-08-15 10:08:38,dashboard,,,,
3897,det_f060510c,breaker,0.601,29,2026-08-15 10:08:36,dashboard,,,,
3896,det_48b5224f,green,0.727,31,2026-08-15 10:02:16,dashboard,,,,
3895,det_c488f5a1,green,0.724,31,2026-08-15 09:59:37,dashboard,,,,
3894,det_3486cba1,red,0.746,12,2026-08-15 09:59:05,dashboard,,,,
3893,det_06053da2,red,0.604,12,2026-08-15 09:58:31,dashboard,,,,
3892,det_e442fdfa,green,0.678,31,2026-08-15 09:57:26,dashboard,,,,
3891,det_08313796,turning,0.525,24,2026-08-15 09:56:53,dashboard,,,,
3890,det_a9745e05,green,0.661,31,2026-08-15 09:56:21,dashboard,,,,
3889,det_3c7257b7,green,0.726,31,2026-08-15 09:55:16,dashboard,,,,
3888,det_51da640c,green,0.74,31,2026-08-15 06:09:52,dashboard,,,,
3887,det_a7fe29e0,green,0.664,31,2026-08-15 06:08:02,dashboard,,,,
3886,det_b2fc8c63,green,0.747,31,2026-08-15 06:07:30,dashboard,,,,
3885,det_2502717a,green,0.65,31,2026-08-15 06:05:09,dashboard,,,,
3884,det_4e352640,red,0.481,12,2026-08-14 18:50:48,dashboard,,,,
3883,det_c40159ed,defect,0.833,0,2026-08-14 18:50:47,dashboard,,,,
3882,det_b683478c,red,0.641,12,2026-08-14 18:50:15,dashboard,,,,
3881,det_7c9cd752,red,0.548,12,2026-08-14 18:49:09,dashboard,,,,
3880,det_a071c352,red,0.565,12,2026-08-14 18:48:04,dashboard,,,,
3879,det_7020ace5,red,0.607,12,2026-08-14 18:47:32,dashboard,,,,
3878,det_4b168fc2,red,0.74,12,2026-08-14 18:46:59,dashboard,,,,
3877,det_116ca154,breaker,0.602,29,2026-08-14 18:46:26,dashboard,,,,
3876,det_d2fe9f10,green,0.777,31,2026-08-14 18:45:53,dashboard,,,,
3875,det_31ea1e54,turning,0.713,24,2026-08-14 18:45:21,dashboard,,,,
3874,det_4cbaa33b,red,0.649,12,2026-08-14 18:44:47,dashboard,,,,
3873,det_0c372197,green,0.76,31,2026-08-14 18:44:15,dashboard,,,,
3872,det_e6dd7f76,green,0.737,31,2026-08-14 18:43:09,dashboard,,,,
3871,det_471cf986,green,0.537,31,2026-08-14 18:42:38,dashboard,,,,
3870,det_ab6ecfdd,green,0.76,31,2026-08-14 18:38:50,dashboard,,,,
3869,det_a7b97da5,green,0.679,31,2026-08-14 18:38:48,dashboard,,,,
3868,det_3957b07b,green,0.746,31,2026-08-14 18:38:15,dashboard,,,,
3867,det_8bcd94aa,turning,0.771,24,2026-08-14 18:37:26,dashboard,,,,
3866,det_d025be0f,turning,0.769,24,2026-08-14 18:32:28,dashboard,,,,
3865,det_2e4668c7,breaker,0.542,29,2026-08-14 18:31:55,dashboard,,,,
3864,det_6b13ea01,green,0.766,31,2026-08-14 18:31:22,dashboard,,,,
3863,det_1fd63fea,green,0.52,31,2026-08-14 18:31:21,dashboard,,,,
3862,det_fbfde71c,green,0.656,31,2026-08-14 18:30:17,dashboard,,,,
3861,det_60b314c1,green,0.496,31,2026-08-14 18:30:15,dashboard,,,,
3860,det_7d470a3b,green,0.706,31,2026-08-14 18:28:33,dashboard,,,,
3859,det_34231af7,green,0.687,31,2026-08-14 18:20:14,dashboard,,,,
3858,det_7b80e301,green,0.777,31,2026-08-14 18:19:16,dashboard,,,,
3857,det_22967f67,green,0.696,31,2026-08-14 18:01:11,dashboard,,,,
3856,det_f341ea22,green,0.617,31,2026-08-14 18:01:07,dashboard,,,,
3855,det_c83e7cf4,red,0.647,12,2026-08-14 18:00:06,dashboard,,,,
3854,det_420da521,red,0.708,12,2026-08-14 17:59:25,dashboard,,,,
3853,det_7990adeb,green,0.573,31,2026-08-14 17:58:44,dashboard,,,,
3852,det_8746f497,green,0.596,31,2026-08-14 17:58:42,dashboard,,,,
3851,det_2d165e14,turning,0.756,24,2026-08-14 17:58:02,dashboard,,,,
3850,det_5a3c0524,turning,0.583,24,2026-08-14 17:58:00,dashboard,,,,
3849,det_15957cae,breaker,0.539,29,2026-08-14 17:57:14,dashboard,,,,
3848,det_0d7ba337,turning,0.642,24,2026-08-14 17:57:12,dashboard,,,,
3847,det_e2395e65,green,0.66,31,2026-08-14 17:34:02,dashboard,,,,
3846,det_d7d057e3,green,0.767,31,2026-08-14 17:32:56,dashboard,,,,
3845,det_47c4a23d,green,0.758,31,2026-08-14 17:32:01,dashboard,,,,
3844,det_9ed76bbf,green,0.702,31,2026-08-14 17:31:13,dashboard,,,,
3843,det_a303ba04,green,0.615,31,2026-08-14 17:31:10,dashboard,,,,
3842,det_614d4cb9,green,0.625,31,2026-08-14 17:30:09,dashboard,,,,
3841,det_07c1644f,red,0.778,12,2026-08-14 17:29:06,dashboard,,,,
3840,det_1e1a1fa3,red,0.714,12,2026-08-14 17:29:05,dashboard,,,,
3839,det_fbfbdbb7,green,0.778,31,2026-08-14 17:25:50,dashboard,,,,
3838,det_dee0c3a9,green,0.77,31,2026-08-14 17:24:44,dashboard,,,,
3837,det_93f17793,green,0.782,31,2026-08-14 17:22:36,dashboard,,,,
3836,det_41a9ca69,red,0.627,12,2026-08-14 17:21:29,dashboard,,,,
3834,det_ca1e409e,red,0.655,12,2026-08-14 17:21:27,dashboard,,,,
3835,det_a834bc4a,red,0.646,12,2026-08-14 17:21:27,dashboard,,,,
3833,det_378594bb,green,0.769,31,2026-08-14 17:20:40,dashboard,,,,
3832,det_9f2b86ff,red,0.623,12,2026-08-14 17:18:34,dashboard,,,,
3831,det_902205d9,red,0.626,12,2026-08-14 17:18:33,dashboard,,,,
3829,det_56a907b7,red,0.504,12,2026-08-14 17:18:31,dashboard,,,,
3830,det_ee9bfa62,red,0.618,12,2026-08-14 17:18:31,dashboard,,,,
3828,det_8bf33f63,green,0.692,31,2026-08-14 17:14:02,dashboard,,,,
3827,det_0ea90daa,green,0.628,31,2026-08-14 17:13:51,dashboard,,,,
3825,det_2b1f8587,green,0.608,31,2026-08-14 17:13:49,dashboard,,,,
3826,det_a7c34aab,green,0.493,31,2026-08-14 17:13:49,dashboard,,,,
3824,det_79f23f7c,green,0.601,31,2026-08-14 17:13:34,dashboard,,,,
3823,det_595c58c8,green,0.523,31,2026-08-14 17:13:32,dashboard,,,,
3822,det_3e90e108,green,0.602,31,2026-08-14 17:13:24,dashboard,,,,
3821,det_39fd0d87,green,0.561,31,2026-08-14 17:13:23,dashboard,,,,
3820,det_679d3304,green,0.659,31,2026-08-14 17:13:22,dashboard,,,,
3819,det_c1410f08,green,0.543,31,2026-08-14 17:13:19,dashboard,,,,
3818,det_b0dafe4e,green,0.647,31,2026-08-14 17:13:18,dashboard,,,,
3817,det_77b1c065,breaker,0.587,29,2026-08-14 16:45:57,dashboard,,,,
3815,det_40d430eb,breaker,0.669,29,2026-08-14 16:45:54,dashboard,,,,
3816,det_56d9fbed,breaker,0.577,29,2026-08-14 16:45:54,dashboard,,,,
3813,det_b0bb3664,breaker,0.47,29,2026-08-14 16:45:52,dashboard,,,,
3814,det_5c760356,breaker,0.456,29,2026-08-14 16:45:52,dashboard,,,,
3812,det_7e366b57,breaker,0.467,29,2026-08-14 16:45:51,dashboard,,,,
3809,det_6e3a23b1,breaker,0.481,29,2026-08-14 16:45:49,dashboard,,,,
3810,det_237ef701,breaker,0.477,29,2026-08-14 16:45:49,dashboard,,,,
3811,det_50fa4558,breaker,0.467,29,2026-08-14 16:45:49,dashboard,,,,
3807,det_aa2ed52c,green,0.683,31,2026-08-14 16:45:48,dashboard,,,,
3808,det_f736ab62,green,0.472,31,2026-08-14 16:45:48,dashboard,,,,
3806,det_842ff0e9,green,0.705,31,2026-08-14 16:45:37,dashboard,,,,
3805,det_e9fc322b,breaker,0.583,29,2026-08-14 16:45:34,dashboard,,,,
3804,det_ed904b5f,breaker,0.579,29,2026-08-14 16:45:32,dashboard,,,,
3803,det_30c73ea2,breaker,0.538,29,2026-08-14 16:45:29,dashboard,,,,
3802,det_f51f2dbb,breaker,0.714,29,2026-08-14 16:45:28,dashboard,,,,
3801,det_9a3a358d,breaker,0.537,29,2026-08-14 16:45:26,dashboard,,,,
3800,det_8ddbce4f,breaker,0.533,29,2026-08-14 16:45:24,dashboard,,,,
3799,det_700a1b56,breaker,0.546,29,2026-08-14 16:45:23,dashboard,,,,
3798,det_f4c0ef83,breaker,0.523,29,2026-08-14 16:45:20,dashboard,,,,
3797,det_2969ffda,breaker,0.558,29,2026-08-14 16:45:19,dashboard,,,,
3796,det_8dbf9738,breaker,0.549,29,2026-08-14 16:45:18,dashboard,,,,
3795,det_13c5102c,breaker,0.625,29,2026-08-14 16:45:17,dashboard,,,,
3793,det_9ba22164,green,0.661,31,2026-08-14 16:45:12,dashboard,,,,
3794,det_2492cbdb,green,0.671,31,2026-08-14 16:45:12,dashboard,,,,
3792,det_aa5dba5b,turning,0.599,24,2026-08-14 16:45:07,dashboard,,,,
3791,det_c38782ac,turning,0.559,24,2026-08-14 16:45:02,dashboard,,,,
3790,det_fdc47875,green,0.765,31,2026-08-14 16:45:00,dashboard,,,,
3789,det_07066c9b,red,0.535,12,2026-08-14 16:44:48,dashboard,,,,
3788,det_95d722f8,red,0.547,12,2026-08-14 16:44:47,dashboard,,,,
3787,det_7dce7bde,red,0.593,12,2026-08-14 16:44:46,dashboard,,,,
3786,det_e0c990f4,red,0.462,12,2026-08-14 16:44:41,dashboard,,,,
3784,det_a58abe94,red,0.556,12,2026-08-14 16:44:40,dashboard,,,,
3785,det_f433875e,red,0.545,12,2026-08-14 16:44:40,dashboard,,,,
3783,det_922d5a4c,red,0.54,12,2026-08-14 16:44:39,dashboard,,,,
3781,det_95ccebc8,red,0.553,12,2026-08-14 16:44:38,dashboard,,,,
3782,det_b7ffc6f1,red,0.636,12,2026-08-14 16:44:38,dashboard,,,,
3780,det_5825278f,green,0.524,31,2026-08-14 16:44:09,dashboard,,,,
3779,det_2bd1dd08,red,0.458,12,2026-08-14 16:44:05,dashboard,,,,
3778,det_34c98c3c,green,0.67,31,2026-08-14 16:43:58,dashboard,,,,
3777,det_7abb3db3,green,0.58,31,2026-08-14 16:43:41,dashboard,,,,
3776,det_e2cbd2fc,red,0.813,12,2026-08-14 16:42:55,dashboard,,,,
3775,det_ad36e99f,red,0.698,12,2026-08-14 16:42:50,dashboard,,,,
3774,det_f4eaf4aa,green,0.599,31,2026-08-14 16:42:23,dashboard,,,,
3773,det_44c39cd0,green,0.645,31,2026-08-14 16:42:21,dashboard,,,,
3772,det_850a1c0c,green,0.764,31,2026-08-14 16:42:20,dashboard,,,,
3770,det_c2ec289c,green,0.579,31,2026-08-14 16:42:16,dashboard,,,,
3771,det_277d1f66,green,0.6,31,2026-08-14 16:42:16,dashboard,,,,
3769,det_b8d10642,green,0.703,31,2026-08-14 16:42:12,dashboard,,,,
3768,det_36b05ef6,breaker,0.698,29,2026-08-14 16:42:05,dashboard,,,,
3767,det_838f287b,green,0.536,31,2026-08-14 16:42:04,dashboard,,,,
3766,det_fdcf85f0,green,0.737,31,2026-08-14 16:42:02,dashboard,,,,
3765,det_607c6f7d,green,0.645,31,2026-08-14 16:41:55,dashboard,,,,
3764,det_71206960,green,0.694,31,2026-08-14 16:41:54,dashboard,,,,
3763,det_2ddaf093,green,0.722,31,2026-08-14 16:41:48,dashboard,,,,
3762,det_adfa4dc6,green,0.502,31,2026-08-14 16:39:45,dashboard,,,,
3761,det_b44f3cc2,breaker,0.453,29,2026-08-14 16:39:42,dashboard,,,,
3760,det_fbdba87d,green,0.634,31,2026-08-14 16:39:41,dashboard,,,,
3759,det_5fac0bb0,breaker,0.611,29,2026-07-31 18:07:00,dashboard,,,,
3758,det_094baf09,breaker,0.533,29,2026-07-31 18:06:59,dashboard,,,,
3757,det_b265f5fe,breaker,0.534,29,2026-07-31 18:06:58,dashboard,,,,
3754,det_b9a9d925,breaker,0.526,29,2026-07-31 18:06:57,dashboard,,,,
3755,det_4fa28ce1,breaker,0.531,29,2026-07-31 18:06:57,dashboard,,,,
3756,det_33853780,breaker,0.487,29,2026-07-31 18:06:57,dashboard,,,,
3752,det_eabb1120,breaker,0.568,29,2026-07-31 18:06:56,dashboard,,,,
3753,det_85f13420,breaker,0.531,29,2026-07-31 18:06:56,dashboard,,,,
3750,det_5bfd1921,breaker,0.532,29,2026-07-31 18:06:55,dashboard,,,,
3751,det_036f4230,breaker,0.55,29,2026-07-31 18:06:55,dashboard,,,,
3749,det_1c592d67,breaker,0.513,29,2026-07-31 18:06:53,dashboard,,,,
3748,det_4cebdf15,breaker,0.521,29,2026-07-31 18:06:52,dashboard,,,,
3747,det_9e1ae2b0,breaker,0.609,29,2026-07-31 18:06:50,dashboard,,,,
3746,det_9f0a511f,breaker,0.651,29,2026-07-31 18:06:47,dashboard,,,,
3745,det_85c2f259,defect,0.823,0,2026-07-31 18:04:30,dashboard,,,,
3744,det_216bf240,red,0.636,12,2026-07-31 18:04:21,dashboard,,,,
3743,det_791a620e,red,0.597,12,2026-07-31 18:04:15,dashboard,,,,
3741,det_55ec6f20,red,0.485,12,2026-07-31 18:04:14,dashboard,,,,
3742,det_9c38b444,red,0.501,12,2026-07-31 18:04:14,dashboard,,,,
3740,det_d9e3868e,red,0.628,12,2026-07-31 18:04:13,dashboard,,,,
3739,det_b1121510,red,0.545,12,2026-07-31 18:04:12,dashboard,,,,
3738,det_dbee608f,red,0.571,12,2026-07-31 18:04:10,dashboard,,,,
3736,det_f5839d47,red,0.451,12,2026-07-31 18:04:07,dashboard,,,,
3737,det_ae65bb02,red,0.592,12,2026-07-31 18:04:07,dashboard,,,,
3735,det_eda090a8,red,0.638,12,2026-07-31 18:04:06,dashboard,,,,
3734,det_a7a902fd,green,0.727,31,2026-07-31 18:04:01,dashboard,,,,
3733,det_c19e8141,green,0.62,31,2026-07-31 18:03:58,dashboard,,,,
3732,det_4e037c6c,breaker,0.695,29,2026-07-31 18:03:54,dashboard,,,,
3731,det_a5dc14af,breaker,0.551,29,2026-07-31 18:03:50,dashboard,,,,
3729,det_98e49d12,green,0.71,31,2026-07-31 18:03:49,dashboard,,,,
3730,det_805e7aa3,breaker,0.53,29,2026-07-31 18:03:49,dashboard,,,,
3728,det_ff036627,turning,0.658,24,2026-07-31 18:03:45,dashboard,,,,
3727,det_67463cda,green,0.71,31,2026-07-31 18:02:50,dashboard,,,,
3725,det_e1a6e9f7,red,0.739,12,2026-07-31 18:02:38,dashboard,,,,
3726,det_df780a3f,red,0.644,12,2026-07-31 18:02:38,dashboard,,,,
3724,det_83a70edf,green,0.655,31,2026-07-31 18:02:30,dashboard,,,,
3723,det_08dea373,green,0.482,31,2026-07-31 18:02:24,dashboard,,,,
3721,det_d573be17,red,0.718,12,2026-07-31 18:02:22,dashboard,,,,
3722,det_ac03882e,green,0.673,31,2026-07-31 18:02:22,dashboard,,,,
3719,det_a2271691,green,0.67,31,2026-07-31 18:02:08,dashboard,,,,
3720,det_a02ac23d,green,0.58,31,2026-07-31 18:02:08,dashboard,,,,
3717,det_831291ab,green,0.701,31,2026-07-31 18:02:07,dashboard,,,,
3718,det_f9808353,green,0.703,31,2026-07-31 18:02:07,dashboard,,,,
3716,det_f23df16f,breaker,0.696,29,2026-07-31 18:01:55,dashboard,,,,
3715,det_1b6165e1,breaker,0.709,29,2026-07-31 18:01:01,dashboard,,,,
3714,det_2e634801,breaker,0.709,29,2026-07-31 18:00:59,dashboard,,,,
3713,det_66d97c99,breaker,0.704,29,2026-07-31 18:00:56,dashboard,,,,
3712,det_89c938cd,breaker,0.703,29,2026-07-31 18:00:52,dashboard,,,,
3711,det_e3c2c0f4,breaker,0.705,29,2026-07-31 18:00:50,dashboard,,,,
3710,det_58440c63,breaker,0.702,29,2026-07-31 18:00:49,dashboard,,,,
3708,det_7214126e,breaker,0.705,29,2026-07-31 18:00:48,dashboard,,,,
3709,det_40dcc683,breaker,0.703,29,2026-07-31 18:00:48,dashboard,,,,
3707,det_c5a31186,breaker,0.712,29,2026-07-31 18:00:43,dashboard,,,,
3705,det_a8b90866,breaker,0.706,29,2026-07-31 18:00:40,dashboard,,,,
3706,det_2d08fe41,breaker,0.702,29,2026-07-31 18:00:40,dashboard,,,,
3704,det_a78254c4,breaker,0.726,29,2026-07-31 18:00:39,dashboard,,,,
3703,det_0401ab02,breaker,0.701,29,2026-07-31 18:00:38,dashboard,,,,
3702,det_3e1858a0,breaker,0.694,29,2026-07-31 17:56:25,dashboard,,,,
3700,det_593b3c94,breaker,0.704,29,2026-07-31 17:56:24,dashboard,,,,
3701,det_7c47be8e,breaker,0.707,29,2026-07-31 17:56:24,dashboard,,,,
3699,det_b20e62d9,breaker,0.701,29,2026-07-31 17:56:20,dashboard,,,,
3698,det_c6fc6f1f,breaker,0.705,29,2026-07-31 17:56:19,dashboard,,,,
3696,det_aa60fd51,breaker,0.703,29,2026-07-31 17:56:18,dashboard,,,,
3697,det_03f21568,breaker,0.71,29,2026-07-31 17:56:18,dashboard,,,,
3694,det_a83a83d9,green,0.737,31,2026-07-31 17:56:14,dashboard,,,,
3695,det_a25dde2a,green,0.676,31,2026-07-31 17:56:14,dashboard,,,,
3692,det_718e118c,green,0.582,31,2026-07-31 17:56:13,dashboard,,,,
3693,det_7e35823d,green,0.694,31,2026-07-31 17:56:13,dashboard,,,,
3691,det_0494accb,green,0.633,31,2026-07-31 17:56:11,dashboard,,,,
3689,det_dc3969f2,red,0.818,12,2026-07-31 17:55:11,dashboard,,,,
3690,det_0c999b17,red,0.658,12,2026-07-31 17:55:11,dashboard,,,,
3688,det_e978f3fe,red,0.628,12,2026-07-31 17:55:10,dashboard,,,,
3687,det_bcd2637a,red,0.679,12,2026-07-31 17:55:09,dashboard,,,,
3686,det_8628d71a,red,0.707,12,2026-07-31 17:55:08,dashboard,,,,
3685,det_0ecaf2c2,red,0.705,12,2026-07-31 17:55:02,dashboard,,,,
3684,det_e587144c,red,0.697,12,2026-07-31 17:49:16,dashboard,,,,
3683,det_b02a3c3e,red,0.707,12,2026-07-31 17:41:44,dashboard,,,,
3682,det_ab1d23b1,red,0.705,12,2026-07-31 17:41:42,dashboard,,,,
3681,det_e00445e4,red,0.716,12,2026-07-31 17:41:41,dashboard,,,,
3680,det_908eaaec,red,0.705,12,2026-07-31 17:41:37,dashboard,,,,
3679,det_d4111acb,red,0.709,12,2026-07-31 17:41:36,dashboard,,,,
3678,det_921b673d,red,0.662,12,2026-07-29 14:40:37,dashboard,,,,
3677,det_fe4c458c,turning,0.86,24,2026-07-29 14:40:29,dashboard,,,,
3676,det_d2bfc2eb,turning,0.626,24,2026-07-29 14:40:25,dashboard,,,,
3674,det_6ab51c7d,breaker,0.507,29,2026-07-29 14:40:20,dashboard,,,,
3675,det_7ff28ce8,breaker,0.473,29,2026-07-29 14:40:20,dashboard,,,,
3672,det_51192cf1,breaker,0.454,29,2026-07-29 14:40:19,dashboard,,,,
3673,det_6169a7ee,breaker,0.468,29,2026-07-29 14:40:19,dashboard,,,,
3671,det_22d5217d,breaker,0.495,29,2026-07-29 14:40:17,dashboard,,,,
3670,det_fe184247,turning,0.496,24,2026-07-29 14:40:16,dashboard,,,,
3669,det_da283157,breaker,0.538,29,2026-07-29 14:40:14,dashboard,,,,
3668,det_99c0527a,breaker,0.496,29,2026-07-29 14:40:13,dashboard,,,,
3667,det_ded568c7,green,0.499,31,2026-07-29 14:40:10,dashboard,,,,
3666,det_0907f7ed,defect,0.829,0,2026-07-29 14:39:42,dashboard,,,,
3665,det_f563d528,red,0.515,12,2026-07-29 14:39:41,dashboard,,,,
3664,det_4c27db4e,red,0.577,12,2026-07-29 14:39:36,dashboard,,,,
3663,det_d3c0942c,red,0.546,12,2026-07-29 14:39:35,dashboard,,,,
3662,det_59e1fc89,red,0.517,12,2026-07-29 14:39:33,dashboard,,,,
3660,det_66523a72,defect,0.811,0,2026-07-29 14:39:29,dashboard,,,,
3661,det_e0c3336c,red,0.639,12,2026-07-29 14:39:29,dashboard,,,,
3659,det_dad0d122,red,0.596,12,2026-07-29 14:33:01,dashboard,,,,
3658,det_7e0d80c0,red,0.705,12,2026-07-29 14:33:00,dashboard,,,,
3657,det_3c32b6f6,red,0.494,12,2026-07-29 14:32:44,dashboard,,,,
3655,det_fc2bf57f,red,0.487,12,2026-07-29 14:32:42,dashboard,,,,
3656,det_cfa951b0,red,0.485,12,2026-07-29 14:32:42,dashboard,,,,
3654,det_178c8417,red,0.502,12,2026-07-29 14:32:41,dashboard,,,,
3653,det_a60c8aab,red,0.496,12,2026-07-29 14:32:40,dashboard,,,,
3652,det_3651eb54,red,0.495,12,2026-07-29 14:32:38,dashboard,,,,
3651,det_debf4836,red,0.48,12,2026-07-29 14:32:37,dashboard,,,,
3650,det_52b83735,red,0.468,12,2026-07-29 14:32:36,dashboard,,,,
3647,det_f79b7dd8,red,0.466,12,2026-07-29 14:32:30,dashboard,,,,
3648,det_1d7add31,red,0.475,12,2026-07-29 14:32:30,dashboard,,,,
3649,det_397b9847,red,0.486,12,2026-07-29 14:32:30,dashboard,,,,
3645,det_8df2a82d,red,0.489,12,2026-07-29 14:32:29,dashboard,,,,
3646,det_11a87d48,red,0.488,12,2026-07-29 14:32:29,dashboard,,,,
3644,det_ad5a24cd,red,0.5,12,2026-07-29 14:32:23,dashboard,,,,
3643,det_8544d60f,red,0.497,12,2026-07-29 14:32:22,dashboard,,,,
3641,det_fa2613eb,red,0.479,12,2026-07-29 14:32:21,dashboard,,,,
3642,det_a5a5681c,red,0.502,12,2026-07-29 14:32:21,dashboard,,,,
3640,det_0fa90729,red,0.497,12,2026-07-29 14:32:20,dashboard,,,,
3638,det_b62bc679,red,0.495,12,2026-07-29 14:32:19,dashboard,,,,
3639,det_cd8ba219,red,0.502,12,2026-07-29 14:32:19,dashboard,,,,
3637,det_05e4d321,red,0.508,12,2026-07-29 14:32:18,dashboard,,,,
3636,det_63d1279b,red,0.489,12,2026-07-29 14:32:17,dashboard,,,,
3635,det_6ab7a4de,red,0.702,12,2026-07-29 14:32:12,dashboard,,,,
3634,det_448be318,red,0.731,12,2026-07-29 14:22:31,dashboard,,,,
3633,det_770196d2,red,0.711,12,2026-07-29 14:22:28,dashboard,,,,
3632,det_6d28ae55,red,0.669,12,2026-07-29 14:22:27,dashboard,,,,
3631,det_d6c9358c,red,0.625,12,2026-07-29 14:22:25,dashboard,,,,
3630,det_3d4eed36,red,0.786,12,2026-07-29 14:22:24,dashboard,,,,
3629,det_02a6988d,red,0.659,12,2026-07-29 14:22:16,dashboard,,,,
3628,det_060fc929,defect,0.81,0,2026-07-29 13:53:41,dashboard,,,,
3627,det_f89e588d,breaker,0.513,29,2026-07-29 13:27:49,dashboard,,,,
3626,det_abcdb5e9,red,0.68,12,2026-07-29 13:15:31,dashboard,,,,
3625,det_1cb1efee,red,0.504,12,2026-07-29 13:15:30,dashboard,,,,
3624,det_ce411d47,red,0.473,12,2026-07-29 13:15:28,dashboard,,,,
3621,det_4e954e81,red,0.516,12,2026-07-29 13:15:27,dashboard,,,,
3622,det_ff84ea86,red,0.523,12,2026-07-29 13:15:27,dashboard,,,,
3623,det_0d9ff871,red,0.493,12,2026-07-29 13:15:27,dashboard,,,,
3618,det_6817a28c,red,0.507,12,2026-07-29 13:15:26,dashboard,,,,
3619,det_3e234784,red,0.485,12,2026-07-29 13:15:26,dashboard,,,,
3620,det_f4df4eca,red,0.509,12,2026-07-29 13:15:26,dashboard,,,,
3617,det_a0caecf8,red,0.501,12,2026-07-29 13:15:24,dashboard,,,,
3616,det_2d370f9e,red,0.505,12,2026-07-29 13:15:23,dashboard,,,,
3615,det_45f10357,red,0.499,12,2026-07-29 13:15:22,dashboard,,,,
3614,det_c141fd40,red,0.496,12,2026-07-29 13:15:21,dashboard,,,,
3613,det_d344ea8b,red,0.5,12,2026-07-29 13:15:19,dashboard,,,,
3612,det_abd9f0a1,red,0.512,12,2026-07-29 13:15:17,dashboard,,,,
3611,det_5b69fde5,red,0.697,12,2026-07-29 13:15:13,dashboard,,,,
3610,det_90a02c5c,red,0.552,12,2026-07-29 13:13:40,dashboard,,,,
3609,det_404d4cb1,red,0.582,12,2026-07-29 13:13:39,dashboard,,,,
3608,det_ef64b876,red,0.609,12,2026-07-29 13:13:29,dashboard,,,,
3607,det_91bb5ec2,breaker,0.661,29,2026-07-29 13:03:54,dashboard,,,,
3606,det_49d8db5a,breaker,0.568,29,2026-07-29 13:03:52,dashboard,,,,
3605,det_c6eb860c,breaker,0.616,29,2026-07-29 13:03:50,dashboard,,,,
3604,det_086864b5,breaker,0.628,29,2026-07-29 13:03:46,dashboard,,,,
3603,det_2cdaa555,breaker,0.651,29,2026-07-29 13:03:39,dashboard,,,,
3602,det_05ef77fd,red,0.523,12,2026-07-29 13:03:35,dashboard,,,,
3601,det_3c5966c9,red,0.502,12,2026-07-29 13:03:34,dashboard,,,,
3600,det_067f78de,red,0.465,12,2026-07-29 13:03:33,dashboard,,,,
3598,det_9f36be52,red,0.499,12,2026-07-29 13:03:32,dashboard,,,,
3599,det_d8eec9b0,red,0.516,12,2026-07-29 13:03:32,dashboard,,,,
3597,det_bee1cf49,red,0.59,12,2026-07-29 13:03:31,dashboard,,,,
3595,det_b97d8c12,red,0.523,12,2026-07-29 13:03:30,dashboard,,,,
3596,det_3b71b350,red,0.56,12,2026-07-29 13:03:30,dashboard,,,,
3594,det_d6b92dd8,red,0.565,12,2026-07-29 13:03:29,dashboard,,,,
3593,det_328022fc,red,0.575,12,2026-07-29 13:03:28,dashboard,,,,
3592,det_4b4ade0b,red,0.768,12,2026-07-29 12:58:10,dashboard,,,,
3591,det_f2a6a6da,red,0.572,12,2026-07-29 12:57:41,dashboard,,,,
3590,det_ca7fe5b8,green,0.763,31,2026-07-29 12:52:07,dashboard,,,,
3589,det_35112b11,red,0.701,12,2026-07-29 12:49:30,dashboard,,,,
3588,det_2e81e6d5,red,0.549,12,2026-07-29 12:49:03,dashboard,,,,
3587,det_9dbfd466,green,0.75,31,2026-07-29 12:49:02,dashboard,,,,
3586,det_8eacd12f,breaker,0.497,29,2026-07-29 12:48:35,dashboard,,,,
3585,det_35b23c81,breaker,0.498,29,2026-07-29 12:48:33,dashboard,,,,
3584,det_9eed049d,breaker,0.493,29,2026-07-29 12:48:31,dashboard,,,,
3583,det_4eebf0e8,breaker,0.502,29,2026-07-29 12:48:28,dashboard,,,,
3582,det_53cd7586,breaker,0.534,29,2026-07-29 12:48:26,dashboard,,,,
3581,det_f7dfe3fb,green,0.544,31,2026-07-29 12:48:25,dashboard,,,,
3580,det_ccbeb5e1,breaker,0.528,29,2026-07-29 12:48:24,dashboard,,,,
3579,det_7aec2866,breaker,0.517,29,2026-07-29 12:48:23,dashboard,,,,
3576,det_f8baf83a,breaker,0.479,29,2026-07-29 12:48:20,dashboard,,,,
3577,det_b6d4fb71,breaker,0.502,29,2026-07-29 12:48:20,dashboard,,,,
3578,det_2b9befde,breaker,0.507,29,2026-07-29 12:48:20,dashboard,,,,
3575,det_e62a7c6b,breaker,0.496,29,2026-07-29 12:48:19,dashboard,,,,
3574,det_feaa56a8,defect,0.808,0,2026-07-29 12:47:56,dashboard,,,,
3573,det_17fbb5d9,red,0.736,12,2026-07-29 12:47:10,dashboard,,,,
3571,det_9b911ec6,breaker,0.574,29,2026-07-29 12:45:40,dashboard,,,,
3572,det_220f90e3,green,0.46,31,2026-07-29 12:45:40,dashboard,,,,
3570,det_9d69e479,breaker,0.535,29,2026-07-29 12:45:22,dashboard,,,,
3568,det_24c997d6,breaker,0.502,29,2026-07-29 12:45:21,dashboard,,,,
3569,det_2625f733,breaker,0.498,29,2026-07-29 12:45:21,dashboard,,,,
3566,det_a40a5678,breaker,0.487,29,2026-07-29 12:45:20,dashboard,,,,
3567,det_b00d07a9,breaker,0.487,29,2026-07-29 12:45:20,dashboard,,,,
3565,det_8f071b3b,breaker,0.487,29,2026-07-29 12:45:19,dashboard,,,,
3564,det_1d7e0769,breaker,0.452,29,2026-07-29 12:45:18,dashboard,,,,
3563,det_47511036,breaker,0.504,29,2026-07-29 12:45:17,dashboard,,,,
3562,det_7af67ced,breaker,0.5,29,2026-07-29 12:45:16,dashboard,,,,
3561,det_f0aab540,breaker,0.516,29,2026-07-29 12:45:15,dashboard,,,,
3559,det_ef22b937,breaker,0.483,29,2026-07-29 12:45:14,dashboard,,,,
3560,det_57691e32,breaker,0.506,29,2026-07-29 12:45:14,dashboard,,,,
3558,det_4a85aeb4,breaker,0.547,29,2026-07-29 12:45:13,dashboard,,,,
3556,det_74b55892,breaker,0.478,29,2026-07-29 12:45:12,dashboard,,,,
3557,det_fc256f38,breaker,0.497,29,2026-07-29 12:45:12,dashboard,,,,
3555,det_bd3c18d4,breaker,0.58,29,2026-07-29 12:45:11,dashboard,,,,
3554,det_988886df,breaker,0.508,29,2026-07-29 12:45:10,dashboard,,,,
3552,det_4e2e2e25,breaker,0.521,29,2026-07-29 12:45:09,dashboard,,,,
3553,det_9e1406a4,breaker,0.513,29,2026-07-29 12:45:09,dashboard,,,,
3549,det_62f13bda,breaker,0.503,29,2026-07-29 12:45:06,dashboard,,,,
3550,det_8bf0597a,breaker,0.549,29,2026-07-29 12:45:06,dashboard,,,,
3551,det_6c6de257,breaker,0.461,29,2026-07-29 12:45:06,dashboard,,,,
3546,det_6f693f33,breaker,0.453,29,2026-07-29 12:45:05,dashboard,,,,
3547,det_657ae1a9,breaker,0.511,29,2026-07-29 12:45:05,dashboard,,,,
3548,det_fe872f19,breaker,0.531,29,2026-07-29 12:45:05,dashboard,,,,
3544,det_2ee33937,breaker,0.575,29,2026-07-29 12:45:04,dashboard,,,,
3545,det_6d5bddaa,breaker,0.499,29,2026-07-29 12:45:04,dashboard,,,,
3542,det_76c9e6fd,green,0.495,31,2026-07-29 12:45:02,dashboard,,,,
3543,det_d76bc2f5,breaker,0.559,29,2026-07-29 12:45:02,dashboard,,,,
3541,det_13369a34,green,0.473,31,2026-07-29 12:45:01,dashboard,,,,
3540,det_97c7e194,breaker,0.464,29,2026-07-29 12:45:00,dashboard,,,,
3539,det_1bf743f7,breaker,0.464,29,2026-07-29 12:44:58,dashboard,,,,
3537,det_c49cfd51,breaker,0.457,29,2026-07-29 12:44:54,dashboard,,,,
3538,det_2e8504ff,breaker,0.462,29,2026-07-29 12:44:54,dashboard,,,,
3536,det_f381d505,red,0.727,12,2026-07-29 12:44:39,dashboard,,,,
3535,det_997e436e,red,0.543,12,2026-07-29 12:44:04,dashboard,,,,
3534,det_e66df21c,red,0.699,12,2026-07-29 12:44:02,dashboard,,,,
3531,det_6f1b3652,red,0.501,12,2026-07-29 12:43:58,dashboard,,,,
3532,det_d66a7c7e,red,0.494,12,2026-07-29 12:43:58,dashboard,,,,
3533,det_8ba0d7a7,red,0.492,12,2026-07-29 12:43:58,dashboard,,,,
3530,det_b9cf0a30,red,0.477,12,2026-07-29 12:43:57,dashboard,,,,
3529,det_86257d31,red,0.504,12,2026-07-29 12:43:56,dashboard,,,,
3527,det_fbe04c43,red,0.506,12,2026-07-29 12:43:54,dashboard,,,,
3528,det_c524933f,red,0.518,12,2026-07-29 12:43:54,dashboard,,,,
3525,det_c9abe295,red,0.53,12,2026-07-29 12:43:53,dashboard,,,,
3526,det_6dfba500,red,0.531,12,2026-07-29 12:43:53,dashboard,,,,
3524,det_8dee17af,red,0.484,12,2026-07-29 12:43:52,dashboard,,,,
3521,det_40d5ca25,red,0.543,12,2026-07-29 12:43:51,dashboard,,,,
3522,det_a2826d40,red,0.497,12,2026-07-29 12:43:51,dashboard,,,,
3523,det_ddcc8a6b,red,0.513,12,2026-07-29 12:43:51,dashboard,,,,
3518,det_e83becec,red,0.498,12,2026-07-29 12:43:50,dashboard,,,,
3519,det_d007ec1d,red,0.516,12,2026-07-29 12:43:50,dashboard,,,,
3520,det_635b4b92,red,0.481,12,2026-07-29 12:43:50,dashboard,,,,
3516,det_a1ccb77b,red,0.515,12,2026-07-29 12:43:49,dashboard,,,,
3517,det_3f13f77d,red,0.467,12,2026-07-29 12:43:49,dashboard,,,,
3513,det_cec8ae21,red,0.525,12,2026-07-29 12:43:48,dashboard,,,,
3514,det_97c4f36d,red,0.543,12,2026-07-29 12:43:48,dashboard,,,,
3515,det_5dad3dc2,red,0.492,12,2026-07-29 12:43:48,dashboard,,,,
3511,det_4fb62514,red,0.476,12,2026-07-29 12:43:47,dashboard,,,,
3512,det_45762fc3,red,0.511,12,2026-07-29 12:43:47,dashboard,,,,
3510,det_5f8cdb30,red,0.513,12,2026-07-29 12:43:46,dashboard,,,,
3508,det_1240e8c4,red,0.526,12,2026-07-29 12:43:45,dashboard,,,,
3509,det_41c2e01b,red,0.477,12,2026-07-29 12:43:45,dashboard,,,,
3507,det_5a249f00,turning,0.864,24,2026-07-29 12:43:30,dashboard,,,,
3506,det_b9f15b86,turning,0.785,24,2026-07-29 12:43:25,dashboard,,,,
3505,det_5ecf1799,green,0.717,31,2026-07-29 12:42:44,dashboard,,,,
3504,det_04c5a71b,red,0.467,12,2026-07-29 12:42:16,dashboard,,,,
3501,det_4cff98bb,red,0.482,12,2026-07-29 12:42:15,dashboard,,,,
3502,det_d1e9417a,red,0.47,12,2026-07-29 12:42:15,dashboard,,,,
3503,det_697ffec1,red,0.464,12,2026-07-29 12:42:15,dashboard,,,,
3499,det_ea482e2b,red,0.478,12,2026-07-29 12:42:14,dashboard,,,,
3500,det_fc72f210,red,0.467,12,2026-07-29 12:42:14,dashboard,,,,
3498,det_bb01a354,red,0.471,12,2026-07-29 12:42:13,dashboard,,,,
3497,det_cdc07a8b,red,0.474,12,2026-07-29 12:42:12,dashboard,,,,
3494,det_a213e20e,red,0.467,12,2026-07-29 12:42:11,dashboard,,,,
3495,det_489046c9,red,0.457,12,2026-07-29 12:42:11,dashboard,,,,
3496,det_55a5900c,red,0.474,12,2026-07-29 12:42:11,dashboard,,,,
3492,det_bd84e6a2,red,0.461,12,2026-07-29 12:42:10,dashboard,,,,
3493,det_297657fe,red,0.479,12,2026-07-29 12:42:10,dashboard,,,,
3491,det_2d9734c3,red,0.477,12,2026-07-29 12:42:09,dashboard,,,,
3488,det_cb54703f,red,0.468,12,2026-07-29 12:42:08,dashboard,,,,
3489,det_ea69290c,red,0.472,12,2026-07-29 12:42:08,dashboard,,,,
3490,det_82cfb127,red,0.464,12,2026-07-29 12:42:08,dashboard,,,,
3485,det_d43117af,red,0.479,12,2026-07-29 12:42:06,dashboard,,,,
3486,det_c2bab2a9,red,0.478,12,2026-07-29 12:42:06,dashboard,,,,
3487,det_fc806a4e,red,0.466,12,2026-07-29 12:42:06,dashboard,,,,
3484,det_f6b28296,red,0.478,12,2026-07-29 12:42:05,dashboard,,,,
3481,det_a9ab87b1,breaker,0.502,29,2026-07-29 12:41:05,dashboard,,,,
3482,det_6a72d6dd,breaker,0.494,29,2026-07-29 12:41:05,dashboard,,,,
3483,det_ca7aa08b,breaker,0.495,29,2026-07-29 12:41:05,dashboard,,,,
3480,det_5625d33b,breaker,0.57,29,2026-07-29 12:41:04,dashboard,,,,
3479,det_e11342ed,breaker,0.659,29,2026-07-29 12:41:03,dashboard,,,,
3478,det_79e6b81d,breaker,0.565,29,2026-07-29 12:40:51,dashboard,,,,
3475,det_fb692af5,red,0.716,12,2026-07-29 12:40:20,dashboard,,,,
3476,det_8ac3397a,red,0.551,12,2026-07-29 12:40:20,dashboard,,,,
3477,det_f3fff942,red,0.602,12,2026-07-29 12:40:20,dashboard,,,,
3474,det_db5e65ca,red,0.498,12,2026-07-29 12:40:16,dashboard,,,,
3473,det_3e135fff,breaker,0.551,29,2026-07-29 12:40:06,dashboard,,,,
3472,det_e16bcc58,breaker,0.546,29,2026-07-29 12:40:04,dashboard,,,,
3471,det_371381be,breaker,0.548,29,2026-07-29 12:39:56,dashboard,,,,
3470,det_f224db3e,red,0.501,12,2026-07-29 12:39:26,dashboard,,,,
3469,det_55549831,red,0.715,12,2026-07-29 12:39:20,dashboard,,,,
3468,det_aab3f422,green,0.504,31,2026-07-29 12:37:58,dashboard,,,,
3465,det_dcce67b3,turning,0.485,24,2026-07-29 12:37:54,dashboard,,,,
3466,det_207a8817,turning,0.488,24,2026-07-29 12:37:54,dashboard,,,,
3467,det_f297ed0d,turning,0.492,24,2026-07-29 12:37:54,dashboard,,,,
3463,det_9a9a545c,turning,0.482,24,2026-07-29 12:37:50,dashboard,,,,
3464,det_02252774,turning,0.494,24,2026-07-29 12:37:50,dashboard,,,,
3461,det_954a575f,breaker,0.494,29,2026-07-29 12:37:49,dashboard,,,,
3462,det_51bfcc22,breaker,0.474,29,2026-07-29 12:37:49,dashboard,,,,
3460,det_c70587b1,breaker,0.484,29,2026-07-29 12:37:47,dashboard,,,,
3458,det_394b7111,breaker,0.54,29,2026-07-29 12:37:45,dashboard,,,,
3459,det_39cf571d,breaker,0.546,29,2026-07-29 12:37:45,dashboard,,,,
3457,det_a5e2e7e4,breaker,0.553,29,2026-07-29 12:37:44,dashboard,,,,
3456,det_2906938e,red,0.471,12,2026-07-29 12:37:39,dashboard,,,,
3455,det_fcfe6141,red,0.478,12,2026-07-29 12:37:33,dashboard,,,,
3454,det_d08234a4,red,0.473,12,2026-07-29 12:37:18,dashboard,,,,
3453,det_1b87c18e,red,0.464,12,2026-07-29 12:37:17,dashboard,,,,
3452,det_828b472a,red,0.528,12,2026-07-29 12:37:16,dashboard,,,,
3451,det_7dac4847,red,0.479,12,2026-07-29 12:24:34,dashboard,,,,
3449,det_8b489eaa,red,0.468,12,2026-07-29 12:24:33,dashboard,,,,
3450,det_619b5e37,red,0.528,12,2026-07-29 12:24:33,dashboard,,,,
3448,det_af16b2b5,red,0.589,12,2026-07-29 12:24:32,dashboard,,,,
3447,det_d7cd2fe2,red,0.626,12,2026-07-29 12:24:29,dashboard,,,,
3446,det_1fe7b956,red,0.509,12,2026-07-29 12:24:16,dashboard,,,,
3445,det_11188084,red,0.518,12,2026-07-29 12:24:14,dashboard,,,,
3444,det_af265058,red,0.781,12,2026-07-29 12:23:18,dashboard,,,,
3443,det_7098298e,turning,0.82,24,2026-07-29 12:23:11,dashboard,,,,
3442,det_bc0e1b1f,turning,0.727,24,2026-07-29 12:23:07,dashboard,,,,
3441,det_f761787d,turning,0.714,24,2026-07-29 12:23:06,dashboard,,,,
3440,det_8e46f8d4,red,0.787,12,2026-07-29 12:23:03,dashboard,,,,
3439,det_fdfd3db8,red,0.723,12,2026-07-29 12:22:58,dashboard,,,,
3438,det_881c8415,breaker,0.677,29,2026-07-29 12:22:52,dashboard,,,,
3437,det_370ebd7e,breaker,0.513,29,2026-07-29 12:22:44,dashboard,,,,
3436,det_cc3748f0,turning,0.733,24,2026-07-26 08:57:08,dashboard,,,,
3435,det_1785c7a2,green,0.642,31,2026-07-26 08:56:52,dashboard,,,,
3434,det_c689fc2e,red,0.556,12,2026-07-26 08:56:36,dashboard,,,,
3433,det_d34e0e63,red,0.579,12,2026-07-26 08:56:31,dashboard,,,,
3432,det_268f77a2,red,0.542,12,2026-07-26 08:56:30,dashboard,,,,
3430,det_44e86008,red,0.557,12,2026-07-26 08:56:27,dashboard,,,,
3431,det_9d5f7756,red,0.556,12,2026-07-26 08:56:27,dashboard,,,,
3429,det_be50d3d6,red,0.517,12,2026-07-26 08:56:26,dashboard,,,,
3427,det_64c80d4a,red,0.56,12,2026-07-26 08:56:25,dashboard,,,,
3428,det_d82e76c3,red,0.487,12,2026-07-26 08:56:25,dashboard,,,,
3426,det_f7dc0327,red,0.532,12,2026-07-26 08:56:23,dashboard,,,,
3425,det_ded02e08,turning,0.563,24,2026-07-26 08:55:35,dashboard,,,,
3424,det_7cbf994e,red,0.482,12,2026-07-26 08:55:28,dashboard,,,,
3423,det_d68c8970,red,0.56,12,2026-07-26 08:55:17,dashboard,,,,
3421,det_64ffc78b,red,0.502,12,2026-07-26 08:55:15,dashboard,,,,
3422,det_66b09eb7,red,0.475,12,2026-07-26 08:55:15,dashboard,,,,
3420,det_7e0a770c,red,0.541,12,2026-07-26 08:55:13,dashboard,,,,
3419,det_8f417395,red,0.482,12,2026-07-26 08:55:12,dashboard,,,,
3417,det_c94f0f06,red,0.457,12,2026-07-26 08:55:11,dashboard,,,,
3418,det_be0ee4f9,red,0.474,12,2026-07-26 08:55:11,dashboard,,,,
3415,det_c57953f8,red,0.546,12,2026-07-26 08:55:10,dashboard,,,,
3416,det_3acc989e,red,0.5,12,2026-07-26 08:55:10,dashboard,,,,
3414,det_96cf5922,red,0.502,12,2026-07-26 08:55:08,dashboard,,,,
3413,det_6bea0dd4,red,0.524,12,2026-07-26 08:55:07,dashboard,,,,
3412,det_f0556919,red,0.514,12,2026-07-26 08:55:06,dashboard,,,,
3411,det_5f348ef6,turning,0.633,24,2026-07-26 08:55:03,dashboard,,,,
3410,det_a7bdd7be,turning,0.462,24,2026-07-26 08:54:57,dashboard,,,,
3409,det_b7f61509,turning,0.501,24,2026-07-26 08:54:52,dashboard,,,,
3408,det_a67e1032,turning,0.507,24,2026-07-26 08:54:47,dashboard,,,,
3407,det_455e1ec7,turning,0.629,24,2026-07-26 08:54:46,dashboard,,,,
3406,det_89ee4381,turning,0.499,24,2026-07-26 08:54:45,dashboard,,,,
3404,det_1058c5ba,turning,0.471,24,2026-07-26 08:54:44,dashboard,,,,
3405,det_9533d580,turning,0.551,24,2026-07-26 08:54:44,dashboard,,,,
3402,det_c2498f43,turning,0.582,24,2026-07-26 08:54:41,dashboard,,,,
3403,det_6b4f7bcb,turning,0.542,24,2026-07-26 08:54:41,dashboard,,,,
3401,det_7c658aa1,turning,0.641,24,2026-07-26 08:54:40,dashboard,,,,
3400,det_791aad7c,turning,0.481,24,2026-07-26 08:54:39,dashboard,,,,
3399,det_5f5f4db2,turning,0.489,24,2026-07-26 08:54:32,dashboard,,,,
3398,det_555c810c,turning,0.522,24,2026-07-26 08:54:31,dashboard,,,,
3397,det_356006a3,defect,0.821,0,2026-07-26 08:53:20,dashboard,,,,
3396,det_61bd28c1,defect,0.838,0,2026-07-26 08:52:34,dashboard,,,,
3395,det_d1faa7da,defect,0.846,0,2026-07-26 08:50:18,dashboard,,,,
3394,det_73b29aad,red,0.556,12,2026-07-26 08:50:07,dashboard,,,,
3392,det_19e0bd23,defect,0.846,0,2026-07-26 08:50:06,dashboard,,,,
3393,det_7e75d75f,red,0.587,12,2026-07-26 08:50:06,dashboard,,,,
3391,det_b47b4ac7,turning,0.712,24,2026-07-26 08:49:45,dashboard,,,,
3389,det_6054ac38,turning,0.612,24,2026-07-26 08:49:12,dashboard,,,,
3390,det_89fc1b53,turning,0.639,24,2026-07-26 08:49:12,dashboard,,,,
3388,det_86f5f9a6,turning,0.528,24,2026-07-26 08:49:09,dashboard,,,,
3387,det_e17625fb,turning,0.478,24,2026-07-26 08:49:08,dashboard,,,,
3385,det_9e6e6b01,turning,0.513,24,2026-07-26 08:49:07,dashboard,,,,
3386,det_b98dbec8,turning,0.51,24,2026-07-26 08:49:07,dashboard,,,,
3383,det_2a518b2f,turning,0.568,24,2026-07-26 08:49:06,dashboard,,,,
3384,det_e2d5f5da,turning,0.537,24,2026-07-26 08:49:06,dashboard,,,,
3382,det_3f608e29,turning,0.53,24,2026-07-26 08:49:05,dashboard,,,,
3380,det_c51b480b,turning,0.498,24,2026-07-26 08:49:04,dashboard,,,,
3381,det_e503d7d8,turning,0.528,24,2026-07-26 08:49:04,dashboard,,,,
3378,det_555ee4fc,turning,0.671,24,2026-07-26 08:49:03,dashboard,,,,
3379,det_d570a5ca,turning,0.558,24,2026-07-26 08:49:03,dashboard,,,,
3377,det_78400515,turning,0.541,24,2026-07-26 08:49:02,dashboard,,,,
3375,det_f9b97774,turning,0.538,24,2026-07-26 08:49:01,dashboard,,,,
3376,det_787a72c6,turning,0.568,24,2026-07-26 08:49:01,dashboard,,,,
3372,det_f8bc9c99,turning,0.57,24,2026-07-26 08:49:00,dashboard,,,,
3373,det_31362584,turning,0.502,24,2026-07-26 08:49:00,dashboard,,,,
3374,det_e1ab89e3,turning,0.475,24,2026-07-26 08:49:00,dashboard,,,,
3371,det_3c2edfd6,turning,0.711,24,2026-07-26 08:48:59,dashboard,,,,
3368,det_7bb76f1c,turning,0.605,24,2026-07-26 08:48:58,dashboard,,,,
3369,det_dff9325b,turning,0.567,24,2026-07-26 08:48:58,dashboard,,,,
3370,det_ed1e5751,turning,0.533,24,2026-07-26 08:48:58,dashboard,,,,
3367,det_e2d8e773,turning,0.492,24,2026-07-26 08:48:57,dashboard,,,,
3364,det_66c69158,turning,0.484,24,2026-07-26 08:48:56,dashboard,,,,
3365,det_0d668412,turning,0.533,24,2026-07-26 08:48:56,dashboard,,,,
3366,det_77d838fd,turning,0.518,24,2026-07-26 08:48:56,dashboard,,,,
3363,det_c0cef0f2,turning,0.511,24,2026-07-26 08:48:55,dashboard,,,,
3360,det_910c4c5c,turning,0.565,24,2026-07-26 08:48:54,dashboard,,,,
3361,det_a8c9b7dc,turning,0.496,24,2026-07-26 08:48:54,dashboard,,,,
3362,det_f8fe01a2,turning,0.53,24,2026-07-26 08:48:54,dashboard,,,,
3359,det_b9f49928,green,0.71,31,2026-07-26 08:46:51,dashboard,,,,
3358,det_e174acd9,turning,0.569,24,2026-07-26 08:29:06,dashboard,,,,
3357,det_32d2f7e7,red,0.595,12,2026-07-26 08:28:39,dashboard,,,,
3356,det_4d86ad2c,red,0.485,12,2026-07-26 08:28:16,dashboard,,,,
3355,det_f084dc8a,red,0.516,12,2026-07-26 08:28:15,dashboard,,,,
3354,det_b81fe717,red,0.48,12,2026-07-26 08:28:12,dashboard,,,,
3352,det_6347e495,red,0.537,12,2026-07-26 08:28:11,dashboard,,,,
3353,det_d8bbbc45,red,0.489,12,2026-07-26 08:28:11,dashboard,,,,
3350,det_4b043122,red,0.53,12,2026-07-26 08:28:10,dashboard,,,,
3351,det_eaf1511a,red,0.538,12,2026-07-26 08:28:10,dashboard,,,,
3349,det_a3284cab,red,0.504,12,2026-07-26 08:28:09,dashboard,,,,
3348,det_f8dd7a18,red,0.565,12,2026-07-26 08:28:08,dashboard,,,,
3347,det_dac0dd8c,green,0.695,31,2026-07-26 08:28:02,dashboard,,,,
3346,det_0f6ebccb,turning,0.679,24,2026-07-26 08:27:20,dashboard,,,,
3344,det_5c3802da,turning,0.613,24,2026-07-26 08:27:04,dashboard,,,,
3345,det_22af40bd,turning,0.512,24,2026-07-26 08:27:04,dashboard,,,,
3343,det_4546a6ba,turning,0.498,24,2026-07-26 08:27:00,dashboard,,,,
3342,det_65815939,turning,0.515,24,2026-07-26 08:26:57,dashboard,,,,
3341,det_164ac7d9,turning,0.539,24,2026-07-26 08:26:56,dashboard,,,,
3340,det_e65b9c63,turning,0.538,24,2026-07-26 08:26:55,dashboard,,,,
3339,det_5139aecb,turning,0.538,24,2026-07-26 08:26:50,dashboard,,,,
3337,det_b7971b68,turning,0.517,24,2026-07-26 08:26:49,dashboard,,,,
3338,det_5a4e69f9,turning,0.511,24,2026-07-26 08:26:49,dashboard,,,,
3336,det_c4d15f5f,turning,0.56,24,2026-07-26 08:26:48,dashboard,,,,
3335,det_eb79bb01,turning,0.603,24,2026-07-26 08:26:47,dashboard,,,,
3334,det_1603da03,turning,0.516,24,2026-07-26 08:26:46,dashboard,,,,
3333,det_269a0dec,turning,0.514,24,2026-07-26 08:26:42,dashboard,,,,
3332,det_b017f682,green,0.743,31,2026-07-26 08:26:12,dashboard,,,,
3331,det_722aed18,green,0.799,31,2026-07-26 08:26:06,dashboard,,,,
3330,det_7017b7b8,turning,0.612,24,2026-07-26 08:25:42,dashboard,,,,
3329,det_8d69ed55,turning,0.697,24,2026-07-26 08:25:38,dashboard,,,,
3328,det_5707721c,turning,0.638,24,2026-07-26 08:25:37,dashboard,,,,
3327,det_530c50a8,turning,0.545,24,2026-07-26 08:25:33,dashboard,,,,
3326,det_a9de9176,turning,0.569,24,2026-07-26 08:25:32,dashboard,,,,
3325,det_25194642,turning,0.661,24,2026-07-26 08:25:31,dashboard,,,,
3324,det_a21808a0,turning,0.641,24,2026-07-26 08:25:30,dashboard,,,,
3323,det_641d28ff,turning,0.513,24,2026-07-26 08:25:27,dashboard,,,,
3322,det_547401b9,red,0.504,12,2026-07-26 08:25:00,dashboard,,,,
3321,det_bb946878,red,0.523,12,2026-07-26 08:24:53,dashboard,,,,
3320,det_61da214c,red,0.518,12,2026-07-26 08:24:50,dashboard,,,,
3319,det_b7ecab17,red,0.55,12,2026-07-26 08:24:34,dashboard,,,,
3317,det_35a1c227,red,0.528,12,2026-07-26 08:24:30,dashboard,,,,
3318,det_0748178d,red,0.458,12,2026-07-26 08:24:30,dashboard,,,,
3316,det_e3836bfe,green,0.599,31,2026-07-26 08:24:02,dashboard,,,,
3315,det_845f0bc0,green,0.489,31,2026-07-26 08:23:46,dashboard,,,,
3314,det_f75f113b,green,0.523,31,2026-07-26 08:23:36,dashboard,,,,
3312,det_dc093346,breaker,0.616,29,2026-07-26 08:23:26,dashboard,,,,
3313,det_fa455139,green,0.49,31,2026-07-26 08:23:26,dashboard,,,,
3311,det_8256f5a5,turning,0.648,24,2026-07-26 08:23:22,dashboard,,,,
3310,det_526f6775,red,0.619,12,2026-07-26 08:22:38,dashboard,,,,
3309,det_ec2c05e4,red,0.57,12,2026-07-26 08:22:36,dashboard,,,,
3308,det_e68f9e60,red,0.493,12,2026-07-26 08:22:35,dashboard,,,,
3307,det_c910ccdf,red,0.463,12,2026-07-26 08:22:34,dashboard,,,,
3306,det_4fe7a6b3,red,0.471,12,2026-07-26 08:22:33,dashboard,,,,
3305,det_56ee0c54,red,0.517,12,2026-07-26 08:22:31,dashboard,,,,
3303,det_bcc3e8f2,red,0.555,12,2026-07-26 08:22:30,dashboard,,,,
3304,det_3ea0e85c,red,0.472,12,2026-07-26 08:22:30,dashboard,,,,
3301,det_cb09c834,red,0.488,12,2026-07-26 08:22:29,dashboard,,,,
3302,det_d0c93626,red,0.595,12,2026-07-26 08:22:29,dashboard,,,,
3299,det_e522dc8d,red,0.555,12,2026-07-26 08:22:27,dashboard,,,,
3300,det_d1370b5e,red,0.453,12,2026-07-26 08:22:27,dashboard,,,,
3297,det_0959bc23,red,0.604,12,2026-07-26 08:22:26,dashboard,,,,
3298,det_e671f88a,red,0.534,12,2026-07-26 08:22:26,dashboard,,,,
3296,det_61d4c01e,red,0.537,12,2026-07-26 08:22:17,dashboard,,,,
3294,det_539f5dca,red,0.55,12,2026-07-26 08:22:15,dashboard,,,,
3295,det_8465efc1,red,0.526,12,2026-07-26 08:22:15,dashboard,,,,
3292,det_9a86a93e,red,0.565,12,2026-07-26 08:22:14,dashboard,,,,
3293,det_2c84d13a,red,0.557,12,2026-07-26 08:22:14,dashboard,,,,
3290,det_385e83e3,red,0.518,12,2026-07-26 08:22:13,dashboard,,,,
3291,det_d3c4b432,red,0.531,12,2026-07-26 08:22:13,dashboard,,,,
3289,det_3c9190ee,red,0.515,12,2026-07-26 08:22:11,dashboard,,,,
3288,det_7d550854,red,0.463,12,2026-07-26 08:21:40,dashboard,,,,
3287,det_29cce17f,red,0.525,12,2026-07-26 08:21:39,dashboard,,,,
3286,det_d875b12a,red,0.488,12,2026-07-26 08:21:35,dashboard,,,,
3285,det_e28ec5f3,red,0.636,12,2026-07-26 08:21:30,dashboard,,,,
3284,det_1764630b,red,0.614,12,2026-07-26 08:20:58,dashboard,,,,
3283,det_ff3f6211,red,0.556,12,2026-07-26 08:20:57,dashboard,,,,
3282,det_46f146f4,red,0.527,12,2026-07-26 08:20:56,dashboard,,,,
3281,det_364d3ce3,green,0.578,31,2026-07-26 08:20:43,dashboard,,,,
3280,det_9a11a4c5,red,0.554,12,2026-07-26 08:20:28,dashboard,,,,
3279,det_85f052f7,red,0.63,12,2026-07-26 08:20:09,dashboard,,,,
3278,det_a9a1a539,breaker,0.691,29,2026-07-26 08:20:06,dashboard,,,,
3277,det_75048eeb,green,0.752,31,2026-07-26 08:19:43,dashboard,,,,
3276,det_ccac9dec,turning,0.598,24,2026-07-26 08:19:37,dashboard,,,,
3275,det_8a2e77ab,breaker,0.497,29,2026-07-26 08:19:32,dashboard,,,,
3274,det_3448ba47,red,0.598,12,2026-07-26 08:19:23,dashboard,,,,
3273,det_6f48f6ef,breaker,0.549,29,2026-07-26 08:19:17,dashboard,,,,
3271,det_e0295729,green,0.497,31,2026-07-26 08:19:16,dashboard,,,,
3272,det_3a98155a,green,0.514,31,2026-07-26 08:19:16,dashboard,,,,
3269,det_2eaaefde,green,0.489,31,2026-07-26 08:19:15,dashboard,,,,
3270,det_60e481b5,green,0.513,31,2026-07-26 08:19:15,dashboard,,,,
3266,det_81a23788,green,0.5,31,2026-07-26 08:19:14,dashboard,,,,
3267,det_97f6f5a1,green,0.514,31,2026-07-26 08:19:14,dashboard,,,,
3268,det_572e48c5,green,0.506,31,2026-07-26 08:19:14,dashboard,,,,
3265,det_943126a4,green,0.484,31,2026-07-26 08:19:13,dashboard,,,,
3264,det_158cb934,green,0.509,31,2026-07-26 08:19:12,dashboard,,,,
3263,det_8a373b8f,green,0.536,31,2026-07-26 08:19:11,dashboard,,,,
3261,det_c8eea96a,green,0.564,31,2026-07-26 08:19:10,dashboard,,,,
3262,det_ecdbf837,green,0.534,31,2026-07-26 08:19:10,dashboard,,,,
3260,det_ecfe22cd,defect,0.664,0,2026-07-26 07:28:41,dashboard,,,,
3259,det_0831954d,defect,0.784,0,2026-07-26 07:28:40,dashboard,,,,
3257,det_a4a8bb45,defect,0.689,0,2026-07-26 07:28:31,dashboard,,,,
3258,det_5470cf34,defect,0.602,0,2026-07-26 07:28:31,dashboard,,,,
3255,det_8dbe085d,defect,0.656,0,2026-07-26 07:28:26,dashboard,,,,
3256,det_088cf268,defect,0.554,0,2026-07-26 07:28:26,dashboard,,,,
3253,det_c442feb4,defect,0.593,0,2026-07-26 07:28:25,dashboard,,,,
3254,det_2424204f,defect,0.591,0,2026-07-26 07:28:25,dashboard,,,,
3250,det_4796e93e,defect,0.547,0,2026-07-26 07:28:24,dashboard,,,,
3251,det_9406f74b,defect,0.59,0,2026-07-26 07:28:24,dashboard,,,,
3252,det_7b7be0da,defect,0.519,0,2026-07-26 07:28:24,dashboard,,,,
3248,det_0702419f,defect,0.57,0,2026-07-26 07:28:22,dashboard,,,,
3249,det_9ea98dd1,defect,0.572,0,2026-07-26 07:28:22,dashboard,,,,
3246,det_cffa109c,defect,0.583,0,2026-07-26 07:28:21,dashboard,,,,
3247,det_75cf3c2f,red,0.495,12,2026-07-26 07:28:21,dashboard,,,,
3245,det_6b1a0da3,defect,0.57,0,2026-07-26 07:28:19,dashboard,,,,
3244,det_4cdf6727,defect,0.605,0,2026-07-26 07:28:17,dashboard,,,,
3243,det_ef7b2b7a,defect,0.565,0,2026-07-26 07:28:16,dashboard,,,,
3242,det_e7185922,defect,0.597,0,2026-07-26 07:28:15,dashboard,,,,
3241,det_4106e8d7,red,0.46,12,2026-07-26 07:28:14,dashboard,,,,
3239,det_c685cd40,defect,0.526,0,2026-07-26 07:28:13,dashboard,,,,
3240,det_3f1df622,defect,0.561,0,2026-07-26 07:28:13,dashboard,,,,
3238,det_404244e1,defect,0.563,0,2026-07-26 07:28:12,dashboard,,,,
3237,det_4438ac3b,defect,0.569,0,2026-07-26 07:28:11,dashboard,,,,
3235,det_991e57d0,defect,0.529,0,2026-07-26 07:28:10,dashboard,,,,
3236,det_d8281071,defect,0.558,0,2026-07-26 07:28:10,dashboard,,,,
3234,det_aa4b7cfc,defect,0.528,0,2026-07-26 07:28:09,dashboard,,,,
3232,det_6f0622a4,defect,0.546,0,2026-07-26 07:28:08,dashboard,,,,
3233,det_5b6048af,defect,0.521,0,2026-07-26 07:28:08,dashboard,,,,
3231,det_46915fe7,defect,0.562,0,2026-07-26 07:28:07,dashboard,,,,
3230,det_d622c22b,red,0.713,12,2026-07-26 07:28:06,dashboard,,,,
3228,det_6f3a9e01,red,0.561,12,2026-07-26 07:28:05,dashboard,,,,
3229,det_75df2cfd,red,0.533,12,2026-07-26 07:28:05,dashboard,,,,
3226,det_6fb412c9,defect,0.546,0,2026-07-26 07:28:04,dashboard,,,,
3227,det_c5c4c7cb,defect,0.566,0,2026-07-26 07:28:04,dashboard,,,,
3225,det_76ed23cf,defect,0.576,0,2026-07-26 07:28:03,dashboard,,,,
3224,det_eb646f4c,defect,0.554,0,2026-07-26 07:28:01,dashboard,,,,
3223,det_2b2d3cef,defect,0.564,0,2026-07-26 07:27:59,dashboard,,,,
3221,det_6523d198,defect,0.681,0,2026-07-26 07:27:58,dashboard,,,,
3222,det_56d21072,defect,0.589,0,2026-07-26 07:27:58,dashboard,,,,
3220,det_0164be68,green,0.739,31,2026-07-26 07:27:54,dashboard,,,,
3219,det_03ff9199,defect,0.648,0,2026-07-26 07:27:23,dashboard,,,,
3217,det_e2edccf4,defect,0.719,0,2026-07-26 07:27:17,dashboard,,,,
3218,det_5a4c02e1,defect,0.584,0,2026-07-26 07:27:17,dashboard,,,,
3216,det_61649e42,defect,0.723,0,2026-07-26 07:27:15,dashboard,,,,
3215,det_b595cf44,defect,0.654,0,2026-07-26 07:27:13,dashboard,,,,
3214,det_4cc41e2a,defect,0.751,0,2026-07-26 07:27:12,dashboard,,,,
3213,det_17aa8694,defect,0.709,0,2026-07-26 07:27:05,dashboard,,,,
3212,det_16108e6b,defect,0.524,0,2026-07-26 07:27:04,dashboard,,,,
3211,det_ca0107ec,defect,0.519,0,2026-07-26 07:27:02,dashboard,,,,
3210,det_841a2646,defect,0.511,0,2026-07-26 07:27:01,dashboard,,,,
3209,det_63f4fa66,turning,0.466,24,2026-07-26 07:27:00,dashboard,,,,
3208,det_e974b3ca,defect,0.522,0,2026-07-26 07:26:59,dashboard,,,,
3207,det_ab997edf,defect,0.55,0,2026-07-26 07:26:57,dashboard,,,,
3206,det_aa77ef3f,defect,0.702,0,2026-07-26 07:26:56,dashboard,,,,
3205,det_fbbb5b39,defect,0.732,0,2026-07-26 07:26:34,dashboard,,,,
3204,det_a77f0f36,defect,0.688,0,2026-07-26 07:26:24,dashboard,,,,
3203,det_de723bb2,defect,0.529,0,2026-07-26 07:26:20,dashboard,,,,
3202,det_75f104de,defect,0.667,0,2026-07-26 07:26:17,dashboard,,,,
3201,det_da1d38c3,defect,0.74,0,2026-07-26 07:13:16,dashboard,,,,
3200,det_19583177,defect,0.671,0,2026-07-26 07:13:02,dashboard,,,,
3199,det_4990862e,defect,0.527,0,2026-07-26 07:13:00,dashboard,,,,
3198,det_b56defb8,defect,0.535,0,2026-07-26 07:12:58,dashboard,,,,
3196,det_0b1c9ea4,defect,0.555,0,2026-07-26 07:12:57,dashboard,,,,
3197,det_510255f4,defect,0.605,0,2026-07-26 07:12:57,dashboard,,,,
3194,det_ab17ce4e,defect,0.565,0,2026-07-26 07:12:55,dashboard,,,,
3195,det_47196453,defect,0.583,0,2026-07-26 07:12:55,dashboard,,,,
3193,det_47b8e7d3,defect,0.671,0,2026-07-26 07:12:51,dashboard,,,,
3192,det_06ddd171,defect,0.691,0,2026-07-26 07:12:44,dashboard,,,,
3191,det_c47edcb6,defect,0.702,0,2026-07-26 07:12:17,dashboard,,,,
3190,det_df57bc4c,defect,0.637,0,2026-07-26 07:12:00,dashboard,,,,
3189,det_69049e82,defect,0.724,0,2026-07-26 07:11:58,dashboard,,,,
3188,det_6a44596b,turning,0.654,24,2026-07-26 07:11:57,dashboard,,,,
3187,det_658f001e,turning,0.655,24,2026-07-26 07:11:55,dashboard,,,,
3186,det_03015bf8,defect,0.509,0,2026-07-26 07:11:53,dashboard,,,,
3184,det_9f0b6f4e,defect,0.586,0,2026-07-26 07:11:42,dashboard,,,,
3185,det_462f0560,defect,0.671,0,2026-07-26 07:11:42,dashboard,,,,
3183,det_e87fc4b8,defect,0.654,0,2026-07-26 07:11:41,dashboard,,,,
3181,det_73701c65,defect,0.704,0,2026-07-26 07:11:40,dashboard,,,,
3182,det_7f70d4c9,defect,0.624,0,2026-07-26 07:11:40,dashboard,,,,
3180,det_5761c08b,defect,0.704,0,2026-07-26 07:11:33,dashboard,,,,
3179,det_4aa1d865,defect,0.558,0,2026-07-26 07:11:31,dashboard,,,,
3178,det_b2663679,defect,0.598,0,2026-07-26 07:11:29,dashboard,,,,
3176,det_6d817b79,defect,0.722,0,2026-07-26 07:11:28,dashboard,,,,
3177,det_e773c2f2,turning,0.594,24,2026-07-26 07:11:28,dashboard,,,,
3175,det_74273163,defect,0.69,0,2026-07-26 07:11:11,dashboard,,,,
3174,det_3819e9ff,defect,0.511,0,2026-07-26 07:11:07,dashboard,,,,
3173,det_b253a09c,defect,0.531,0,2026-07-26 07:11:05,dashboard,,,,
3171,det_f482a544,defect,0.703,0,2026-07-26 07:11:04,dashboard,,,,
3172,det_aa0ba931,defect,0.524,0,2026-07-26 07:11:04,dashboard,,,,
3170,det_1c20e77e,defect,0.732,0,2026-07-26 07:10:56,dashboard,,,,
3169,det_6842b2da,defect,0.706,0,2026-07-26 07:10:40,dashboard,,,,
3168,det_28a62fe5,defect,0.752,0,2026-07-26 07:10:37,dashboard,,,,
3167,det_2aa4f85c,defect,0.676,0,2026-07-26 07:10:30,dashboard,,,,
3166,det_9e3f7a50,defect,0.658,0,2026-07-26 07:10:28,dashboard,,,,
3165,det_59a51559,defect,0.854,0,2026-07-26 05:18:50,dashboard,,,,
3164,det_9a4111b0,defect,0.707,0,2026-07-26 05:18:18,dashboard,,,,
3163,det_4a1ba516,defect,0.787,0,2026-07-26 05:18:14,dashboard,,,,
3162,det_054586dd,green,0.474,31,2026-07-26 05:18:13,dashboard,,,,
3160,det_6edb29ee,green,0.495,31,2026-07-26 05:18:12,dashboard,,,,
3161,det_0668190d,green,0.526,31,2026-07-26 05:18:12,dashboard,,,,
3159,det_67a0402a,green,0.496,31,2026-07-26 05:18:11,dashboard,,,,
3157,det_a8b0ceb6,green,0.54,31,2026-07-26 05:18:10,dashboard,,,,
3158,det_810d4ed8,green,0.452,31,2026-07-26 05:18:10,dashboard,,,,
3155,det_96e9eca2,green,0.461,31,2026-07-26 05:18:09,dashboard,,,,
3156,det_bace8d36,green,0.534,31,2026-07-26 05:18:09,dashboard,,,,
3154,det_34342e77,green,0.531,31,2026-07-26 05:18:08,dashboard,,,,
3153,det_92c1b0e8,green,0.554,31,2026-07-26 05:18:07,dashboard,,,,
3151,det_b09e804b,green,0.506,31,2026-07-26 05:18:06,dashboard,,,,
3152,det_80a52f50,green,0.537,31,2026-07-26 05:18:06,dashboard,,,,
3150,det_c593b93d,green,0.53,31,2026-07-26 05:18:05,dashboard,,,,
3148,det_36614dfd,green,0.505,31,2026-07-26 05:18:04,dashboard,,,,
3149,det_b942ed49,green,0.52,31,2026-07-26 05:18:04,dashboard,,,,
3146,det_ac9fbacf,green,0.514,31,2026-07-26 05:18:03,dashboard,,,,
3147,det_77b5ddff,green,0.495,31,2026-07-26 05:18:03,dashboard,,,,
3145,det_b0f2d920,green,0.481,31,2026-07-26 05:18:02,dashboard,,,,
3144,det_bf48995a,green,0.531,31,2026-07-26 05:18:01,dashboard,,,,
3141,det_ca0e8707,green,0.526,31,2026-07-26 05:18:00,dashboard,,,,
3142,det_4045a5af,green,0.58,31,2026-07-26 05:18:00,dashboard,,,,
3143,det_45db261b,green,0.501,31,2026-07-26 05:18:00,dashboard,,,,
3140,det_9585fe61,green,0.509,31,2026-07-26 05:17:59,dashboard,,,,
3138,det_67834db2,green,0.485,31,2026-07-26 05:17:58,dashboard,,,,
3139,det_e7428b45,green,0.491,31,2026-07-26 05:17:58,dashboard,,,,
3137,det_22710067,green,0.475,31,2026-07-26 05:17:57,dashboard,,,,
3135,det_fab98a67,green,0.538,31,2026-07-26 05:17:55,dashboard,,,,
3136,det_3cca2693,green,0.497,31,2026-07-26 05:17:55,dashboard,,,,
3133,det_75462aed,green,0.49,31,2026-07-26 05:17:54,dashboard,,,,
3134,det_206230c0,green,0.513,31,2026-07-26 05:17:54,dashboard,,,,
3131,det_7f55f449,green,0.49,31,2026-07-26 05:17:53,dashboard,,,,
3132,det_bb4cbe09,green,0.55,31,2026-07-26 05:17:53,dashboard,,,,
3129,det_16bf3145,green,0.486,31,2026-07-26 05:17:52,dashboard,,,,
3130,det_4a04ae42,green,0.52,31,2026-07-26 05:17:52,dashboard,,,,
3127,det_8b21b6ea,green,0.487,31,2026-07-26 05:17:51,dashboard,,,,
3128,det_be40a0a9,green,0.544,31,2026-07-26 05:17:51,dashboard,,,,
3126,det_ff59f51b,defect,0.686,0,2026-07-26 05:17:49,dashboard,,,,
3125,det_c1e7d13c,green,0.533,31,2026-07-26 05:17:48,dashboard,,,,
3123,det_0bc7557c,defect,0.586,0,2026-07-26 05:17:47,dashboard,,,,
3124,det_5e20c594,defect,0.592,0,2026-07-26 05:17:47,dashboard,,,,
3122,det_2e04a83f,defect,0.553,0,2026-07-26 05:17:46,dashboard,,,,
3121,det_0352fdb2,defect,0.716,0,2026-07-26 05:17:45,dashboard,,,,
3120,det_849b6d4e,defect,0.757,0,2026-07-26 05:17:42,dashboard,,,,
3119,det_975cf26d,defect,0.843,0,2026-07-26 05:17:39,dashboard,,,,
3118,det_c4d92302,defect,0.688,0,2026-07-26 05:16:59,dashboard,,,,
3117,det_e58139b6,defect,0.636,0,2026-07-26 05:16:53,dashboard,,,,
3116,det_99bdf182,defect,0.669,0,2026-07-26 05:16:51,dashboard,,,,
3115,det_030ef853,defect,0.728,0,2026-07-26 05:16:48,dashboard,,,,
3113,det_2f8a9ee7,defect,0.864,0,2026-07-26 05:16:45,dashboard,,,,
3114,det_af7a5bef,defect,0.729,0,2026-07-26 05:16:45,dashboard,,,,
3112,det_cd301dc6,defect,0.724,0,2026-07-26 05:14:11,dashboard,,,,
3110,det_5db48ac7,defect,0.755,0,2026-07-26 05:14:04,dashboard,,,,
3111,det_3cb08898,defect,0.694,0,2026-07-26 05:14:04,dashboard,,,,
3109,det_e39189da,defect,0.547,0,2026-07-26 05:13:54,dashboard,,,,
3108,det_83ad9be9,defect,0.624,0,2026-07-26 05:13:39,dashboard,,,,
3107,det_c57cfd99,defect,0.764,0,2026-07-26 05:13:38,dashboard,,,,
3106,det_1f6bf815,defect,0.782,0,2026-07-26 05:13:32,dashboard,,,,
3104,det_8f9050a7,defect,0.845,0,2026-07-26 05:13:26,dashboard,,,,
3105,det_92df7bb4,defect,0.51,0,2026-07-26 05:13:26,dashboard,,,,
3103,det_088d8459,defect,0.551,0,2026-07-26 05:13:09,dashboard,,,,
3102,det_dcf500c9,defect,0.535,0,2026-07-26 05:13:02,dashboard,,,,
3101,det_85846290,defect,0.856,0,2026-07-26 05:13:00,dashboard,,,,
3100,det_e2e1c793,defect,0.627,0,2026-07-26 05:12:32,dashboard,,,,
3099,det_c6c898c3,defect,0.525,0,2026-07-26 05:12:29,dashboard,,,,
3098,det_98eba736,green,0.556,31,2026-07-26 05:12:27,dashboard,,,,
3096,det_168676c2,defect,0.543,0,2026-07-26 05:12:26,dashboard,,,,
3097,det_0fdf2f98,green,0.543,31,2026-07-26 05:12:26,dashboard,,,,
3095,det_9ed78443,defect,0.503,0,2026-07-26 05:12:24,dashboard,,,,
3094,det_74c8ffe6,defect,0.573,0,2026-07-26 05:12:23,dashboard,,,,
3093,det_ac7116ed,green,0.478,31,2026-07-26 05:12:21,dashboard,,,,
3092,det_2ec8ad36,green,0.572,31,2026-07-26 05:12:19,dashboard,,,,
3091,det_383c889c,defect,0.542,0,2026-07-26 05:12:17,dashboard,,,,
3090,det_b4747bbe,defect,0.801,0,2026-07-26 05:12:15,dashboard,,,,
3089,det_c9279e0a,defect,0.595,0,2026-07-26 05:12:08,dashboard,,,,
3088,det_7ab375c6,defect,0.56,0,2026-07-26 05:12:07,dashboard,,,,
3086,det_f8507bde,defect,0.765,0,2026-07-26 05:12:06,dashboard,,,,
3087,det_41a9ffab,defect,0.567,0,2026-07-26 05:12:06,dashboard,,,,
3085,det_91bb954a,defect,0.554,0,2026-07-26 05:11:50,dashboard,,,,
3084,det_47cb94e4,defect,0.553,0,2026-07-26 05:11:49,dashboard,,,,
3083,det_ee1ccb1c,defect,0.584,0,2026-07-26 05:11:48,dashboard,,,,
3081,det_a0bed986,defect,0.595,0,2026-07-26 05:11:47,dashboard,,,,
3082,det_e34bcc9f,defect,0.616,0,2026-07-26 05:11:47,dashboard,,,,
3080,det_b3a398ea,defect,0.669,0,2026-07-26 05:11:46,dashboard,,,,
3078,det_b47925bb,defect,0.582,0,2026-07-26 05:11:45,dashboard,,,,
3079,det_7907c0aa,defect,0.561,0,2026-07-26 05:11:45,dashboard,,,,
3077,det_d7b9deee,defect,0.641,0,2026-07-26 05:11:44,dashboard,,,,
3075,det_3ac29b95,defect,0.558,0,2026-07-26 05:11:37,dashboard,,,,
3076,det_18b4e94c,defect,0.508,0,2026-07-26 05:11:37,dashboard,,,,
3074,det_3701b658,defect,0.571,0,2026-07-26 05:11:36,dashboard,,,,
3073,det_230009cc,defect,0.502,0,2026-07-26 05:11:32,dashboard,,,,
3072,det_db228177,defect,0.544,0,2026-07-26 05:11:30,dashboard,,,,
3071,det_5a93ef63,defect,0.563,0,2026-07-26 05:11:26,dashboard,,,,
3070,det_c826ace9,defect,0.536,0,2026-07-26 05:05:49,dashboard,,,,
3069,det_dca477c4,defect,0.577,0,2026-07-23 12:36:42,dashboard,,,,
3068,det_27c222cc,green,0.861,31,2026-02-05 06:21:02,detection,23.0,136.2,204.9,270.0
3067,det_559ba9d2,green,0.861,31,2026-02-05 06:20:56,detection,23.0,136.2,204.9,270.0
3066,det_0a6a4fbe,green,0.861,31,2026-02-05 06:20:51,detection,23.0,136.2,204.9,270.0
3065,det_9b05ab0b,green,0.861,31,2026-02-05 06:20:45,detection,23.0,136.2,204.9,270.0
3064,det_fd4b5c34,green,0.861,31,2026-02-05 06:20:39,detection,23.0,136.2,204.9,270.0
3063,det_6e4cac6d,green,0.861,31,2026-02-05 06:20:34,detection,23.0,136.2,204.9,270.0
3062,det_f3d3327c,green,0.861,31,2026-02-05 06:20:28,detection,23.0,136.2,204.9,270.0
3061,det_3680317c,green,0.861,31,2026-02-05 06:20:23,detection,23.0,136.2,204.9,270.0
3060,det_7d12e324,green,0.861,31,2026-02-05 06:20:17,detection,23.0,136.2,204.9,270.0
3059,det_837bb9d0,green,0.861,31,2026-02-05 06:20:12,detection,23.0,136.2,204.9,270.0
3058,det_b3736009,green,0.861,31,2026-02-05 06:20:06,detection,23.0,136.2,204.9,270.0
3057,det_bb388d23,green,0.861,31,2026-02-05 06:20:01,detection,23.0,136.2,204.9,270.0
3056,det_5f98a626,green,0.861,31,2026-02-05 06:19:55,detection,23.0,136.2,204.9,270.0
3055,det_9ae01446,green,0.861,31,2026-02-05 06:19:50,detection,23.0,136.2,204.9,270.0
3054,det_a6adea0d,green,0.861,31,2026-02-05 06:19:44,detection,23.0,136.2,204.9,270.0
3053,det_089b3a56,green,0.861,31,2026-02-05 06:19:39,detection,23.0,136.2,204.9,270.0
3052,det_32ebd128,green,0.861,31,2026-02-05 06:19:33,detection,23.0,136.2,204.9,270.0
3051,det_b9d738e6,green,0.861,31,2026-02-05 06:19:28,detection,23.0,136.2,204.9,270.0
3050,det_59e2c190,green,0.861,31,2026-02-05 06:19:22,detection,23.0,136.2,204.9,270.0
3049,det_346afad3,green,0.861,31,2026-02-05 06:19:16,detection,23.0,136.2,204.9,270.0
3048,det_06f324ef,green,0.861,31,2026-02-05 06:19:11,detection,23.0,136.2,204.9,270.0
3047,det_bb5684cf,green,0.861,31,2026-02-05 06:19:05,detection,23.0,136.2,204.9,270.0
3046,det_236e909c,green,0.861,31,2026-02-05 06:18:59,detection,23.0,136.2,204.9,270.0
3045,det_c88cfa93,green,0.861,31,2026-02-05 06:18:54,detection,23.0,136.2,204.9,270.0
3044,det_a2470f3c,green,0.861,31,2026-02-05 06:18:48,detection,23.0,136.2,204.9,270.0
3043,det_82a338e5,green,0.861,31,2026-02-05 06:18:43,detection,23.0,136.2,204.9,270.0
3042,det_0b0ebb8a,green,0.861,31,2026-02-05 06:18:37,detection,23.0,136.2,204.9,270.0
3041,det_0c6f7055,green,0.861,31,2026-02-05 06:18:32,detection,23.0,136.2,204.9,270.0
3040,det_299d140c,green,0.861,31,2026-02-05 06:18:26,detection,23.0,136.2,204.9,270.0
3039,det_62898eea,green,0.861,31,2026-02-05 06:18:21,detection,23.0,136.2,204.9,270.0
3038,det_db30c138,green,0.861,31,2026-02-05 06:18:15,detection,23.0,136.2,204.9,270.0
3037,det_6ba296b1,green,0.861,31,2026-02-05 06:18:10,detection,23.0,136.2,204.9,270.0
3036,det_c4637447,green,0.861,31,2026-02-05 06:18:04,detection,23.0,136.2,204.9,270.0
3035,det_6bf67e4a,green,0.861,31,2026-02-05 06:17:59,detection,23.0,136.2,204.9,270.0
3034,det_97c4661b,green,0.861,31,2026-02-05 06:17:53,detection,23.0,136.2,204.9,270.0
3033,det_d945e99c,green,0.861,31,2026-02-05 06:17:47,detection,23.0,136.2,204.9,270.0
3032,det_e273cc8c,green,0.861,31,2026-02-05 06:17:41,detection,23.0,136.2,204.9,270.0
3031,det_fa3c6a8f,green,0.861,31,2026-02-05 06:17:36,detection,23.0,136.2,204.9,270.0
3030,det_a0615007,green,0.861,31,2026-02-05 06:17:30,detection,23.0,136.2,204.9,270.0
3029,det_7c5382ed,green,0.861,31,2026-02-05 06:17:25,detection,23.0,136.2,204.9,270.0
3028,det_09032855,green,0.861,31,2026-02-05 06:17:19,detection,23.0,136.2,204.9,270.0
3027,det_3ba0e517,green,0.861,31,2026-02-05 06:17:14,detection,23.0,136.2,204.9,270.0
3026,det_d3f6ea4d,green,0.861,31,2026-02-05 06:17:08,detection,23.0,136.2,204.9,270.0
3025,det_6d3e0abc,green,0.861,31,2026-02-05 06:17:03,detection,23.0,136.2,204.9,270.0
3024,det_a21e8ca7,green,0.861,31,2026-02-05 06:16:57,detection,23.0,136.2,204.9,270.0
3023,det_5edb3b10,green,0.861,31,2026-02-05 06:16:52,detection,23.0,136.2,204.9,270.0
3022,det_2c0f1ab3,green,0.861,31,2026-02-05 06:16:46,detection,23.0,136.2,204.9,270.0
3021,det_07b85f4a,green,0.861,31,2026-02-05 06:16:40,detection,23.0,136.2,204.9,270.0
3020,det_ddb4e509,green,0.861,31,2026-02-05 06:16:35,detection,23.0,136.2,204.9,270.0
3019,det_c26b6805,green,0.861,31,2026-02-05 06:16:29,detection,23.0,136.2,204.9,270.0
3018,det_671eeb59,green,0.861,31,2026-02-05 06:16:24,detection,23.0,136.2,204.9,270.0
3017,det_21fc6b4b,green,0.861,31,2026-02-05 06:16:18,detection,23.0,136.2,204.9,270.0
3016,det_d10d5b14,green,0.861,31,2026-02-05 06:16:13,detection,23.0,136.2,204.9,270.0
3015,det_11aebe82,green,0.861,31,2026-02-05 06:16:07,detection,23.0,136.2,204.9,270.0
3014,det_fc60af2c,green,0.861,31,2026-02-05 06:16:01,detection,23.0,136.2,204.9,270.0
3013,det_0d23c46a,green,0.72,31,2026-02-05 06:16:00,detection,70.9,244.5,392.3,480.0
3012,det_7a190bdc,green,0.72,31,2026-02-05 06:15:59,detection,72.1,246.1,391.8,480.0
3009,det_a30ffb74,green,0.669,31,2026-02-05 06:15:58,detection,71.4,245.0,391.5,480.0
3010,det_3c0c75a2,green,0.769,31,2026-02-05 06:15:58,detection,70.0,244.6,392.0,480.0
3011,det_bae99364,green,0.788,31,2026-02-05 06:15:58,detection,70.9,244.6,392.9,480.0
3006,det_b35ec8fb,green,0.7,31,2026-02-05 06:15:57,detection,73.8,248.3,389.0,480.0
3007,det_2e98981b,green,0.754,31,2026-02-05 06:15:57,detection,70.5,245.4,392.0,480.0
3008,det_37cd6ac0,green,0.755,31,2026-02-05 06:15:57,detection,70.8,244.3,392.8,480.0
3003,det_b6f0f45d,green,0.803,31,2026-02-05 06:15:56,detection,71.3,247.6,388.8,480.0
3004,det_69f5980e,green,0.733,31,2026-02-05 06:15:56,detection,71.1,242.7,393.8,480.0
3005,det_2b815294,green,0.716,31,2026-02-05 06:15:56,detection,70.6,245.2,391.6,480.0
3002,det_15a92007,green,0.766,31,2026-02-05 06:15:55,detection,70.7,245.1,391.2,480.0
2999,det_640f5c45,green,0.744,31,2026-02-05 06:15:54,detection,70.9,244.6,392.5,480.0
3000,det_68718b37,green,0.773,31,2026-02-05 06:15:54,detection,68.9,243.6,393.6,480.0
3001,det_ca6055bc,green,0.704,31,2026-02-05 06:15:54,detection,71.7,246.4,390.6,480.0
2996,det_97ed49e8,green,0.805,31,2026-02-05 06:15:53,detection,70.0,243.7,393.3,480.0
2997,det_98e43061,green,0.754,31,2026-02-05 06:15:53,detection,70.4,243.7,392.8,480.0
2998,det_d934cd83,green,0.705,31,2026-02-05 06:15:53,detection,72.1,245.9,392.6,480.0
2993,det_b8f1a0ed,green,0.739,31,2026-02-05 06:15:52,detection,70.0,245.0,391.8,480.0
2994,det_5654039c,green,0.696,31,2026-02-05 06:15:52,detection,71.1,244.8,393.0,480.0
2995,det_e85bae12,green,0.726,31,2026-02-05 06:15:52,detection,72.4,246.4,390.3,480.0
2990,det_5571a4eb,green,0.793,31,2026-02-05 06:15:51,detection,71.7,245.1,391.3,480.0
2991,det_26675fd2,green,0.746,31,2026-02-05 06:15:51,detection,71.6,246.0,390.5,480.0
2992,det_bd6d588a,green,0.718,31,2026-02-05 06:15:51,detection,69.4,245.7,391.5,480.0
2987,det_d63199df,green,0.775,31,2026-02-05 06:15:50,detection,70.5,244.2,392.4,480.0
2988,det_3ca0204c,green,0.781,31,2026-02-05 06:15:50,detection,70.6,244.2,392.6,480.0
2989,det_8d3b6d73,green,0.777,31,2026-02-05 06:15:50,detection,69.0,242.4,393.8,480.0
2985,det_9c98fc20,green,0.749,31,2026-02-05 06:15:49,detection,72.2,247.1,390.6,480.0
2986,det_5c396c9c,green,0.686,31,2026-02-05 06:15:49,detection,70.8,245.1,391.6,480.0
2982,det_326eeeb0,green,0.763,31,2026-02-05 06:15:48,detection,70.2,245.5,392.1,480.0
2983,det_3b9665f5,green,0.719,31,2026-02-05 06:15:48,detection,70.4,244.4,393.2,480.0
2984,det_492a31a8,green,0.728,31,2026-02-05 06:15:48,detection,68.9,242.4,393.4,480.0
2978,det_0482ae16,green,0.777,31,2026-02-05 06:15:47,detection,71.1,245.1,392.1,480.0
2979,det_ba54c9f3,green,0.77,31,2026-02-05 06:15:47,detection,68.0,243.2,393.9,480.0
2980,det_749535ef,green,0.749,31,2026-02-05 06:15:47,detection,71.3,246.4,389.2,480.0
2981,det_50f9e087,green,0.769,31,2026-02-05 06:15:47,detection,70.6,244.3,393.1,480.0
2976,det_356ed839,green,0.668,31,2026-02-05 06:15:46,detection,69.3,245.0,392.0,480.0
2977,det_aa212389,breaker,0.397,29,2026-02-05 06:15:46,detection,69.6,246.5,394.1,480.0
2972,det_413ee726,green,0.733,31,2026-02-05 06:15:45,detection,69.7,244.5,392.3,480.0
2973,det_ac6d21ee,green,0.758,31,2026-02-05 06:15:45,detection,70.5,243.8,391.4,480.0
2974,det_c2d595c5,green,0.738,31,2026-02-05 06:15:45,detection,70.7,244.6,393.3,480.0
2975,det_91ac6f83,green,0.768,31,2026-02-05 06:15:45,detection,70.0,244.3,392.9,480.0
2969,det_283600e6,green,0.791,31,2026-02-05 06:15:44,detection,68.5,244.7,392.9,480.0
2970,det_91a04eca,green,0.778,31,2026-02-05 06:15:44,detection,70.1,243.3,392.4,480.0
2971,det_4f68efc8,green,0.761,31,2026-02-05 06:15:44,detection,68.3,243.7,393.4,480.0
2968,det_d835b0d7,green,0.715,31,2026-02-05 06:15:43,detection,69.9,245.5,391.9,480.0
2964,det_9bd7c1b1,green,0.711,31,2026-02-05 06:15:42,detection,71.4,244.0,392.4,480.0
2965,det_a219cc56,green,0.71,31,2026-02-05 06:15:42,detection,70.9,244.8,391.7,480.0
2966,det_37f9a64f,green,0.803,31,2026-02-05 06:15:42,detection,69.2,243.3,394.5,480.0
2967,det_bcbee441,green,0.745,31,2026-02-05 06:15:42,detection,69.4,243.9,393.2,480.0
2961,det_03d181c3,green,0.703,31,2026-02-05 06:15:41,detection,71.1,246.3,390.0,480.0
2962,det_2682ba5a,green,0.672,31,2026-02-05 06:15:41,detection,70.8,246.1,392.0,480.0
2963,det_ed8daa7f,green,0.754,31,2026-02-05 06:15:41,detection,68.3,243.4,392.9,480.0
2959,det_2fb09ca3,green,0.732,31,2026-02-05 06:15:40,detection,70.0,244.5,393.7,480.0
2960,det_4d16716e,green,0.727,31,2026-02-05 06:15:40,detection,71.5,245.3,392.4,480.0
2955,det_1f72e6c6,green,0.778,31,2026-02-05 06:15:39,detection,69.4,244.0,392.4,480.0
2956,det_4a02986e,green,0.774,31,2026-02-05 06:15:39,detection,68.4,242.2,394.5,480.0
2957,det_658dbdf3,green,0.707,31,2026-02-05 06:15:39,detection,71.0,245.2,392.9,480.0
2958,det_d4f79773,green,0.79,31,2026-02-05 06:15:39,detection,70.4,244.4,392.6,480.0
2954,det_e1ff0d7d,green,0.751,31,2026-02-05 06:15:38,detection,69.3,244.7,392.7,480.0
2951,det_8f759494,green,0.796,31,2026-02-05 06:15:37,detection,69.0,243.2,394.0,480.0
2952,det_ddb28c54,green,0.768,31,2026-02-05 06:15:37,detection,69.2,242.0,394.3,480.0
2953,det_f24d1046,green,0.69,31,2026-02-05 06:15:37,detection,72.7,246.7,391.2,480.0
2948,det_e0973ac8,green,0.697,31,2026-02-05 06:15:36,detection,71.1,245.4,391.9,480.0
2949,det_f393fb79,green,0.727,31,2026-02-05 06:15:36,detection,69.6,243.4,394.2,480.0
2950,det_5d012d76,green,0.783,31,2026-02-05 06:15:36,detection,70.8,244.1,393.6,480.0
2945,det_ba9fca4b,green,0.735,31,2026-02-05 06:15:35,detection,70.3,245.2,391.7,480.0
2946,det_fe530ee0,green,0.76,31,2026-02-05 06:15:35,detection,69.4,243.9,393.1,480.0
2947,det_4e691eca,green,0.78,31,2026-02-05 06:15:35,detection,69.0,242.8,393.4,480.0
2943,det_9ceff44a,green,0.781,31,2026-02-05 06:15:34,detection,65.6,238.6,396.8,480.0
2944,det_fc7e48bb,green,0.754,31,2026-02-05 06:15:34,detection,71.4,244.9,391.9,480.0
2939,det_737f9c21,green,0.759,31,2026-02-05 06:15:33,detection,70.5,246.1,391.4,480.0
2940,det_cd8fdbb2,green,0.705,31,2026-02-05 06:15:33,detection,71.5,245.2,392.6,480.0
2941,det_d74cbacd,green,0.737,31,2026-02-05 06:15:33,detection,71.9,245.9,389.7,480.0
2942,det_ec471154,green,0.744,31,2026-02-05 06:15:33,detection,70.0,244.9,392.7,480.0
2935,det_6adb67ff,green,0.78,31,2026-02-05 06:15:31,detection,69.7,244.7,393.2,480.0
2936,det_7d9b79c8,green,0.724,31,2026-02-05 06:15:31,detection,69.2,243.6,393.0,480.0
2937,det_753fb4d3,green,0.758,31,2026-02-05 06:15:31,detection,69.4,243.8,392.7,480.0
2938,det_baf57c19,green,0.715,31,2026-02-05 06:15:31,detection,70.8,245.0,392.6,480.0
2931,det_e70c83cb,green,0.742,31,2026-02-05 06:15:30,detection,70.2,245.4,392.4,480.0
2932,det_4c30cd7a,green,0.765,31,2026-02-05 06:15:30,detection,69.3,244.9,392.2,480.0
2933,det_bef5f60a,green,0.734,31,2026-02-05 06:15:30,detection,71.1,244.7,393.0,480.0
2934,det_d139a5c5,green,0.71,31,2026-02-05 06:15:30,detection,72.2,248.0,387.9,480.0
2928,det_8b2d73a4,green,0.619,31,2026-02-05 06:15:29,detection,73.0,247.3,391.2,480.0
2929,det_1afa693c,breaker,0.448,29,2026-02-05 06:15:29,detection,72.3,248.5,393.6,480.0
2930,det_f480bfc1,green,0.794,31,2026-02-05 06:15:29,detection,69.7,244.3,392.9,480.0
2925,det_65ef52ab,green,0.768,31,2026-02-05 06:15:28,detection,70.6,244.5,393.1,480.0
2926,det_34e48d3f,green,0.751,31,2026-02-05 06:15:28,detection,71.2,245.2,392.0,480.0
2927,det_16ad1294,green,0.787,31,2026-02-05 06:15:28,detection,70.5,244.1,393.0,480.0
2923,det_014e4c8e,green,0.776,31,2026-02-05 06:15:27,detection,71.3,245.7,390.7,480.0
2924,det_89936c02,green,0.711,31,2026-02-05 06:15:27,detection,70.3,244.3,392.1,480.0
2922,det_3de5d11f,green,0.707,31,2026-02-05 06:15:26,detection,71.9,245.2,392.4,480.0
2918,det_8be578a3,green,0.792,31,2026-02-05 06:15:25,detection,69.7,244.8,392.8,480.0
2919,det_64e0cfe0,green,0.716,31,2026-02-05 06:15:25,detection,71.4,244.7,392.3,480.0
2920,det_0d7e4ac3,green,0.727,31,2026-02-05 06:15:25,detection,70.7,245.8,391.4,480.0
2921,det_90094582,green,0.727,31,2026-02-05 06:15:25,detection,69.4,244.9,392.1,480.0
2915,det_dd6cbf98,green,0.746,31,2026-02-05 06:15:24,detection,70.6,244.3,392.3,480.0
2916,det_98f2af6a,green,0.727,31,2026-02-05 06:15:24,detection,71.7,246.2,391.3,480.0
2917,det_231b666c,green,0.733,31,2026-02-05 06:15:24,detection,68.2,243.4,394.0,480.0
2913,det_93042e48,green,0.746,31,2026-02-05 06:15:23,detection,70.2,243.6,393.3,480.0
2914,det_1c994767,green,0.713,31,2026-02-05 06:15:23,detection,68.6,244.7,392.0,480.0
2909,det_adee6094,green,0.793,31,2026-02-05 06:15:22,detection,70.2,244.2,393.4,480.0
2910,det_186f40d8,green,0.71,31,2026-02-05 06:15:22,detection,68.5,243.5,392.7,480.0
2911,det_40aa430e,green,0.72,31,2026-02-05 06:15:22,detection,69.5,243.3,393.0,480.0
2912,det_f34cc677,green,0.762,31,2026-02-05 06:15:22,detection,69.2,241.3,394.8,480.0
2908,det_227aec1f,green,0.762,31,2026-02-05 06:15:21,detection,70.7,245.4,392.2,480.0
2905,det_089a25b0,green,0.792,31,2026-02-05 06:15:20,detection,67.6,241.4,394.8,480.0
2906,det_476628a0,green,0.763,31,2026-02-05 06:15:20,detection,70.9,243.9,393.0,480.0
2907,det_d5766593,green,0.786,31,2026-02-05 06:15:20,detection,70.6,244.4,392.6,480.0
2902,det_ae6c71f2,green,0.798,31,2026-02-05 06:15:19,detection,71.7,245.6,390.1,480.0
2903,det_5b05da16,green,0.774,31,2026-02-05 06:15:19,detection,70.0,244.6,391.9,480.0
2904,det_20daf692,green,0.688,31,2026-02-05 06:15:19,detection,72.3,245.3,390.8,480.0
2900,det_d7b669f9,green,0.75,31,2026-02-05 06:15:18,detection,72.0,245.5,391.3,480.0
2901,det_ae47260d,green,0.776,31,2026-02-05 06:15:18,detection,65.4,240.6,396.6,480.0
2897,det_fbbabd5c,green,0.76,31,2026-02-05 06:15:17,detection,71.9,245.8,391.4,480.0
2898,det_f3daa6ab,green,0.753,31,2026-02-05 06:15:17,detection,69.1,243.8,392.4,480.0
2899,det_a65131da,green,0.789,31,2026-02-05 06:15:17,detection,71.0,245.5,391.6,480.0
2895,det_54587bcc,green,0.806,31,2026-02-05 06:15:16,detection,68.5,242.3,395.1,480.0
2896,det_79104875,green,0.763,31,2026-02-05 06:15:16,detection,68.8,242.8,394.2,480.0
2892,det_bc8e79b5,green,0.775,31,2026-02-05 06:15:15,detection,69.3,243.4,393.6,480.0
2893,det_2f3445b4,green,0.756,31,2026-02-05 06:15:15,detection,69.7,243.2,393.0,480.0
2894,det_9f189d2e,green,0.748,31,2026-02-05 06:15:15,detection,70.9,245.5,392.2,480.0
2890,det_6c957d47,green,0.772,31,2026-02-05 06:15:14,detection,70.6,244.4,392.4,480.0
2891,det_b40f2085,green,0.782,31,2026-02-05 06:15:14,detection,70.3,243.7,393.3,480.0
2887,det_11dbf724,green,0.744,31,2026-02-05 06:15:13,detection,69.0,243.7,393.1,480.0
2888,det_51ce992d,green,0.769,31,2026-02-05 06:15:13,detection,68.9,241.4,396.1,480.0
2889,det_75294fd7,green,0.786,31,2026-02-05 06:15:13,detection,71.1,245.6,390.8,480.0
2885,det_af65f263,green,0.76,31,2026-02-05 06:15:12,detection,68.8,243.9,392.3,480.0
2886,det_b5cf0cc2,green,0.79,31,2026-02-05 06:15:12,detection,70.8,244.3,392.9,480.0
2883,det_87fed212,green,0.761,31,2026-02-05 06:15:11,detection,71.1,244.3,393.3,480.0
2884,det_effd6134,green,0.77,31,2026-02-05 06:15:11,detection,73.0,246.5,391.0,480.0
2881,det_fccadecb,green,0.729,31,2026-02-05 06:15:10,detection,70.4,246.0,391.1,480.0
2882,det_81ff3256,green,0.748,31,2026-02-05 06:15:10,detection,71.0,245.4,391.0,480.0
2878,det_29bf1e5d,green,0.709,31,2026-02-05 06:15:09,detection,65.4,240.3,395.7,480.0
2879,det_5470e055,green,0.79,31,2026-02-05 06:15:09,detection,70.5,244.8,393.1,480.0
2880,det_bbb6f801,green,0.779,31,2026-02-05 06:15:09,detection,70.4,243.9,393.0,480.0
2876,det_9712cc10,green,0.736,31,2026-02-05 06:15:08,detection,71.7,245.5,391.9,480.0
2877,det_8c5ef9ed,green,0.796,31,2026-02-05 06:15:08,detection,70.2,243.8,392.3,480.0
2872,det_3a10a044,green,0.78,31,2026-02-05 06:15:07,detection,69.8,244.5,392.3,480.0
2873,det_c1585396,green,0.781,31,2026-02-05 06:15:07,detection,70.5,244.0,392.1,480.0
2874,det_8cdf2998,green,0.771,31,2026-02-05 06:15:07,detection,71.8,245.1,391.6,480.0
2875,det_7761861e,green,0.758,31,2026-02-05 06:15:07,detection,70.7,244.5,392.6,480.0
2869,det_d7eb88cd,green,0.755,31,2026-02-05 06:15:06,detection,71.1,244.5,391.9,480.0
2870,det_cdcec223,green,0.751,31,2026-02-05 06:15:06,detection,69.0,242.8,394.2,480.0
2871,det_89bca1cb,green,0.754,31,2026-02-05 06:15:06,detection,71.0,244.8,392.6,480.0
2868,det_e1137c12,green,0.75,31,2026-02-05 06:15:05,detection,70.4,244.5,393.2,480.0
2867,det_6d007406,green,0.7,31,2026-02-05 06:15:04,detection,71.4,246.1,391.1,480.0
2864,det_51343a5a,green,0.8,31,2026-02-05 06:15:03,detection,68.7,243.3,393.4,480.0
2865,det_6af1b50f,green,0.732,31,2026-02-05 06:15:03,detection,70.8,244.5,392.9,480.0
2866,det_ad4e2f2b,green,0.651,31,2026-02-05 06:15:03,detection,72.8,246.3,391.4,480.0
2862,det_05512598,green,0.72,31,2026-02-05 06:15:02,detection,72.6,246.2,389.6,480.0
2863,det_fcfd3dba,green,0.762,31,2026-02-05 06:15:02,detection,71.9,246.2,389.4,480.0
2861,det_4a239f89,green,0.777,31,2026-02-05 06:15:01,detection,69.7,244.4,392.8,480.0
2858,det_1371db35,green,0.746,31,2026-02-05 06:15:00,detection,69.3,244.0,392.7,480.0
2859,det_5687734f,green,0.778,31,2026-02-05 06:15:00,detection,69.8,242.9,394.0,480.0
2860,det_1003e840,green,0.801,31,2026-02-05 06:15:00,detection,68.3,242.6,393.9,480.0
2857,det_3b66811f,green,0.727,31,2026-02-05 06:14:59,detection,71.1,244.3,392.4,480.0
2855,det_766b678e,green,0.768,31,2026-02-05 06:14:58,detection,70.0,243.7,393.4,480.0
2856,det_3c8f5a73,green,0.776,31,2026-02-05 06:14:58,detection,68.8,242.8,393.0,480.0
2852,det_af8da485,green,0.756,31,2026-02-05 06:14:57,detection,69.3,243.3,393.4,480.0
2853,det_a896f58f,green,0.713,31,2026-02-05 06:14:57,detection,68.2,243.6,393.4,480.0
2854,det_589a4d2c,green,0.762,31,2026-02-05 06:14:57,detection,68.6,243.8,392.3,480.0
2849,det_39a3ed9a,green,0.794,31,2026-02-05 06:14:56,detection,64.5,241.1,395.2,480.0
2850,det_cdb03412,green,0.719,31,2026-02-05 06:14:56,detection,69.9,243.9,392.4,480.0
2851,det_7c6c3627,green,0.738,31,2026-02-05 06:14:56,detection,70.2,244.3,393.8,480.0
2847,det_2f7e291a,green,0.768,31,2026-02-05 06:14:55,detection,71.1,244.5,391.2,480.0
2848,det_399120e9,green,0.757,31,2026-02-05 06:14:55,detection,70.4,244.8,392.3,480.0
2844,det_b0f32250,green,0.731,31,2026-02-05 06:14:54,detection,71.1,245.1,391.8,480.0
2845,det_76189b00,green,0.719,31,2026-02-05 06:14:54,detection,71.4,246.4,390.8,480.0
2846,det_e377d91c,green,0.755,31,2026-02-05 06:14:54,detection,71.0,245.0,391.4,480.0
2843,det_2c56550e,green,0.657,31,2026-02-05 06:14:53,detection,70.4,244.5,391.3,480.0
2840,det_50fa78fc,green,0.803,31,2026-02-05 06:14:52,detection,69.2,243.2,393.9,480.0
2841,det_ea01b355,green,0.725,31,2026-02-05 06:14:52,detection,69.5,244.5,391.7,480.0
2842,det_1554d39b,green,0.694,31,2026-02-05 06:14:52,detection,69.9,245.1,391.3,480.0
2836,det_a7c30cd6,green,0.745,31,2026-02-05 06:14:51,detection,70.7,245.2,391.8,480.0
2837,det_cfa5df08,green,0.759,31,2026-02-05 06:14:51,detection,69.1,244.4,392.2,480.0
2838,det_0da7e7de,green,0.699,31,2026-02-05 06:14:51,detection,71.7,246.7,390.3,480.0
2839,det_e7548fa0,green,0.775,31,2026-02-05 06:14:51,detection,70.5,244.7,391.1,480.0
2834,det_6e17056b,green,0.738,31,2026-02-05 06:14:50,detection,70.6,244.3,391.0,480.0
2835,det_62917ffd,green,0.79,31,2026-02-05 06:14:50,detection,70.3,244.9,391.8,480.0
2831,det_7722809a,green,0.802,31,2026-02-05 06:14:49,detection,69.3,243.2,392.9,480.0
2832,det_4ed76a5c,green,0.768,31,2026-02-05 06:14:49,detection,70.4,244.2,392.7,480.0
2833,det_f9da233d,green,0.79,31,2026-02-05 06:14:49,detection,69.4,243.8,393.1,480.0
2829,det_f1baae5c,green,0.76,31,2026-02-05 06:14:48,detection,70.6,244.1,391.9,480.0
2830,det_001a8230,green,0.767,31,2026-02-05 06:14:48,detection,69.6,243.0,393.4,480.0
2827,det_79a9ad22,green,0.754,31,2026-02-05 06:14:47,detection,70.9,245.1,390.6,480.0
2828,det_d9846cf5,green,0.772,31,2026-02-05 06:14:47,detection,68.4,243.0,394.2,480.0
2823,det_b72ce4db,green,0.771,31,2026-02-05 06:14:46,detection,71.1,244.8,391.0,480.0
2824,det_48981c99,green,0.773,31,2026-02-05 06:14:46,detection,67.8,244.7,392.7,480.0
2825,det_cd15607d,green,0.737,31,2026-02-05 06:14:46,detection,71.0,244.3,392.8,480.0
2826,det_ab45b436,green,0.779,31,2026-02-05 06:14:46,detection,69.9,244.6,391.4,480.0
2820,det_bc0b5f1d,green,0.749,31,2026-02-05 06:14:45,detection,70.9,245.2,391.4,480.0
2821,det_a9b70107,green,0.722,31,2026-02-05 06:14:45,detection,68.8,244.7,393.0,480.0
2822,det_26608363,green,0.761,31,2026-02-05 06:14:45,detection,69.4,243.9,393.7,480.0
2816,det_f1c69afc,green,0.737,31,2026-02-05 06:14:44,detection,70.4,244.3,392.1,480.0
2817,det_b8443af7,green,0.756,31,2026-02-05 06:14:44,detection,70.3,245.0,390.2,480.0
2818,det_a82646d1,green,0.776,31,2026-02-05 06:14:44,detection,69.9,243.4,392.8,480.0
2819,det_ee446792,green,0.775,31,2026-02-05 06:14:44,detection,68.4,242.9,393.9,480.0
2815,det_f58b4ce0,green,0.732,31,2026-02-05 06:14:43,detection,69.8,243.7,392.2,480.0
2812,det_660cfd2b,green,0.78,31,2026-02-05 06:14:42,detection,68.8,242.3,394.3,480.0
2813,det_5f97fa6b,green,0.698,31,2026-02-05 06:14:42,detection,70.0,243.5,392.7,480.0
2814,det_8f78a6b1,green,0.744,31,2026-02-05 06:14:42,detection,70.7,244.6,392.3,480.0
2809,det_bb7f3c61,green,0.757,31,2026-02-05 06:14:41,detection,69.7,244.7,392.0,480.0
2810,det_8c46f71b,green,0.769,31,2026-02-05 06:14:41,detection,68.1,242.2,394.2,480.0
2811,det_2dc14776,green,0.732,31,2026-02-05 06:14:41,detection,69.5,243.6,392.6,480.0
2807,det_64478d52,green,0.759,31,2026-02-05 06:14:40,detection,69.5,244.3,392.4,480.0
2808,det_34ce0414,green,0.782,31,2026-02-05 06:14:40,detection,70.4,245.2,390.5,480.0
2803,det_84cf7a8e,green,0.768,31,2026-02-05 06:14:39,detection,70.2,244.1,392.9,480.0
2804,det_38ca83bc,green,0.766,31,2026-02-05 06:14:39,detection,69.9,243.6,392.6,480.0
2805,det_f4ae1235,green,0.767,31,2026-02-05 06:14:39,detection,69.7,243.7,393.2,480.0
2806,det_1963da56,green,0.758,31,2026-02-05 06:14:39,detection,71.2,246.4,389.6,480.0
2799,det_4ef222af,green,0.707,31,2026-02-05 06:14:38,detection,71.1,244.2,391.9,480.0
2800,det_7a4d3722,green,0.709,31,2026-02-05 06:14:38,detection,71.9,245.4,390.8,480.0
2801,det_1cfd76c7,green,0.813,31,2026-02-05 06:14:38,detection,69.1,242.6,393.8,480.0
2802,det_580be20e,green,0.804,31,2026-02-05 06:14:38,detection,71.9,246.7,389.3,480.0
2798,det_b65524f6,green,0.766,31,2026-02-05 06:14:37,detection,68.6,243.5,392.3,480.0
2795,det_3d2e9a90,green,0.78,31,2026-02-05 06:14:36,detection,70.2,245.1,392.5,480.0
2796,det_c8b365f7,green,0.758,31,2026-02-05 06:14:36,detection,69.6,244.3,391.6,480.0
2797,det_25a0e6aa,green,0.744,31,2026-02-05 06:14:36,detection,67.3,242.2,394.0,480.0
2792,det_c24fbbd0,green,0.805,31,2026-02-05 06:14:35,detection,67.1,240.5,395.2,480.0
2793,det_0f01ff5a,green,0.724,31,2026-02-05 06:14:35,detection,72.7,246.7,389.8,480.0
2794,det_e67fa438,green,0.764,31,2026-02-05 06:14:35,detection,70.9,244.2,392.2,480.0
2789,det_e2e7316b,green,0.765,31,2026-02-05 06:14:34,detection,68.2,242.0,393.7,480.0
2790,det_7ba6e2f0,green,0.797,31,2026-02-05 06:14:34,detection,70.2,244.5,391.2,480.0
2791,det_9d69b005,green,0.763,31,2026-02-05 06:14:34,detection,69.8,244.0,392.7,480.0
2786,det_14493ea3,green,0.748,31,2026-02-05 06:14:33,detection,71.2,244.0,392.2,480.0
2787,det_0e15b66b,green,0.796,31,2026-02-05 06:14:33,detection,70.2,243.0,392.8,480.0
2788,det_044900c0,green,0.772,31,2026-02-05 06:14:33,detection,70.9,243.9,393.5,480.0
2783,det_b8329b12,green,0.789,31,2026-02-05 06:14:32,detection,70.1,243.3,393.2,480.0
2784,det_031e718e,green,0.794,31,2026-02-05 06:14:32,detection,69.7,242.3,393.3,480.0
2785,det_3e8726d7,green,0.792,31,2026-02-05 06:14:32,detection,68.9,243.4,393.0,480.0
2781,det_d7d01b37,green,0.759,31,2026-02-05 06:14:31,detection,71.8,247.3,388.8,480.0
2782,det_2a77cbec,green,0.709,31,2026-02-05 06:14:31,detection,71.0,245.5,391.4,480.0
2779,det_82dd1ca6,green,0.789,31,2026-02-05 06:14:30,detection,70.1,243.5,393.3,480.0
2780,det_5daea965,green,0.782,31,2026-02-05 06:14:30,detection,69.2,241.8,393.7,480.0
2775,det_3cd1d438,green,0.757,31,2026-02-05 06:14:29,detection,71.0,243.8,393.3,480.0
2776,det_03bc06a9,green,0.769,31,2026-02-05 06:14:29,detection,68.6,240.8,394.9,480.0
2777,det_cc524d63,green,0.735,31,2026-02-05 06:14:29,detection,71.3,243.9,392.5,480.0
2778,det_cbacfa4c,green,0.743,31,2026-02-05 06:14:29,detection,70.2,244.8,392.4,480.0
2772,det_aad0f647,green,0.724,31,2026-02-05 06:14:28,detection,70.7,244.2,393.2,480.0
2773,det_45073fea,green,0.724,31,2026-02-05 06:14:28,detection,71.0,244.7,392.0,480.0
2774,det_d7392976,green,0.73,31,2026-02-05 06:14:28,detection,72.5,246.4,390.1,480.0
2770,det_dd4ef1a7,green,0.792,31,2026-02-05 06:14:27,detection,69.9,243.9,391.8,480.0
2771,det_0ea4bedb,green,0.739,31,2026-02-05 06:14:27,detection,70.1,245.1,391.4,480.0
2768,det_bf7c4e42,green,0.763,31,2026-02-05 06:14:26,detection,70.6,244.2,392.4,480.0
2769,det_52d10990,green,0.788,31,2026-02-05 06:14:26,detection,69.2,242.4,393.5,480.0
2765,det_886833c8,green,0.785,31,2026-02-05 06:14:25,detection,70.0,242.8,393.1,480.0
2766,det_8e7ccbfe,green,0.727,31,2026-02-05 06:14:25,detection,70.5,244.0,391.1,480.0
2767,det_b9f44d5d,green,0.789,31,2026-02-05 06:14:25,detection,69.5,243.8,392.3,480.0
2763,det_13cc0e3c,green,0.774,31,2026-02-05 06:14:24,detection,67.9,243.2,393.7,480.0
2764,det_de801c18,green,0.754,31,2026-02-05 06:14:24,detection,70.5,246.0,391.0,480.0
2759,det_1c6bd9cf,breaker,0.373,29,2026-02-05 06:14:23,detection,71.7,246.7,393.6,480.0
2760,det_b70e77a7,green,0.791,31,2026-02-05 06:14:23,detection,70.3,243.5,393.3,480.0
2761,det_e9990fee,green,0.769,31,2026-02-05 06:14:23,detection,70.6,245.3,391.5,480.0
2762,det_87d54f09,green,0.771,31,2026-02-05 06:14:23,detection,70.4,244.3,391.8,480.0
2756,det_78323622,green,0.79,31,2026-02-05 06:14:22,detection,70.3,244.0,391.5,480.0
2757,det_debd3faf,green,0.759,31,2026-02-05 06:14:22,detection,71.9,245.5,392.2,480.0
2758,det_0888543c,green,0.648,31,2026-02-05 06:14:22,detection,71.7,245.5,391.2,480.0
2754,det_bf71dcbf,green,0.764,31,2026-02-05 06:14:21,detection,70.3,246.1,391.0,480.0
2755,det_ad0e6cbf,green,0.782,31,2026-02-05 06:14:21,detection,69.9,243.0,392.3,480.0
2751,det_290578a2,green,0.758,31,2026-02-05 06:14:20,detection,69.6,243.4,394.0,480.0
2752,det_64d8db92,green,0.751,31,2026-02-05 06:14:20,detection,70.9,245.0,392.3,480.0
2753,det_af9a2ad8,green,0.797,31,2026-02-05 06:14:20,detection,69.4,243.4,392.9,480.0
2748,det_0a02bb4d,green,0.771,31,2026-02-05 06:14:19,detection,70.3,244.5,391.9,480.0
2749,det_83f4ef39,green,0.779,31,2026-02-05 06:14:19,detection,71.4,245.9,390.6,480.0
2750,det_643ca9b9,green,0.765,31,2026-02-05 06:14:19,detection,70.0,242.9,392.3,480.0
2745,det_c3227a03,green,0.78,31,2026-02-05 06:14:18,detection,70.5,244.0,390.7,480.0
2746,det_7315064e,green,0.744,31,2026-02-05 06:14:18,detection,69.9,243.9,392.2,480.0
2747,det_71c9f1f0,green,0.759,31,2026-02-05 06:14:18,detection,70.5,245.0,391.5,480.0
2744,det_9dbacbd7,green,0.861,31,2026-02-05 06:13:39,detection,23.0,136.2,204.9,270.0
2743,det_3bc511a0,green,0.861,31,2026-02-05 06:13:36,detection,23.0,136.2,204.9,270.0
2742,det_5d2f9102,green,0.861,31,2026-02-05 06:13:30,detection,23.0,136.2,204.9,270.0
2741,det_1ca2e87d,green,0.73,31,2026-02-05 05:59:53,detection,242.0,186.8,434.6,336.7
2740,det_9b5390a6,green,0.73,31,2026-02-05 05:59:51,detection,242.0,186.8,434.6,336.7
2739,det_3f8de6fe,green,0.73,31,2026-02-05 05:59:45,detection,242.0,186.8,434.6,336.7
2737,det_3b4e0b6d,defect,0.473,0,2026-02-05 04:53:32,detection,180.4,115.3,399.6,302.2
2738,det_cbd7e19b,defect,0.219,0,2026-02-05 04:53:32,detection,186.0,168.9,284.1,283.3
2735,det_52d798e5,defect,0.473,0,2026-02-05 04:53:27,detection,180.4,115.3,399.6,302.2
2736,det_281280ca,defect,0.219,0,2026-02-05 04:53:27,detection,186.0,168.9,284.1,283.3
2734,det_6577c227,red,0.276,12,2026-02-05 04:53:22,detection,217.1,114.8,454.0,301.9
2733,det_4b82c8e7,red,0.276,12,2026-02-05 04:53:16,detection,217.1,114.8,454.0,301.9
2732,det_c892c74c,turning,0.845,24,2026-02-05 04:53:09,detection,142.3,161.8,368.2,345.6
2731,det_1e7292d7,breaker,0.623,29,2026-02-05 04:53:02,detection,182.3,141.6,377.5,310.4
2730,det_789b4708,breaker,0.623,29,2026-02-05 04:52:57,detection,182.3,141.6,377.5,310.4
2729,det_6f67ceec,green,0.797,31,2026-02-05 04:52:48,detection,167.7,112.0,393.8,294.4
2727,det_423d9af7,breaker,0.428,29,2026-02-05 04:52:45,detection,169.2,119.3,399.5,297.0
2728,det_e0c3c54c,green,0.304,31,2026-02-05 04:52:45,detection,168.2,117.6,400.5,296.7
2725,det_6dea6e84,breaker,0.428,29,2026-02-05 04:52:39,detection,169.2,119.3,399.5,297.0
2726,det_55b59363,green,0.304,31,2026-02-05 04:52:39,detection,168.2,117.6,400.5,296.7
2724,det_b8728d17,green,0.783,31,2026-02-05 04:52:35,detection,182.1,97.3,431.9,290.6
2723,det_02966e02,green,0.783,31,2026-02-05 04:52:29,detection,182.1,97.3,431.9,290.6
2722,det_5d07b43a,breaker,0.728,29,2026-02-05 04:51:58,detection,233.8,175.4,436.7,334.5
2721,det_924c133e,green,0.127,31,2026-02-05 04:27:15,detection,218.0,91.2,480.2,286.2
2720,det_08a97c9b,green,0.127,31,2026-02-05 04:27:09,detection,218.0,91.2,480.2,286.2
2719,det_ad326d9e,green,0.662,31,2026-02-05 04:26:17,detection,277.2,166.8,459.9,322.8
2718,det_959e01d2,green,0.662,31,2026-02-05 04:26:11,detection,277.2,166.8,459.9,322.8
2717,det_457bec94,defect,0.313,0,2026-02-05 04:26:10,detection,3.5,0.0,639.6,480.0
2715,det_49666e95,defect,0.242,0,2026-02-05 04:26:09,detection,3.2,0.0,639.8,480.0
2716,det_89fdb15a,defect,0.213,0,2026-02-05 04:26:09,detection,1.3,0.0,638.2,480.0
2714,det_daf8c69b,defect,0.243,0,2026-02-05 04:26:08,detection,1.8,0.0,639.3,480.0
2712,det_638bc7a7,defect,0.241,0,2026-02-05 04:26:06,detection,240.0,0.0,638.5,480.0
2713,det_35f19e69,defect,0.204,0,2026-02-05 04:26:06,detection,2.7,0.0,639.9,480.0
2711,det_502499b5,defect,0.253,0,2026-02-05 04:26:05,detection,3.0,0.0,639.9,480.0
2710,det_3b66c7c1,defect,0.217,0,2026-02-05 04:26:03,detection,3.2,0.0,639.8,480.0
2709,det_fcbe8919,green,0.16,31,2026-02-05 04:26:00,detection,1.1,0.0,640.0,440.0
2708,det_488d3fac,defect,0.24,0,2026-02-05 04:25:59,detection,0.0,0.0,640.0,412.0
2707,det_5bf826a5,defect,0.727,0,2026-02-05 04:25:58,detection,2.8,0.0,639.5,480.0
2704,det_97302edb,defect,0.245,0,2026-02-05 04:25:57,detection,1.8,0.0,639.9,480.0
2705,det_2fb52a67,defect,0.648,0,2026-02-05 04:25:57,detection,2.5,0.0,639.9,480.0
2706,det_33dbae36,defect,0.792,0,2026-02-05 04:25:57,detection,2.7,0.0,639.0,480.0
2702,det_015b81f2,defect,0.621,0,2026-02-05 04:25:56,detection,2.0,0.0,640.0,480.0
2703,det_4ef3f4c0,defect,0.539,0,2026-02-05 04:25:56,detection,1.8,0.0,640.0,480.0
2699,det_14daceb7,defect,0.391,0,2026-02-05 04:25:55,detection,1.7,0.0,640.0,480.0
2700,det_4243f322,defect,0.637,0,2026-02-05 04:25:55,detection,2.8,0.0,640.0,480.0
2701,det_f1e4b6bd,defect,0.491,0,2026-02-05 04:25:55,detection,1.8,0.0,640.0,480.0
2697,det_30b222ef,defect,0.749,0,2026-02-05 04:25:54,detection,1.1,0.0,639.8,480.0
2698,det_7ccbbc31,defect,0.315,0,2026-02-05 04:25:54,detection,1.1,0.0,640.0,480.0
2696,det_d4e0660c,defect,0.558,0,2026-02-05 04:25:53,detection,2.4,0.0,640.0,480.0
2694,det_496204f1,defect,0.299,0,2026-02-05 04:25:51,detection,3.1,0.0,638.9,480.0
2695,det_5ddf9fb9,defect,0.276,0,2026-02-05 04:25:51,detection,3.0,0.0,639.9,480.0
2692,det_fae7f818,defect,0.435,0,2026-02-05 04:25:48,detection,0.0,0.0,640.0,480.0
2693,det_6e566889,defect,0.481,0,2026-02-05 04:25:48,detection,0.0,0.0,640.0,480.0
2690,det_61433443,defect,0.493,0,2026-02-05 04:25:47,detection,0.0,0.0,640.0,480.0
2691,det_f342a96b,defect,0.301,0,2026-02-05 04:25:47,detection,0.0,0.0,640.0,480.0
2688,det_d58e18df,defect,0.24,0,2026-02-05 04:25:46,detection,0.0,0.0,640.0,480.0
2689,det_ac65a971,defect,0.408,0,2026-02-05 04:25:46,detection,0.0,0.0,640.0,480.0
2686,det_e3ed5be2,defect,0.435,0,2026-02-05 04:25:45,detection,0.0,0.0,640.0,480.0
2687,det_fb65b1b2,defect,0.355,0,2026-02-05 04:25:45,detection,0.0,0.0,640.0,480.0
2683,det_28c3e09b,defect,0.467,0,2026-02-05 04:25:44,detection,0.0,0.0,640.0,480.0
2684,det_9e4bc5bb,defect,0.462,0,2026-02-05 04:25:44,detection,0.0,0.0,640.0,480.0
2685,det_74aa9ea1,defect,0.227,0,2026-02-05 04:25:44,detection,101.9,206.6,306.3,448.1
2680,det_b62a6516,defect,0.276,0,2026-02-05 04:25:43,detection,0.7,0.0,639.4,480.0
2681,det_e65e3156,defect,0.384,0,2026-02-05 04:25:43,detection,0.6,0.0,638.9,480.0
2682,det_f0a969d8,defect,0.485,0,2026-02-05 04:25:43,detection,0.0,0.0,640.0,480.0
2678,det_31feb753,defect,0.322,0,2026-02-05 04:25:42,detection,0.6,0.0,640.0,480.0
2679,det_4e6d2cfe,defect,0.297,0,2026-02-05 04:25:42,detection,0.6,0.0,639.1,480.0
2677,det_df3abd3f,defect,0.439,0,2026-02-05 04:25:41,detection,0.3,0.0,639.6,480.0
2674,det_3621fe36,defect,0.423,0,2026-02-05 04:25:40,detection,3.1,0.0,639.6,480.0
2675,det_49a78f17,defect,0.651,0,2026-02-05 04:25:40,detection,0.9,0.0,639.9,480.0
2676,det_d476de18,defect,0.297,0,2026-02-05 04:25:40,detection,2.0,0.0,639.6,480.0
2671,det_2abb9740,defect,0.628,0,2026-02-05 04:25:39,detection,0.6,0.0,639.9,480.0
2672,det_2388aad4,defect,0.529,0,2026-02-05 04:25:39,detection,1.4,0.0,640.0,480.0
2673,det_3be9a916,defect,0.523,0,2026-02-05 04:25:39,detection,0.0,0.0,639.7,480.0
2669,det_008881f9,defect,0.403,0,2026-02-05 04:25:38,detection,0.1,0.0,639.6,480.0
2670,det_83b4d0d6,defect,0.638,0,2026-02-05 04:25:38,detection,1.8,0.0,639.9,480.0
2665,det_d667bbf1,breaker,0.774,29,2026-02-05 04:16:06,detection,262.6,224.4,499.9,422.6
2666,det_18a7457d,breaker,0.739,29,2026-02-05 04:16:06,detection,264.9,224.3,501.1,421.8
2667,det_9fa5cedf,breaker,0.742,29,2026-02-05 04:16:06,detection,261.2,224.4,501.3,422.3
2668,det_ccb2e490,breaker,0.783,29,2026-02-05 04:16:06,detection,262.8,224.3,498.1,421.6
2663,det_2e78694e,breaker,0.756,29,2026-02-05 04:16:05,detection,261.4,223.0,502.7,422.5
2664,det_dd128dec,breaker,0.757,29,2026-02-05 04:16:05,detection,261.7,224.4,501.6,423.2
2660,det_e4e1a76a,breaker,0.7,29,2026-02-05 04:16:04,detection,263.6,224.6,498.2,422.0
2661,det_bd2fdebf,breaker,0.775,29,2026-02-05 04:16:04,detection,260.8,224.2,501.7,423.6
2662,det_bf90f701,breaker,0.791,29,2026-02-05 04:16:04,detection,261.9,224.4,501.3,422.5
2657,det_21c354ce,breaker,0.822,29,2026-02-05 04:16:03,detection,260.8,223.7,501.6,423.2
2658,det_68d76477,breaker,0.733,29,2026-02-05 04:16:03,detection,263.2,224.8,501.0,421.8
2659,det_9977d645,breaker,0.758,29,2026-02-05 04:16:03,detection,259.5,223.6,500.6,423.0
2653,det_bbbe8d03,breaker,0.786,29,2026-02-05 04:16:02,detection,262.5,220.6,501.9,422.8
2654,det_dea8e3a6,breaker,0.805,29,2026-02-05 04:16:02,detection,261.4,222.3,503.1,423.3
2655,det_d3af8d42,breaker,0.767,29,2026-02-05 04:16:02,detection,262.8,224.3,500.4,421.9
2656,det_3a62d029,breaker,0.757,29,2026-02-05 04:16:02,detection,261.7,224.1,500.4,423.1
2652,det_17015f32,breaker,0.68,29,2026-02-05 04:16:01,detection,259.5,231.4,495.4,424.0
2651,det_20f71599,breaker,0.16,29,2026-02-05 04:16:00,detection,305.1,223.4,500.6,429.2
2645,det_70c3a877,breaker,0.348,29,2026-02-05 04:15:59,detection,304.8,215.7,520.5,412.8
2646,det_e01fe261,green,0.117,31,2026-02-05 04:15:59,detection,305.4,214.5,523.9,413.1
2647,det_b19b14ef,breaker,0.273,29,2026-02-05 04:15:59,detection,305.8,215.1,521.4,413.6
2648,det_728fb716,green,0.118,31,2026-02-05 04:15:59,detection,305.2,214.0,524.7,413.9
2649,det_ca27aa5b,breaker,0.283,29,2026-02-05 04:15:59,detection,304.0,213.6,523.4,414.4
2650,det_b6492c33,green,0.176,31,2026-02-05 04:15:59,detection,303.8,212.4,527.3,414.0
2637,det_2c59e486,green,0.264,31,2026-02-05 04:15:58,detection,313.7,210.8,534.9,413.4
2638,det_8854ee73,breaker,0.191,29,2026-02-05 04:15:58,detection,314.2,212.2,534.6,412.8
2639,det_4e3c2dc8,green,0.239,31,2026-02-05 04:15:58,detection,311.3,212.3,534.5,414.4
2640,det_b9bd7b89,breaker,0.177,29,2026-02-05 04:15:58,detection,310.7,214.0,534.9,414.3
2641,det_04f4dfc6,green,0.195,31,2026-02-05 04:15:58,detection,313.9,212.2,533.0,413.2
2642,det_e3afc55f,breaker,0.092,29,2026-02-05 04:15:58,detection,314.9,213.7,532.5,412.5
2643,det_0dc8fb69,breaker,0.362,29,2026-02-05 04:15:58,detection,303.8,215.1,520.4,413.2
2644,det_39104731,green,0.085,31,2026-02-05 04:15:58,detection,303.9,214.0,523.9,413.6
2635,det_ea87477c,defect,0.28,0,2026-02-05 04:15:57,detection,352.1,234.2,501.4,444.1
2636,det_b74080c2,defect,0.554,0,2026-02-05 04:15:57,detection,323.4,220.4,511.9,406.4
2632,det_cb3e2301,breaker,0.288,29,2026-02-05 04:15:53,detection,306.9,254.4,498.6,429.9
2633,det_a03f54bf,breaker,0.376,29,2026-02-05 04:15:53,detection,306.8,253.1,497.5,430.2
2634,det_8e1f5800,defect,0.275,0,2026-02-05 04:15:53,detection,316.5,260.6,486.2,464.2
2628,det_dc857bde,breaker,0.283,29,2026-02-05 04:15:52,detection,304.7,253.0,499.2,431.0
2629,det_b8a42a8c,breaker,0.28,29,2026-02-05 04:15:52,detection,305.0,253.4,498.9,430.9
2630,det_5f67fb34,breaker,0.375,29,2026-02-05 04:15:52,detection,304.4,252.8,499.7,431.0
2631,det_1d45c59f,breaker,0.356,29,2026-02-05 04:15:52,detection,306.9,253.5,496.8,431.0
2625,det_eadedb0f,breaker,0.512,29,2026-02-05 04:15:51,detection,308.0,253.0,498.4,430.5
2626,det_b74c4176,breaker,0.384,29,2026-02-05 04:15:51,detection,303.9,253.1,498.8,431.4
2627,det_68380b82,breaker,0.438,29,2026-02-05 04:15:51,detection,306.6,253.8,497.5,430.3
2623,det_780848ca,defect,0.306,0,2026-02-05 04:15:50,detection,72.9,395.1,249.2,480.0
2624,det_b3c920ca,breaker,0.682,29,2026-02-05 04:15:50,detection,309.6,254.0,497.9,429.6
2619,det_16a98457,green,0.551,31,2026-02-05 04:15:49,detection,315.7,264.2,534.1,447.2
2620,det_140fbd3f,green,0.532,31,2026-02-05 04:15:49,detection,314.0,263.1,532.5,446.8
2621,det_b636c808,green,0.603,31,2026-02-05 04:15:49,detection,312.7,261.8,533.9,448.3
2622,det_29575b7a,green,0.457,31,2026-02-05 04:15:49,detection,315.6,263.6,528.8,446.3
2617,det_d1e5a074,green,0.505,31,2026-02-05 04:15:48,detection,315.7,263.4,532.0,446.3
2618,det_aff1ce4d,green,0.524,31,2026-02-05 04:15:48,detection,315.2,264.2,530.1,446.4
2612,det_be9cf404,green,0.573,31,2026-02-05 04:15:47,detection,309.6,261.9,534.4,450.5
2613,det_7ae121ab,green,0.471,31,2026-02-05 04:15:47,detection,314.9,262.1,534.5,446.5
2614,det_c937a091,green,0.666,31,2026-02-05 04:15:47,detection,311.0,257.2,541.6,449.6
2615,det_44344948,green,0.294,31,2026-02-05 04:15:47,detection,318.4,264.5,531.9,446.3
2616,det_906109db,breaker,0.145,29,2026-02-05 04:15:47,detection,317.8,263.2,533.1,447.4
2609,det_efd0c844,green,0.13,31,2026-02-05 04:15:46,detection,312.6,209.5,549.6,472.1
2610,det_8ca78071,defect,0.258,0,2026-02-05 04:15:46,detection,278.5,267.5,524.4,478.0
2611,det_23d3ddd7,green,0.592,31,2026-02-05 04:15:46,detection,318.5,255.5,545.0,455.1
2607,det_a84b7a04,defect,0.617,0,2026-02-05 04:15:45,detection,370.7,213.5,557.6,413.6
2608,det_8c8b53ef,defect,0.649,0,2026-02-05 04:15:45,detection,170.9,392.6,464.6,480.0
2606,det_487ad924,defect,0.492,0,2026-02-05 04:15:44,detection,322.5,261.9,494.0,451.2
2605,det_8be2c4f4,turning,0.296,24,2026-02-05 04:15:25,detection,297.5,231.1,511.7,406.8
2601,det_6535a741,breaker,0.518,29,2026-02-05 04:15:24,detection,300.3,234.0,511.1,412.4
2602,det_c44c2e15,breaker,0.402,29,2026-02-05 04:15:24,detection,302.0,234.5,509.9,412.1
2603,det_541657f1,turning,0.375,24,2026-02-05 04:15:24,detection,302.0,233.0,509.1,413.1
2604,det_ab4f766b,breaker,0.491,29,2026-02-05 04:15:24,detection,300.7,233.7,510.8,412.1
2596,det_12cea917,breaker,0.703,29,2026-02-05 04:15:23,detection,296.8,229.9,518.0,414.3
2597,det_93743b98,turning,0.483,24,2026-02-05 04:15:23,detection,299.8,232.3,510.6,414.0
2598,det_b44b33d7,breaker,0.415,29,2026-02-05 04:15:23,detection,299.7,234.3,511.2,413.1
2599,det_9b923338,breaker,0.411,29,2026-02-05 04:15:23,detection,300.7,233.4,512.2,413.3
2600,det_f9f900a8,turning,0.337,24,2026-02-05 04:15:23,detection,301.1,231.9,511.1,414.0
2593,det_d9365b89,breaker,0.267,29,2026-02-05 04:15:22,detection,297.4,233.4,515.7,414.9
2594,det_afc290c7,turning,0.174,24,2026-02-05 04:15:22,detection,297.8,233.6,515.0,415.0
2595,det_7ecc2705,defect,0.273,0,2026-02-05 04:15:22,detection,298.4,229.8,515.8,470.6
2592,det_b4ea76d0,green,0.171,31,2026-02-05 04:15:17,detection,179.5,306.7,546.6,480.0
2588,det_415720b3,breaker,0.748,29,2026-02-05 04:15:16,detection,284.9,221.6,526.6,414.9
2589,det_a53ae815,breaker,0.729,29,2026-02-05 04:15:16,detection,284.3,221.4,527.6,413.9
2590,det_e9c68051,breaker,0.767,29,2026-02-05 04:15:16,detection,282.5,220.1,528.4,415.9
2591,det_ce341694,breaker,0.414,29,2026-02-05 04:15:16,detection,288.1,225.0,527.6,413.4
2586,det_8f8c521d,breaker,0.723,29,2026-02-05 04:15:15,detection,284.0,220.5,528.6,415.3
2587,det_fbb46dd8,breaker,0.811,29,2026-02-05 04:15:15,detection,281.9,219.8,530.3,416.7
2583,det_738aaeba,breaker,0.693,29,2026-02-05 04:15:14,detection,283.5,221.1,527.0,415.6
2584,det_42bd96d4,breaker,0.765,29,2026-02-05 04:15:14,detection,284.0,221.0,528.5,414.9
2585,det_14d06801,breaker,0.784,29,2026-02-05 04:15:14,detection,283.8,221.6,528.9,415.0
2577,det_aaa10ae6,defect,0.248,0,2026-02-05 04:15:13,detection,131.2,434.7,353.0,480.0
2578,det_5d530935,green,0.368,31,2026-02-05 04:15:13,detection,283.3,232.6,526.4,424.8
2579,det_37e0d0cf,breaker,0.265,29,2026-02-05 04:15:13,detection,286.3,235.1,524.1,422.8
2580,det_5d5ad895,breaker,0.73,29,2026-02-05 04:15:13,detection,275.2,217.0,520.7,413.1
2581,det_00dee3d1,breaker,0.723,29,2026-02-05 04:15:13,detection,279.8,222.7,525.3,417.1
2582,det_31ef2085,breaker,0.749,29,2026-02-05 04:15:13,detection,285.4,221.4,529.1,414.7
2576,det_268e1aeb,green,0.172,31,2026-02-05 04:15:12,detection,274.4,241.6,533.0,444.3
2574,det_ceafafff,red,0.147,12,2026-02-05 04:15:11,detection,59.0,372.3,379.2,480.0
2575,det_9aa8f103,green,0.082,31,2026-02-05 04:15:11,detection,132.6,384.7,565.1,480.0
2572,det_2cf991db,defect,0.269,0,2026-02-05 04:15:09,detection,3.3,323.4,146.8,480.0
2573,det_a7008058,defect,0.245,0,2026-02-05 04:15:09,detection,227.3,243.3,421.7,440.0
2569,det_754c132b,breaker,0.234,29,2026-02-05 04:15:08,detection,227.6,240.9,442.7,432.1
2570,det_eff21949,breaker,0.163,29,2026-02-05 04:15:08,detection,229.0,241.2,440.8,430.9
2571,det_75ae3456,breaker,0.158,29,2026-02-05 04:15:08,detection,229.9,241.9,443.2,429.8
2565,det_53eb09cb,breaker,0.214,29,2026-02-05 04:15:07,detection,226.4,240.1,442.8,431.1
2566,det_877b7255,breaker,0.181,29,2026-02-05 04:15:07,detection,227.9,241.5,439.9,430.1
2567,det_afdbcda9,breaker,0.143,29,2026-02-05 04:15:07,detection,227.5,239.8,441.3,432.4
2568,det_cf132d65,breaker,0.133,29,2026-02-05 04:15:07,detection,228.5,242.5,436.2,430.0
2561,det_8c429137,breaker,0.194,29,2026-02-05 04:15:06,detection,228.8,241.3,441.6,430.6
2562,det_0862f297,breaker,0.178,29,2026-02-05 04:15:06,detection,228.9,240.4,442.6,431.0
2563,det_d6d27169,breaker,0.268,29,2026-02-05 04:15:06,detection,227.2,239.4,446.7,432.0
2564,det_0add2d14,breaker,0.166,29,2026-02-05 04:15:06,detection,227.3,239.5,445.0,432.3
2557,det_6f81d34f,defect,0.604,0,2026-02-05 04:15:05,detection,223.3,244.9,433.5,427.4
2558,det_130a8b8f,breaker,0.298,29,2026-02-05 04:15:05,detection,230.8,240.9,444.8,430.7
2559,det_1d89c6dc,breaker,0.204,29,2026-02-05 04:15:05,detection,229.4,241.6,438.9,429.7
2560,det_e4d3ae3a,breaker,0.137,29,2026-02-05 04:15:05,detection,230.8,240.7,441.0,430.4
2553,det_669eba64,breaker,0.237,29,2026-02-05 04:15:03,detection,263.2,220.1,491.7,425.5
2554,det_b6f294d1,green,0.21,31,2026-02-05 04:15:03,detection,263.4,219.9,491.9,424.8
2555,det_eaea0a37,breaker,0.123,29,2026-02-05 04:15:03,detection,264.7,219.4,492.6,436.5
2556,det_60770baa,green,0.095,31,2026-02-05 04:15:03,detection,267.9,219.6,493.5,440.5
2548,det_e4ec6351,green,0.603,31,2026-02-05 04:15:02,detection,256.3,216.4,496.3,429.1
2549,det_8390c1a0,breaker,0.281,29,2026-02-05 04:15:02,detection,264.4,220.4,489.7,424.6
2550,det_dbe5a69f,green,0.16,31,2026-02-05 04:15:02,detection,266.4,221.1,489.9,423.1
2551,det_def85970,green,0.267,31,2026-02-05 04:15:02,detection,262.9,220.1,491.0,424.5
2552,det_2b367521,green,0.397,31,2026-02-05 04:15:02,detection,261.3,217.1,493.1,423.3
2543,det_17061511,green,0.248,31,2026-02-05 04:15:01,detection,260.6,218.8,492.7,425.4
2544,det_ad0c253b,breaker,0.239,29,2026-02-05 04:15:01,detection,260.2,219.0,492.5,426.1
2545,det_235ea8bf,green,0.2,31,2026-02-05 04:15:01,detection,263.6,218.6,491.0,422.9
2546,det_8215ebfc,breaker,0.18,29,2026-02-05 04:15:01,detection,263.1,219.9,490.5,425.3
2547,det_f5ab4a36,green,0.323,31,2026-02-05 04:15:01,detection,260.7,218.0,495.1,426.8
2538,det_1cb211ff,green,0.456,31,2026-02-05 04:15:00,detection,262.4,217.8,492.9,423.3
2539,det_d5b218f7,green,0.342,31,2026-02-05 04:15:00,detection,261.6,218.5,492.7,425.7
2540,det_a9df31ae,breaker,0.236,29,2026-02-05 04:15:00,detection,262.8,219.7,493.2,425.5
2541,det_0077bc99,green,0.23,31,2026-02-05 04:15:00,detection,263.0,219.5,493.6,424.8
2542,det_301a460b,green,0.544,31,2026-02-05 04:15:00,detection,258.9,216.6,495.5,424.6
2533,det_b879a8d4,breaker,0.215,29,2026-02-05 04:14:59,detection,265.0,221.1,490.4,424.0
2534,det_c95e6734,green,0.091,31,2026-02-05 04:14:59,detection,267.3,222.1,490.5,422.3
2535,det_d4759ea7,green,0.334,31,2026-02-05 04:14:59,detection,262.7,219.8,492.2,424.4
2536,det_8176ba16,green,0.288,31,2026-02-05 04:14:59,detection,264.0,220.5,490.5,423.6
2537,det_7e3d2884,green,0.258,31,2026-02-05 04:14:59,detection,264.7,220.6,490.3,423.6
2531,det_574f6215,green,0.411,31,2026-02-05 04:14:58,detection,262.9,218.2,493.9,423.2
2532,det_1ae6c6b6,green,0.349,31,2026-02-05 04:14:58,detection,264.2,219.3,491.5,422.0
2527,det_3a89f6e7,green,0.371,31,2026-02-05 04:14:57,detection,262.6,219.8,493.4,424.4
2528,det_1715ac39,green,0.267,31,2026-02-05 04:14:57,detection,263.9,219.2,491.0,422.3
2529,det_e7c6ce7a,green,0.252,31,2026-02-05 04:14:57,detection,263.6,220.9,489.1,423.3
2530,det_6b13f037,green,0.317,31,2026-02-05 04:14:57,detection,260.8,219.1,492.3,424.6
2522,det_d81e4bcd,green,0.545,31,2026-02-05 04:14:56,detection,261.8,218.1,494.1,425.3
2523,det_f50b10f7,green,0.251,31,2026-02-05 04:14:56,detection,262.9,220.3,492.1,424.6
2524,det_b32f1373,green,0.223,31,2026-02-05 04:14:56,detection,263.2,220.5,489.7,423.9
2525,det_28728e2a,breaker,0.194,29,2026-02-05 04:14:56,detection,264.8,221.7,490.0,423.4
2526,det_cb04e902,green,0.182,31,2026-02-05 04:14:56,detection,265.0,221.5,490.0,422.7
2516,det_05a09fd6,breaker,0.561,29,2026-02-05 04:14:55,detection,261.5,223.6,494.6,423.4
2517,det_9365d0d0,breaker,0.721,29,2026-02-05 04:14:55,detection,260.7,223.1,495.4,424.2
2518,det_bbf96d24,breaker,0.346,29,2026-02-05 04:14:55,detection,263.0,220.3,496.7,424.5
2519,det_1ac507d9,green,0.289,31,2026-02-05 04:14:55,detection,258.4,218.5,500.9,427.4
2520,det_e165597c,green,0.276,31,2026-02-05 04:14:55,detection,262.3,218.6,496.5,425.9
2521,det_8ed7ec2e,breaker,0.266,29,2026-02-05 04:14:55,detection,262.0,218.7,495.9,426.7
2515,det_81b08e4c,green,0.7,31,2026-02-05 04:14:54,detection,262.9,220.3,493.7,422.1
2514,det_a196f612,green,0.662,31,2026-02-05 04:14:42,detection,277.2,166.8,459.9,322.8
2513,det_8747ffae,green,0.662,31,2026-02-05 04:14:36,detection,277.2,166.8,459.9,322.8
2511,det_35bbbe02,breaker,0.793,29,2026-02-05 04:14:14,detection,315.0,195.9,557.1,408.5
2512,det_b335e0ec,breaker,0.677,29,2026-02-05 04:14:14,detection,314.6,146.3,505.1,310.8
2508,det_2dc60018,breaker,0.771,29,2026-02-05 04:14:13,detection,314.9,195.8,556.1,407.7
2509,det_36c785ca,breaker,0.772,29,2026-02-05 04:14:13,detection,315.3,195.8,557.8,408.8
2510,det_f1a7ab58,breaker,0.812,29,2026-02-05 04:14:13,detection,315.1,195.6,557.1,409.4
2505,det_ce5e1367,breaker,0.804,29,2026-02-05 04:14:12,detection,315.0,196.5,557.0,409.2
2506,det_cb60bda9,breaker,0.804,29,2026-02-05 04:14:12,detection,313.6,194.7,557.7,410.6
2507,det_8a615259,breaker,0.792,29,2026-02-05 04:14:12,detection,315.8,196.1,557.4,408.8
2502,det_3296c6ad,breaker,0.786,29,2026-02-05 04:14:11,detection,316.1,196.8,556.6,408.3
2503,det_415a6cbe,breaker,0.779,29,2026-02-05 04:14:11,detection,316.3,196.5,556.7,408.0
2504,det_a6fc8e2b,breaker,0.793,29,2026-02-05 04:14:11,detection,315.3,195.8,557.3,409.3
2498,det_cde32fc0,breaker,0.811,29,2026-02-05 04:14:10,detection,314.9,195.9,556.8,411.4
2499,det_5535b161,breaker,0.824,29,2026-02-05 04:14:10,detection,315.6,196.2,556.7,409.1
2500,det_90a6069e,breaker,0.782,29,2026-02-05 04:14:10,detection,316.8,196.8,556.2,408.9
2501,det_007baf2a,breaker,0.789,29,2026-02-05 04:14:10,detection,315.9,196.1,555.1,408.0
2495,det_276f8a60,breaker,0.747,29,2026-02-05 04:14:09,detection,317.1,196.6,556.0,408.7
2496,det_fc7063a3,breaker,0.71,29,2026-02-05 04:14:09,detection,317.3,196.8,555.1,406.3
2497,det_7095a8e9,breaker,0.829,29,2026-02-05 04:14:09,detection,317.0,196.6,556.0,408.7
2492,det_49285234,breaker,0.797,29,2026-02-05 04:14:08,detection,316.4,196.5,556.1,407.6
2493,det_5eb30214,breaker,0.779,29,2026-02-05 04:14:08,detection,317.4,196.8,555.6,407.0
2494,det_966ac9c1,breaker,0.793,29,2026-02-05 04:14:08,detection,316.9,196.7,555.5,406.9
2488,det_19094038,breaker,0.795,29,2026-02-05 04:14:07,detection,315.6,196.4,557.7,408.9
2489,det_df18c5c4,breaker,0.793,29,2026-02-05 04:14:07,detection,316.6,196.5,556.6,407.4
2490,det_5c92a566,breaker,0.785,29,2026-02-05 04:14:07,detection,316.0,196.6,557.2,409.6
2491,det_c69584ca,breaker,0.818,29,2026-02-05 04:14:07,detection,315.4,195.7,557.4,409.1
2484,det_6f1d1601,breaker,0.837,29,2026-02-05 04:14:06,detection,317.1,196.1,555.9,409.9
2485,det_fabbe268,breaker,0.749,29,2026-02-05 04:14:06,detection,315.9,196.8,555.1,407.3
2486,det_d9899edd,breaker,0.798,29,2026-02-05 04:14:06,detection,317.3,196.7,555.9,407.7
2487,det_23269cef,breaker,0.795,29,2026-02-05 04:14:06,detection,317.0,197.2,556.2,407.5
2480,det_71f53343,breaker,0.872,29,2026-02-05 04:14:05,detection,316.6,197.9,555.0,408.9
2481,det_bc07a53b,breaker,0.868,29,2026-02-05 04:14:05,detection,317.6,197.7,555.8,407.8
2482,det_ee556c29,breaker,0.871,29,2026-02-05 04:14:05,detection,316.3,197.6,555.0,409.2
2483,det_21bc1e7d,breaker,0.833,29,2026-02-05 04:14:05,detection,314.4,195.4,558.2,411.2
2479,det_5206fbee,breaker,0.843,29,2026-02-05 04:14:04,detection,308.6,195.0,558.4,411.9
2478,det_700890f5,breaker,0.677,29,2026-02-05 04:13:52,detection,314.6,146.3,505.1,310.8
2477,det_897864de,breaker,0.677,29,2026-02-05 04:13:50,detection,314.6,146.3,505.1,310.8
2476,det_2b1caee5,breaker,0.677,29,2026-02-05 04:13:44,detection,314.6,146.3,505.1,310.8
2475,det_2b701ca7,turning,0.873,24,2026-02-05 03:36:28,detection,286.8,161.6,519.5,342.2
2474,det_b3ca7d7f,turning,0.873,24,2026-02-05 03:36:22,detection,286.8,161.6,519.5,342.2
2473,det_191ae869,defect,0.404,0,2026-02-05 03:35:31,detection,1.8,0.0,639.3,480.0
2472,det_b0349689,defect,0.447,0,2026-02-05 03:35:30,detection,1.4,0.0,638.0,480.0
2470,det_bb0e4b75,defect,0.419,0,2026-02-05 03:35:29,detection,1.3,0.0,638.4,480.0
2471,det_8fb1b0f2,defect,0.407,0,2026-02-05 03:35:29,detection,1.5,0.0,638.1,480.0
2469,det_bdb5735a,defect,0.384,0,2026-02-05 03:35:28,detection,2.1,0.0,638.8,480.0
2467,det_410922e4,defect,0.348,0,2026-02-05 03:35:27,detection,2.2,0.0,639.2,480.0
2468,det_5c5c274d,defect,0.255,0,2026-02-05 03:35:27,detection,2.0,0.0,639.0,480.0
2465,det_e3fec130,defect,0.412,0,2026-02-05 03:35:25,detection,1.7,0.0,639.1,480.0
2466,det_83f3a70e,defect,0.358,0,2026-02-05 03:35:25,detection,1.9,0.0,638.7,480.0
2464,det_fce52dcf,defect,0.37,0,2026-02-05 03:35:24,detection,1.4,0.0,638.1,480.0
2462,det_ae523c75,defect,0.407,0,2026-02-05 03:35:23,detection,1.1,0.0,638.3,480.0
2463,det_aac27eba,defect,0.312,0,2026-02-05 03:35:23,detection,1.7,0.0,637.3,480.0
2459,det_f7ff8c4d,defect,0.413,0,2026-02-05 03:35:22,detection,1.5,0.0,639.2,480.0
2460,det_f6c0bddb,defect,0.286,0,2026-02-05 03:35:22,detection,1.7,0.0,638.7,480.0
2461,det_6c51ff88,defect,0.259,0,2026-02-05 03:35:22,detection,1.7,0.0,639.0,480.0
2457,det_459c09cc,defect,0.387,0,2026-02-05 03:35:21,detection,1.5,0.0,637.8,480.0
2458,det_0288fd2b,defect,0.378,0,2026-02-05 03:35:21,detection,1.8,0.0,639.0,480.0
2455,det_150234a6,defect,0.362,0,2026-02-05 03:35:20,detection,1.7,0.0,637.9,480.0
2456,det_5b001d65,defect,0.469,0,2026-02-05 03:35:20,detection,1.6,0.0,639.0,480.0
2454,det_715ad391,defect,0.238,0,2026-02-05 03:35:19,detection,1.7,0.0,639.1,480.0
2451,det_d2baabf9,defect,0.409,0,2026-02-05 03:35:18,detection,1.3,0.0,638.3,480.0
2452,det_6db21553,defect,0.374,0,2026-02-05 03:35:18,detection,1.4,0.0,638.2,480.0
2453,det_bfeb07d4,defect,0.514,0,2026-02-05 03:35:18,detection,1.3,0.0,638.0,480.0
2449,det_c862ca99,defect,0.287,0,2026-02-05 03:35:17,detection,2.1,0.0,639.2,480.0
2450,det_b4487115,defect,0.359,0,2026-02-05 03:35:17,detection,1.5,0.0,638.1,480.0
2447,det_6853e838,defect,0.393,0,2026-02-05 03:35:16,detection,2.0,0.0,638.8,480.0
2448,det_123b8944,defect,0.233,0,2026-02-05 03:35:16,detection,1.8,0.0,638.9,480.0
2445,det_041413e8,defect,0.34,0,2026-02-05 03:35:15,detection,1.8,0.0,639.1,480.0
2446,det_5e67855b,defect,0.41,0,2026-02-05 03:35:15,detection,1.4,0.0,637.6,480.0
2444,det_3b376679,defect,0.256,0,2026-02-05 03:35:14,detection,2.3,0.0,639.3,480.0
2441,det_8eea9eb1,defect,0.484,0,2026-02-05 03:35:13,detection,1.4,0.0,638.2,480.0
2442,det_80ecd08a,defect,0.278,0,2026-02-05 03:35:13,detection,1.6,0.0,639.1,480.0
2443,det_7696446d,defect,0.285,0,2026-02-05 03:35:13,detection,2.3,0.0,638.9,480.0
2439,det_bc37717b,defect,0.337,0,2026-02-05 03:35:12,detection,1.5,0.0,637.9,480.0
2440,det_75506d4b,defect,0.448,0,2026-02-05 03:35:12,detection,1.8,0.0,639.0,480.0
2437,det_c0d3d699,defect,0.253,0,2026-02-05 03:35:11,detection,1.5,0.0,638.3,480.0
2438,det_0f1f3f14,defect,0.424,0,2026-02-05 03:35:11,detection,1.3,0.0,638.2,480.0
2434,det_74566772,defect,0.514,0,2026-02-05 03:35:10,detection,1.4,0.0,638.2,480.0
2435,det_d95d23da,defect,0.51,0,2026-02-05 03:35:10,detection,2.1,0.0,639.2,480.0
2436,det_5d997a47,defect,0.468,0,2026-02-05 03:35:10,detection,1.2,0.0,638.4,480.0
2433,det_40389f17,defect,0.422,0,2026-02-05 03:35:09,detection,1.8,0.0,639.4,480.0
2432,det_91e491b8,defect,0.357,0,2026-02-05 03:35:08,detection,2.3,0.0,639.0,480.0
2429,det_675dd53b,defect,0.249,0,2026-02-05 03:35:07,detection,1.9,0.0,639.0,480.0
2430,det_f35b5512,defect,0.216,0,2026-02-05 03:35:07,detection,1.5,0.0,637.4,480.0
2431,det_0ea6a6af,defect,0.455,0,2026-02-05 03:35:07,detection,1.1,0.0,638.2,480.0
2427,det_fcaea5d6,defect,0.35,0,2026-02-05 03:35:06,detection,1.8,0.0,638.9,480.0
2428,det_10a27fea,defect,0.405,0,2026-02-05 03:35:06,detection,1.2,0.0,638.2,480.0
2425,det_08268caf,defect,0.354,0,2026-02-05 03:35:05,detection,1.4,0.0,638.0,480.0
2426,det_936fc6a7,defect,0.238,0,2026-02-05 03:35:05,detection,1.7,0.0,639.4,480.0
2422,det_a4f942e5,defect,0.426,0,2026-02-05 03:35:04,detection,1.9,0.0,639.2,480.0
2423,det_ad6663a3,defect,0.248,0,2026-02-05 03:35:04,detection,1.9,0.0,639.1,480.0
2424,det_bd61ec95,defect,0.289,0,2026-02-05 03:35:04,detection,1.8,0.0,639.4,480.0
2421,det_aa357f04,defect,0.456,0,2026-02-05 03:35:03,detection,1.2,0.0,638.3,480.0
2419,det_f186c6ab,defect,0.514,0,2026-02-05 03:35:02,detection,1.2,0.0,638.6,480.0
2420,det_d65bfd8e,defect,0.374,0,2026-02-05 03:35:02,detection,1.4,0.0,639.4,480.0
2417,det_b827ee3c,defect,0.285,0,2026-02-05 03:35:01,detection,1.9,0.0,639.6,480.0
2418,det_3e020916,defect,0.303,0,2026-02-05 03:35:01,detection,1.3,0.0,639.3,480.0
2414,det_5479914e,defect,0.339,0,2026-02-05 03:35:00,detection,1.8,0.0,640.0,480.0
2415,det_9d462d48,defect,0.478,0,2026-02-05 03:35:00,detection,1.6,0.0,639.5,480.0
2416,det_7ae581bc,defect,0.396,0,2026-02-05 03:35:00,detection,1.5,0.0,639.5,480.0
2413,det_351983c2,defect,0.348,0,2026-02-05 03:34:59,detection,1.4,0.0,638.8,480.0
2411,det_4ca8742a,defect,0.471,0,2026-02-05 03:34:58,detection,1.9,0.0,639.4,480.0
2412,det_8073f7d2,defect,0.402,0,2026-02-05 03:34:58,detection,1.7,0.0,639.4,480.0
2409,det_1d5a4a69,defect,0.364,0,2026-02-05 03:34:57,detection,1.8,0.0,639.6,480.0
2410,det_0faf3a6a,defect,0.362,0,2026-02-05 03:34:57,detection,1.7,0.0,639.7,480.0
2408,det_1e737f9d,defect,0.3,0,2026-02-05 03:34:56,detection,1.6,0.0,638.5,480.0
2405,det_312fce74,defect,0.362,0,2026-02-05 03:34:55,detection,1.5,0.0,639.9,480.0
2406,det_b8ebef98,defect,0.302,0,2026-02-05 03:34:55,detection,1.3,0.0,639.6,480.0
2407,det_edf177fe,defect,0.367,0,2026-02-05 03:34:55,detection,1.2,0.0,639.6,480.0
2403,det_477c226a,defect,0.312,0,2026-02-05 03:34:54,detection,2.2,0.0,639.8,480.0
2404,det_4e0c9fb1,defect,0.372,0,2026-02-05 03:34:54,detection,1.8,0.0,639.6,480.0
2400,det_9be363e3,defect,0.31,0,2026-02-05 03:34:53,detection,1.5,0.0,639.4,480.0
2401,det_3b876667,defect,0.444,0,2026-02-05 03:34:53,detection,1.2,0.0,639.8,480.0
2402,det_4a58ae03,defect,0.411,0,2026-02-05 03:34:53,detection,1.4,0.0,639.4,480.0
2399,det_023db96e,defect,0.264,0,2026-02-05 03:34:52,detection,1.7,0.0,639.9,480.0
2397,det_42db60b8,defect,0.301,0,2026-02-05 03:34:51,detection,1.6,0.0,639.6,480.0
2398,det_e0a5abd8,defect,0.292,0,2026-02-05 03:34:51,detection,2.2,0.0,639.7,480.0
2395,det_bf5d6852,defect,0.286,0,2026-02-05 03:34:50,detection,2.3,0.0,639.5,480.0
2396,det_ef9b4bd4,defect,0.333,0,2026-02-05 03:34:50,detection,1.8,0.0,639.4,480.0
2393,det_61f1cc6f,defect,0.291,0,2026-02-05 03:34:49,detection,1.0,0.0,639.4,480.0
2394,det_00ac5d11,defect,0.361,0,2026-02-05 03:34:49,detection,1.6,0.0,639.8,480.0
2390,det_28572c92,defect,0.303,0,2026-02-05 03:34:48,detection,2.2,0.0,639.5,480.0
2391,det_57cfdbf3,defect,0.254,0,2026-02-05 03:34:48,detection,2.3,0.0,639.9,480.0
2392,det_98d11f84,defect,0.349,0,2026-02-05 03:34:48,detection,1.1,0.0,639.6,480.0
2388,det_50c5a9a8,defect,0.282,0,2026-02-05 03:34:47,detection,1.6,0.0,639.5,480.0
2389,det_71c61f97,defect,0.254,0,2026-02-05 03:34:47,detection,1.3,0.0,639.8,480.0
2387,det_1fe74cf1,defect,0.336,0,2026-02-05 03:34:46,detection,2.0,0.0,640.0,480.0
2384,det_dc80d35e,defect,0.202,0,2026-02-05 03:34:45,detection,2.0,0.0,639.4,480.0
2385,det_b3aaebf1,defect,0.298,0,2026-02-05 03:34:45,detection,1.5,0.0,639.7,480.0
2386,det_202745b0,defect,0.381,0,2026-02-05 03:34:45,detection,1.5,0.0,639.5,480.0
2382,det_14554c3d,defect,0.366,0,2026-02-05 03:34:44,detection,1.4,0.0,639.5,480.0
2383,det_dec52c6a,defect,0.332,0,2026-02-05 03:34:44,detection,1.8,0.0,640.0,480.0
2379,det_4a5ebcfb,defect,0.21,0,2026-02-05 03:34:43,detection,1.7,0.0,639.4,480.0
2380,det_a117c888,defect,0.301,0,2026-02-05 03:34:43,detection,1.6,0.0,639.3,480.0
2381,det_87911dd7,defect,0.325,0,2026-02-05 03:34:43,detection,1.5,0.0,639.4,480.0
2378,det_ce5fc494,defect,0.216,0,2026-02-05 03:34:42,detection,2.4,0.0,640.0,480.0
2375,det_aad3d714,defect,0.217,0,2026-02-05 03:34:41,detection,1.6,0.0,639.5,480.0
2376,det_c46dd816,defect,0.235,0,2026-02-05 03:34:41,detection,2.2,0.0,639.1,480.0
2377,det_3201cc42,defect,0.206,0,2026-02-05 03:34:41,detection,1.8,0.0,639.9,480.0
2374,det_744dfb19,defect,0.256,0,2026-02-05 03:34:40,detection,1.5,0.0,639.7,480.0
2372,det_852a7db2,defect,0.21,0,2026-02-05 03:34:39,detection,2.4,0.0,639.7,480.0
2373,det_8ce98c76,defect,0.244,0,2026-02-05 03:34:39,detection,1.5,0.0,639.5,480.0
2369,det_ae437c6d,defect,0.296,0,2026-02-05 03:34:38,detection,142.6,180.2,636.9,480.0
2370,det_31bea45a,defect,0.242,0,2026-02-05 03:34:38,detection,1.6,0.0,639.6,480.0
2371,det_358c1fad,defect,0.304,0,2026-02-05 03:34:38,detection,1.5,0.0,639.5,480.0
2366,det_0b6f0dee,defect,0.201,0,2026-02-05 03:34:37,detection,1.8,0.0,639.4,480.0
2367,det_325bc3b0,defect,0.347,0,2026-02-05 03:34:37,detection,1.9,0.0,640.0,480.0
2368,det_c9a20935,defect,0.23,0,2026-02-05 03:34:37,detection,1.7,0.0,639.7,480.0
2365,det_fb6e8c8e,defect,0.291,0,2026-02-05 03:34:36,detection,1.7,0.0,639.4,480.0
2364,det_5be5ef6b,defect,0.301,0,2026-02-05 03:34:35,detection,1.9,0.0,639.4,480.0
2362,det_62b44508,defect,0.336,0,2026-02-05 03:34:34,detection,1.9,0.0,639.6,480.0
2363,det_ead9fad3,defect,0.381,0,2026-02-05 03:34:34,detection,1.8,0.0,639.9,480.0
2360,det_ee38f092,defect,0.283,0,2026-02-05 03:34:33,detection,1.8,0.0,639.7,480.0
2361,det_8cd4c7dc,defect,0.357,0,2026-02-05 03:34:33,detection,1.3,0.0,639.7,480.0
2358,det_32a1290c,defect,0.317,0,2026-02-05 03:34:32,detection,2.1,0.0,639.8,480.0
2359,det_39b34a37,defect,0.239,0,2026-02-05 03:34:32,detection,2.2,0.0,639.5,480.0
2356,det_c6fbc29d,defect,0.273,0,2026-02-05 03:34:31,detection,1.4,0.0,639.7,480.0
2357,det_b15d5007,defect,0.221,0,2026-02-05 03:34:31,detection,1.5,0.0,639.8,480.0
2354,det_124425f0,defect,0.318,0,2026-02-05 03:34:30,detection,1.3,0.0,639.8,480.0
2355,det_fcbf0b0a,defect,0.295,0,2026-02-05 03:34:30,detection,2.1,0.0,639.2,480.0
2353,det_d24a27c8,defect,0.221,0,2026-02-05 03:34:29,detection,1.9,0.0,640.0,480.0
2351,det_72b82947,defect,0.434,0,2026-02-05 03:34:28,detection,2.1,0.0,639.6,480.0
2352,det_36174ede,defect,0.283,0,2026-02-05 03:34:28,detection,1.5,0.0,639.5,480.0
2349,det_32afb7d0,defect,0.296,0,2026-02-05 03:34:27,detection,1.8,0.0,639.3,480.0
2350,det_e7902794,defect,0.252,0,2026-02-05 03:34:27,detection,1.8,0.0,639.9,480.0
2346,det_20f61e5c,defect,0.274,0,2026-02-05 03:34:26,detection,1.5,0.0,640.0,480.0
2347,det_10eeb85d,defect,0.288,0,2026-02-05 03:34:26,detection,1.7,0.0,639.5,480.0
2348,det_15114d06,defect,0.313,0,2026-02-05 03:34:26,detection,2.2,0.0,639.7,480.0
2345,det_458da79b,defect,0.295,0,2026-02-05 03:34:25,detection,2.1,0.0,639.5,480.0
2343,det_5e5921ab,defect,0.214,0,2026-02-05 03:34:24,detection,1.3,0.0,639.4,480.0
2344,det_a4cf6f44,defect,0.339,0,2026-02-05 03:34:24,detection,1.5,0.0,639.5,480.0
2341,det_57d5dcc0,defect,0.215,0,2026-02-05 03:34:23,detection,2.0,0.0,639.5,480.0
2342,det_9421580b,defect,0.435,0,2026-02-05 03:34:23,detection,1.5,0.0,639.3,480.0
2339,det_69e01dfb,defect,0.373,0,2026-02-05 03:34:22,detection,1.6,0.0,639.6,480.0
2340,det_454be53a,defect,0.306,0,2026-02-05 03:34:22,detection,1.7,0.0,639.3,480.0
2337,det_e0cce5a1,defect,0.384,0,2026-02-05 03:34:21,detection,1.9,0.0,639.6,480.0
2338,det_ed145f3b,defect,0.325,0,2026-02-05 03:34:21,detection,1.9,0.0,639.5,480.0
2334,det_621a17aa,defect,0.343,0,2026-02-05 03:34:20,detection,1.7,0.0,639.9,480.0
2335,det_466abc76,defect,0.286,0,2026-02-05 03:34:20,detection,1.8,0.0,639.4,480.0
2336,det_7365e6f8,defect,0.245,0,2026-02-05 03:34:20,detection,1.8,0.0,639.5,480.0
2332,det_4c99ccf4,defect,0.339,0,2026-02-05 03:34:19,detection,1.4,0.0,639.6,480.0
2333,det_918ecdf0,defect,0.367,0,2026-02-05 03:34:19,detection,1.5,0.0,639.6,480.0
2331,det_6b0c75ea,defect,0.22,0,2026-02-05 03:34:18,detection,2.0,0.0,639.7,480.0
2330,det_4d1dc8e7,defect,0.214,0,2026-02-05 03:34:17,detection,1.7,0.0,639.3,480.0
2327,det_ca79b6d8,defect,0.353,0,2026-02-05 03:34:16,detection,1.6,0.0,639.8,480.0
2328,det_b91257cd,defect,0.244,0,2026-02-05 03:34:16,detection,1.7,0.0,639.7,480.0
2329,det_b9878c35,defect,0.39,0,2026-02-05 03:34:16,detection,2.0,0.0,639.5,480.0
2325,det_754802e9,defect,0.31,0,2026-02-05 03:34:15,detection,1.7,0.0,639.4,480.0
2326,det_847ee13a,defect,0.231,0,2026-02-05 03:34:15,detection,1.8,0.0,639.5,480.0
2323,det_8c69f186,defect,0.364,0,2026-02-05 03:34:14,detection,1.8,0.0,639.7,480.0
2324,det_61937aff,defect,0.306,0,2026-02-05 03:34:14,detection,1.8,0.0,639.2,480.0
2321,det_4ba4c768,defect,0.267,0,2026-02-05 03:34:13,detection,2.0,0.0,639.3,480.0
2322,det_80a7ed8e,defect,0.309,0,2026-02-05 03:34:13,detection,2.0,0.0,639.7,480.0
2320,det_155e56c4,defect,0.315,0,2026-02-05 03:34:12,detection,1.4,0.0,639.7,480.0
2317,det_682e781e,defect,0.285,0,2026-02-05 03:34:11,detection,1.6,0.0,639.2,480.0
2318,det_f3a0fe9b,defect,0.403,0,2026-02-05 03:34:11,detection,1.4,0.0,638.0,480.0
2319,det_0dfdcaa9,defect,0.259,0,2026-02-05 03:34:11,detection,1.8,0.0,639.6,480.0
2315,det_948ce323,defect,0.364,0,2026-02-05 03:34:10,detection,1.7,0.0,639.2,480.0
2316,det_fcd7daf4,defect,0.35,0,2026-02-05 03:34:10,detection,1.6,0.0,639.6,480.0
2313,det_486899fa,defect,0.358,0,2026-02-05 03:34:09,detection,2.1,0.0,639.5,480.0
2314,det_a55293fe,defect,0.401,0,2026-02-05 03:34:09,detection,1.5,0.0,638.1,480.0
2311,det_b2f59de4,defect,0.354,0,2026-02-05 03:34:08,detection,1.6,0.0,639.3,480.0
2312,det_10422468,defect,0.262,0,2026-02-05 03:34:08,detection,1.5,0.0,639.0,480.0
2308,det_747137fa,defect,0.339,0,2026-02-05 03:34:07,detection,2.0,0.0,639.2,480.0
2309,det_cf4c1117,defect,0.528,0,2026-02-05 03:34:07,detection,1.4,0.0,639.5,480.0
2310,det_275d3f42,defect,0.272,0,2026-02-05 03:34:07,detection,1.6,0.0,637.8,480.0
2307,det_8c64e4ef,defect,0.244,0,2026-02-05 03:34:06,detection,2.1,0.0,639.1,480.0
2304,det_169cbd0e,defect,0.296,0,2026-02-05 03:34:05,detection,1.9,0.0,639.3,480.0
2305,det_29fd9f7e,defect,0.346,0,2026-02-05 03:34:05,detection,1.7,0.0,639.2,480.0
2306,det_c0b9b5f3,defect,0.241,0,2026-02-05 03:34:05,detection,1.9,0.0,639.1,480.0
2302,det_91ee84a8,defect,0.341,0,2026-02-05 03:34:04,detection,2.1,0.0,639.0,480.0
2303,det_c3de526f,defect,0.492,0,2026-02-05 03:34:04,detection,2.0,0.0,639.3,480.0
2299,det_b0796b2f,defect,0.437,0,2026-02-05 03:34:03,detection,1.6,0.0,639.3,480.0
2300,det_b3166d04,defect,0.428,0,2026-02-05 03:34:03,detection,1.9,0.0,639.0,480.0
2301,det_b4d42c70,defect,0.362,0,2026-02-05 03:34:03,detection,1.4,0.0,638.0,480.0
2297,det_b9780056,defect,0.353,0,2026-02-05 03:34:02,detection,1.3,0.0,639.6,480.0
2298,det_107d922c,defect,0.365,0,2026-02-05 03:34:02,detection,1.9,0.0,639.3,480.0
2295,det_b84e722f,defect,0.344,0,2026-02-05 03:34:01,detection,1.9,0.0,639.1,480.0
2296,det_e9e4aa9a,defect,0.31,0,2026-02-05 03:34:01,detection,1.4,0.0,639.2,480.0
2294,det_e267639f,defect,0.431,0,2026-02-05 03:34:00,detection,1.7,0.0,639.2,480.0
2291,det_e8b98246,defect,0.327,0,2026-02-05 03:33:59,detection,1.5,0.0,639.2,480.0
2292,det_417e8a3c,defect,0.447,0,2026-02-05 03:33:59,detection,1.9,0.0,639.1,480.0
2293,det_1d2ef00e,defect,0.321,0,2026-02-05 03:33:59,detection,1.7,0.0,639.2,480.0
2289,det_53c758aa,defect,0.497,0,2026-02-05 03:33:58,detection,1.7,0.0,639.3,480.0
2290,det_990f420c,defect,0.348,0,2026-02-05 03:33:58,detection,1.8,0.0,639.1,480.0
2287,det_1ff6125b,defect,0.461,0,2026-02-05 03:33:57,detection,1.6,0.0,640.0,480.0
2288,det_e742fc09,defect,0.487,0,2026-02-05 03:33:57,detection,2.2,0.0,639.3,480.0
2284,det_35adb1ff,defect,0.457,0,2026-02-05 03:33:56,detection,1.9,0.0,639.1,480.0
2285,det_9cc92327,defect,0.349,0,2026-02-05 03:33:56,detection,1.3,0.0,638.2,480.0
2286,det_09e977cc,defect,0.392,0,2026-02-05 03:33:56,detection,1.4,0.0,638.5,480.0
2283,det_51cf06dc,defect,0.468,0,2026-02-05 03:33:55,detection,1.0,0.0,638.4,480.0
2281,det_66e4e1e1,defect,0.441,0,2026-02-05 03:33:54,detection,1.3,0.0,637.8,480.0
2282,det_3c6681a1,defect,0.489,0,2026-02-05 03:33:54,detection,0.9,0.0,638.9,480.0
2278,det_9537d785,defect,0.475,0,2026-02-05 03:33:53,detection,1.1,0.0,638.2,480.0
2279,det_25179757,defect,0.483,0,2026-02-05 03:33:53,detection,1.5,0.0,639.2,480.0
2280,det_e094cefc,defect,0.408,0,2026-02-05 03:33:53,detection,1.4,0.0,639.4,480.0
2276,det_283cb8af,defect,0.309,0,2026-02-05 03:33:52,detection,1.8,0.0,639.3,480.0
2277,det_46fcc53f,defect,0.492,0,2026-02-05 03:33:52,detection,1.6,0.0,640.0,480.0
2274,det_97504775,defect,0.431,0,2026-02-05 03:33:51,detection,1.9,0.0,639.3,480.0
2275,det_8a740506,defect,0.35,0,2026-02-05 03:33:51,detection,1.7,0.0,639.3,480.0
2271,det_b9bcece4,defect,0.473,0,2026-02-05 03:33:50,detection,1.1,0.0,639.9,480.0
2272,det_9593f623,defect,0.413,0,2026-02-05 03:33:50,detection,1.3,0.0,639.4,480.0
2273,det_1b97c1ba,defect,0.468,0,2026-02-05 03:33:50,detection,1.4,0.0,639.4,480.0
2270,det_53dc3e83,defect,0.395,0,2026-02-05 03:33:49,detection,1.7,0.0,639.5,480.0
2268,det_2c38efa3,defect,0.358,0,2026-02-05 03:33:48,detection,1.6,0.0,639.9,480.0
2269,det_5058cad9,defect,0.427,0,2026-02-05 03:33:48,detection,2.0,0.0,639.0,480.0
2266,det_b85662bc,defect,0.492,0,2026-02-05 03:33:47,detection,1.3,0.0,638.4,480.0
2267,det_1e6224ea,defect,0.39,0,2026-02-05 03:33:47,detection,1.7,0.0,639.4,480.0
2263,det_10b3ebc1,defect,0.408,0,2026-02-05 03:33:46,detection,1.2,0.0,638.4,480.0
2264,det_e5a6ae61,defect,0.356,0,2026-02-05 03:33:46,detection,1.3,0.0,639.5,480.0
2265,det_5912741e,defect,0.317,0,2026-02-05 03:33:46,detection,1.8,0.0,639.4,480.0
2260,det_f098d734,defect,0.511,0,2026-02-05 03:33:45,detection,1.2,0.0,638.6,480.0
2261,det_ab3acc58,defect,0.398,0,2026-02-05 03:33:45,detection,1.2,0.0,638.5,480.0
2262,det_a698bef3,defect,0.358,0,2026-02-05 03:33:45,detection,1.7,0.0,639.4,480.0
2258,det_e84ac089,defect,0.409,0,2026-02-05 03:33:44,detection,1.4,0.0,639.5,480.0
2259,det_ecd058ef,defect,0.397,0,2026-02-05 03:33:44,detection,1.7,0.0,639.6,480.0
2257,det_9c7cb6d6,defect,0.449,0,2026-02-05 03:33:43,detection,1.2,0.0,638.4,480.0
2255,det_831ccba4,defect,0.418,0,2026-02-05 03:33:42,detection,1.4,0.0,639.6,480.0
2256,det_43b4de63,defect,0.536,0,2026-02-05 03:33:42,detection,1.2,0.0,638.1,480.0
2252,det_723ff323,defect,0.359,0,2026-02-05 03:33:41,detection,1.8,0.0,639.4,480.0
2253,det_e615634c,defect,0.45,0,2026-02-05 03:33:41,detection,1.3,0.0,638.6,480.0
2254,det_1f05dea7,defect,0.494,0,2026-02-05 03:33:41,detection,1.6,0.0,639.2,480.0
2250,det_ed8b3a15,defect,0.463,0,2026-02-05 03:33:40,detection,1.7,0.0,639.6,480.0
2251,det_fd9e3953,defect,0.401,0,2026-02-05 03:33:40,detection,1.6,0.0,639.4,480.0
2247,det_74c1218c,defect,0.392,0,2026-02-05 03:33:39,detection,1.3,0.0,638.9,480.0
2248,det_48f86081,defect,0.32,0,2026-02-05 03:33:39,detection,1.3,0.0,639.6,480.0
2249,det_489730fc,defect,0.384,0,2026-02-05 03:33:39,detection,1.3,0.0,639.4,480.0
2246,det_a036b91e,defect,0.468,0,2026-02-05 03:33:38,detection,1.5,0.0,639.4,480.0
2244,det_55109ded,defect,0.431,0,2026-02-05 03:33:37,detection,1.2,0.0,638.9,480.0
2245,det_4e95f31f,defect,0.413,0,2026-02-05 03:33:37,detection,1.6,0.0,639.3,480.0
2241,det_f2cff009,defect,0.414,0,2026-02-05 03:33:36,detection,1.4,0.0,639.3,480.0
2242,det_786c96c8,defect,0.488,0,2026-02-05 03:33:36,detection,1.1,0.0,638.8,480.0
2243,det_7bd48962,defect,0.303,0,2026-02-05 03:33:36,detection,1.2,0.0,640.0,480.0
2239,det_d916d92d,defect,0.229,0,2026-02-05 03:33:35,detection,1.9,0.0,639.2,480.0
2240,det_b6eeb0aa,defect,0.398,0,2026-02-05 03:33:35,detection,1.7,0.0,639.5,480.0
2237,det_70ea8590,defect,0.303,0,2026-02-05 03:33:34,detection,1.9,0.0,639.6,480.0
2238,det_f05c6770,defect,0.3,0,2026-02-05 03:33:34,detection,1.9,0.0,639.4,480.0
2234,det_3787ce47,defect,0.386,0,2026-02-05 03:33:33,detection,1.7,0.0,639.5,480.0
2235,det_3d482a36,defect,0.203,0,2026-02-05 03:33:33,detection,1.9,0.0,639.9,480.0
2236,det_7eb31dab,defect,0.331,0,2026-02-05 03:33:33,detection,1.8,0.0,639.7,480.0
2233,det_d74ec052,defect,0.371,0,2026-02-05 03:33:32,detection,1.7,0.0,639.6,480.0
2231,det_0610e673,defect,0.32,0,2026-02-05 03:33:31,detection,2.1,0.0,640.0,480.0
2232,det_13c7f038,defect,0.337,0,2026-02-05 03:33:31,detection,1.6,0.0,639.3,480.0
2228,det_0c49ee74,defect,0.379,0,2026-02-05 03:33:30,detection,1.2,0.0,638.9,480.0
2229,det_d3291ae0,defect,0.326,0,2026-02-05 03:33:30,detection,1.7,0.0,639.4,480.0
2230,det_f412b162,defect,0.463,0,2026-02-05 03:33:30,detection,1.8,0.0,639.6,480.0
2226,det_ab11a019,defect,0.38,0,2026-02-05 03:33:29,detection,1.4,0.0,638.7,480.0
2227,det_893e5108,defect,0.379,0,2026-02-05 03:33:29,detection,1.7,0.0,639.5,480.0
2224,det_b557e1aa,defect,0.315,0,2026-02-05 03:33:28,detection,1.8,0.0,639.5,480.0
2225,det_25067cb3,defect,0.452,0,2026-02-05 03:33:28,detection,1.6,0.0,639.4,480.0
2222,det_482bc72f,defect,0.45,0,2026-02-05 03:33:27,detection,1.3,0.0,639.4,480.0
2223,det_a10a821b,defect,0.318,0,2026-02-05 03:33:27,detection,1.4,0.0,639.3,480.0
2220,det_b135e1fd,defect,0.372,0,2026-02-05 03:33:26,detection,1.4,0.0,639.8,480.0
2221,det_9107fd8b,defect,0.389,0,2026-02-05 03:33:26,detection,1.5,0.0,639.5,480.0
2218,det_e4c9d37e,defect,0.268,0,2026-02-05 03:33:25,detection,2.2,0.0,639.4,480.0
2219,det_f430d4c2,defect,0.336,0,2026-02-05 03:33:25,detection,1.9,0.0,639.8,480.0
2215,det_f783852f,defect,0.335,0,2026-02-05 03:33:24,detection,1.2,0.0,639.7,480.0
2216,det_7a84a5e7,defect,0.456,0,2026-02-05 03:33:24,detection,1.4,0.0,639.4,480.0
2217,det_a12a0d2d,defect,0.263,0,2026-02-05 03:33:24,detection,1.7,0.0,639.4,480.0
2213,det_4752344f,defect,0.417,0,2026-02-05 03:33:23,detection,1.8,0.0,639.5,480.0
2214,det_324b8320,defect,0.403,0,2026-02-05 03:33:23,detection,1.1,0.0,639.6,480.0
2210,det_648af678,defect,0.312,0,2026-02-05 03:33:22,detection,1.4,0.0,639.1,480.0
2211,det_fe9255de,defect,0.474,0,2026-02-05 03:33:22,detection,1.7,0.0,639.4,480.0
2212,det_851e0cf8,defect,0.405,0,2026-02-05 03:33:22,detection,1.9,0.0,639.4,480.0
2209,det_ec144cc7,defect,0.447,0,2026-02-05 03:33:21,detection,1.5,0.0,639.6,480.0
2207,det_4905ce1a,defect,0.369,0,2026-02-05 03:33:20,detection,1.5,0.0,639.4,480.0
2208,det_d68aee87,defect,0.332,0,2026-02-05 03:33:20,detection,1.1,0.0,639.5,480.0
2204,det_aa96cf72,defect,0.377,0,2026-02-05 03:33:19,detection,1.3,0.0,639.5,480.0
2205,det_4f0d09d9,defect,0.326,0,2026-02-05 03:33:19,detection,1.4,0.0,639.4,480.0
2206,det_d525b375,defect,0.355,0,2026-02-05 03:33:19,detection,1.2,0.0,639.4,480.0
2202,det_0d2a12e7,defect,0.235,0,2026-02-05 03:33:18,detection,1.7,0.0,639.6,480.0
2203,det_b0b2461d,defect,0.346,0,2026-02-05 03:33:18,detection,1.6,0.0,639.9,480.0
2199,det_578c63a4,defect,0.337,0,2026-02-05 03:33:17,detection,1.5,0.0,639.8,480.0
2200,det_6b98bb5b,defect,0.331,0,2026-02-05 03:33:17,detection,1.7,0.0,639.3,480.0
2201,det_57cd6fa9,defect,0.297,0,2026-02-05 03:33:17,detection,1.7,0.0,639.6,480.0
2198,det_3db96ff5,defect,0.52,0,2026-02-05 03:33:16,detection,1.2,0.0,640.0,480.0
2196,det_6cac4b60,defect,0.246,0,2026-02-05 03:33:15,detection,1.7,0.0,640.0,480.0
2197,det_6db043ce,defect,0.264,0,2026-02-05 03:33:15,detection,1.7,0.0,639.6,480.0
2193,det_e70d989f,defect,0.409,0,2026-02-05 03:33:14,detection,1.7,0.0,639.4,480.0
2194,det_e9d987de,defect,0.31,0,2026-02-05 03:33:14,detection,1.7,0.0,639.7,480.0
2195,det_2c8f963d,defect,0.284,0,2026-02-05 03:33:14,detection,1.9,0.0,639.2,480.0
2190,det_af567ecb,defect,0.255,0,2026-02-05 03:33:13,detection,1.4,0.0,639.3,480.0
2191,det_0ee22e8c,defect,0.36,0,2026-02-05 03:33:13,detection,1.7,0.0,639.3,480.0
2192,det_35742e6c,defect,0.359,0,2026-02-05 03:33:13,detection,1.9,0.0,639.2,480.0
2188,det_974e087b,defect,0.361,0,2026-02-05 03:33:12,detection,1.5,0.0,639.7,480.0
2189,det_cb2ae0cd,defect,0.344,0,2026-02-05 03:33:12,detection,1.5,0.0,639.4,480.0
2186,det_9b0508d2,defect,0.291,0,2026-02-05 03:33:11,detection,1.5,0.0,639.2,480.0
2187,det_6c9247be,defect,0.311,0,2026-02-05 03:33:11,detection,1.5,0.0,639.6,480.0
2185,det_86ff50f5,defect,0.213,0,2026-02-05 03:33:10,detection,1.5,0.0,639.8,480.0
2183,det_5841fcb3,defect,0.355,0,2026-02-05 03:33:09,detection,1.6,0.0,639.5,480.0
2184,det_c35f6b81,defect,0.422,0,2026-02-05 03:33:09,detection,1.8,0.0,639.6,480.0
2181,det_2d3622de,defect,0.458,0,2026-02-05 03:33:08,detection,1.4,0.0,639.8,480.0
2182,det_eb1c6023,defect,0.429,0,2026-02-05 03:33:08,detection,1.4,0.0,639.6,480.0
2178,det_27bc82f7,defect,0.364,0,2026-02-05 03:33:07,detection,1.3,0.0,639.4,480.0
2179,det_6f515ed4,defect,0.308,0,2026-02-05 03:33:07,detection,2.6,0.0,639.8,480.0
2180,det_187630ed,defect,0.321,0,2026-02-05 03:33:07,detection,1.5,0.0,639.6,480.0
2176,det_ee8e5fd1,defect,0.308,0,2026-02-05 03:33:06,detection,1.3,0.0,639.5,480.0
2177,det_a74a0ea6,defect,0.382,0,2026-02-05 03:33:06,detection,1.6,0.0,639.6,480.0
2174,det_a308dcd3,defect,0.384,0,2026-02-05 03:33:05,detection,1.5,0.0,639.3,480.0
2175,det_d98e3e19,defect,0.473,0,2026-02-05 03:33:05,detection,1.2,0.0,639.5,480.0
2173,det_6974ec1a,defect,0.372,0,2026-02-05 03:33:04,detection,1.6,0.0,639.3,480.0
2172,det_4cab0737,defect,0.329,0,2026-02-05 03:33:03,detection,1.4,0.0,639.6,480.0
2169,det_f796aa23,defect,0.38,0,2026-02-05 03:33:02,detection,1.1,0.0,639.3,480.0
2170,det_15535868,defect,0.294,0,2026-02-05 03:33:02,detection,2.0,0.0,639.7,480.0
2171,det_5cc87b6f,defect,0.339,0,2026-02-05 03:33:02,detection,1.5,0.0,639.2,480.0
2166,det_2ad3a788,defect,0.273,0,2026-02-05 03:33:01,detection,1.6,0.0,639.6,480.0
2167,det_f5ac0d3f,defect,0.34,0,2026-02-05 03:33:01,detection,1.1,0.0,639.3,480.0
2168,det_b32df2bc,defect,0.257,0,2026-02-05 03:33:01,detection,2.1,0.0,639.1,480.0
2164,det_598fb7d1,defect,0.28,0,2026-02-05 03:33:00,detection,1.6,0.0,639.6,480.0
2165,det_895d9de7,defect,0.27,0,2026-02-05 03:33:00,detection,1.5,0.0,639.3,480.0
2162,det_ed7af4ef,defect,0.356,0,2026-02-05 03:32:59,detection,1.2,0.0,639.3,480.0
2163,det_e051c4a5,defect,0.394,0,2026-02-05 03:32:59,detection,1.5,0.0,639.5,480.0
2160,det_1323e35e,defect,0.244,0,2026-02-05 03:32:58,detection,1.9,0.0,639.0,480.0
2161,det_330851e6,defect,0.285,0,2026-02-05 03:32:58,detection,1.4,0.0,639.2,480.0
2158,det_47900ff3,defect,0.391,0,2026-02-05 03:32:57,detection,1.1,0.0,639.3,480.0
2159,det_1168889c,defect,0.235,0,2026-02-05 03:32:57,detection,1.6,0.0,639.3,480.0
2155,det_1a9188a5,defect,0.367,0,2026-02-05 03:32:56,detection,1.4,0.0,639.1,480.0
2156,det_1d28f9b2,defect,0.452,0,2026-02-05 03:32:56,detection,1.2,0.0,638.0,480.0
2157,det_717b7095,defect,0.394,0,2026-02-05 03:32:56,detection,1.5,0.0,639.4,480.0
2153,det_f6f18e77,defect,0.429,0,2026-02-05 03:32:55,detection,1.3,0.0,639.2,480.0
2154,det_60105e9c,defect,0.35,0,2026-02-05 03:32:55,detection,1.7,0.0,639.0,480.0
2150,det_46408f5d,defect,0.227,0,2026-02-05 03:32:54,detection,2.0,0.0,639.3,480.0
2151,det_5b3fb17c,defect,0.358,0,2026-02-05 03:32:54,detection,1.3,0.0,639.5,480.0
2152,det_c5719023,defect,0.326,0,2026-02-05 03:32:54,detection,1.5,0.0,639.2,480.0
2149,det_e78aeb7d,defect,0.495,0,2026-02-05 03:32:53,detection,2.0,0.0,639.6,480.0
2146,det_f464fb0a,defect,0.309,0,2026-02-05 03:32:52,detection,1.5,0.0,639.5,480.0
2147,det_f0c543c0,defect,0.299,0,2026-02-05 03:32:52,detection,3.2,0.0,639.4,480.0
2148,det_12044062,defect,0.376,0,2026-02-05 03:32:52,detection,1.4,0.0,639.3,480.0
2144,det_858a2f96,defect,0.363,0,2026-02-05 03:32:51,detection,1.7,0.0,639.2,480.0
2145,det_3e92641a,defect,0.3,0,2026-02-05 03:32:51,detection,1.5,0.0,639.3,480.0
2142,det_d4ff014f,defect,0.276,0,2026-02-05 03:32:50,detection,1.9,0.0,639.9,480.0
2143,det_06bbd699,defect,0.324,0,2026-02-05 03:32:50,detection,1.8,0.0,639.2,480.0
2139,det_027256bc,defect,0.303,0,2026-02-05 03:32:49,detection,1.7,0.0,639.2,480.0
2140,det_1eafd7ab,defect,0.266,0,2026-02-05 03:32:49,detection,1.7,0.0,639.5,480.0
2141,det_f3ef0695,defect,0.581,0,2026-02-05 03:32:49,detection,1.9,0.0,639.6,480.0
2137,det_35dfc3be,defect,0.301,0,2026-02-05 03:32:48,detection,1.8,0.0,639.3,480.0
2138,det_a96f044c,defect,0.476,0,2026-02-05 03:32:48,detection,1.9,0.0,639.5,480.0
2135,det_48e0556a,defect,0.333,0,2026-02-05 03:32:47,detection,1.1,0.0,638.5,480.0
2136,det_829ebe4a,defect,0.314,0,2026-02-05 03:32:47,detection,1.8,0.0,639.7,480.0
2132,det_cf7ca728,defect,0.264,0,2026-02-05 03:32:46,detection,1.4,0.0,639.3,480.0
2133,det_cc70a8c6,defect,0.368,0,2026-02-05 03:32:46,detection,1.7,0.0,639.3,480.0
2134,det_5efdbe33,defect,0.263,0,2026-02-05 03:32:46,detection,0.6,0.0,640.0,480.0
2130,det_389fee26,defect,0.317,0,2026-02-05 03:32:45,detection,1.9,0.0,639.5,480.0
2131,det_ff2dd6e5,defect,0.415,0,2026-02-05 03:32:45,detection,1.1,0.0,638.2,480.0
2127,det_c1c94640,defect,0.279,0,2026-02-05 03:32:44,detection,1.6,0.0,639.9,480.0
2128,det_6ed03efc,defect,0.31,0,2026-02-05 03:32:44,detection,1.8,0.0,639.7,480.0
2129,det_8a38d3c1,defect,0.327,0,2026-02-05 03:32:44,detection,1.4,0.0,639.5,480.0
2125,det_b569df93,defect,0.347,0,2026-02-05 03:32:43,detection,1.6,0.0,640.0,480.0
2126,det_08be53ef,defect,0.365,0,2026-02-05 03:32:43,detection,1.7,0.0,639.3,480.0
2124,det_4a5c9182,defect,0.384,0,2026-02-05 03:32:42,detection,1.3,0.0,639.2,480.0
2121,det_873320bf,defect,0.4,0,2026-02-05 03:32:41,detection,1.6,0.0,639.2,480.0
2122,det_570e78e5,defect,0.45,0,2026-02-05 03:32:41,detection,1.0,0.0,638.5,480.0
2123,det_877e4430,defect,0.362,0,2026-02-05 03:32:41,detection,1.7,0.0,639.0,480.0
2119,det_9a5202b5,defect,0.36,0,2026-02-05 03:32:40,detection,1.4,0.0,639.3,480.0
2120,det_4d2a5a70,defect,0.302,0,2026-02-05 03:32:40,detection,1.6,0.0,639.2,480.0
2116,det_0873d33f,defect,0.4,0,2026-02-05 03:32:39,detection,1.0,0.0,638.4,480.0
2117,det_7c45c169,defect,0.406,0,2026-02-05 03:32:39,detection,1.5,0.0,639.4,480.0
2118,det_6d2189ce,defect,0.25,0,2026-02-05 03:32:39,detection,1.8,0.0,639.5,480.0
2114,det_aa201120,defect,0.202,0,2026-02-05 03:32:38,detection,1.6,0.0,639.5,480.0
2115,det_2bbc0ab1,defect,0.356,0,2026-02-05 03:32:38,detection,1.3,0.0,639.3,480.0
2112,det_d8da80a5,defect,0.223,0,2026-02-05 03:32:37,detection,1.1,0.0,639.0,480.0
2113,det_9760263f,defect,0.358,0,2026-02-05 03:32:37,detection,1.5,0.0,639.4,480.0
2111,det_1c5cb1dc,defect,0.282,0,2026-02-05 03:32:36,detection,2.4,0.0,639.3,480.0
2108,det_533e3ae4,defect,0.224,0,2026-02-05 03:32:35,detection,1.8,0.0,639.4,480.0
2109,det_2865c632,defect,0.34,0,2026-02-05 03:32:35,detection,2.1,0.0,639.6,480.0
2110,det_c915d033,defect,0.341,0,2026-02-05 03:32:35,detection,1.3,0.0,639.4,480.0
2105,det_3860aa68,defect,0.322,0,2026-02-05 03:32:34,detection,1.6,0.0,639.4,480.0
2106,det_7f77680f,defect,0.357,0,2026-02-05 03:32:34,detection,1.5,0.0,639.4,480.0
2107,det_cf44427f,defect,0.224,0,2026-02-05 03:32:34,detection,1.5,0.0,639.4,480.0
2104,det_4d3f0268,defect,0.278,0,2026-02-05 03:32:33,detection,2.2,0.0,639.1,480.0
2103,det_33c350d2,green,0.05,31,2026-02-05 03:32:32,detection,0.3,0.0,197.4,79.2
2101,det_f946f829,breaker,0.818,29,2026-02-05 03:32:31,detection,263.7,266.8,459.8,442.7
2102,det_b6ad0e81,red,0.053,12,2026-02-05 03:32:31,detection,0.0,317.5,153.1,480.0
2097,det_13de6105,defect,0.45,0,2026-02-05 03:32:30,detection,174.1,271.5,278.0,470.2
2098,det_ac80ad9b,breaker,0.613,29,2026-02-05 03:32:30,detection,272.8,264.1,458.7,436.2
2099,det_eed55922,breaker,0.726,29,2026-02-05 03:32:30,detection,266.8,266.7,458.5,439.7
2100,det_72c8e1c9,breaker,0.815,29,2026-02-05 03:32:30,detection,262.7,267.5,459.2,439.9
2092,det_b52996be,defect,0.32,0,2026-02-05 03:32:29,detection,186.7,266.4,455.6,470.4
2093,det_1cde8843,turning,0.247,24,2026-02-05 03:32:29,detection,255.0,251.4,469.2,442.2
2094,det_328e24af,defect,0.476,0,2026-02-05 03:32:29,detection,119.9,255.4,390.4,480.0
2095,det_46b54e7b,defect,0.414,0,2026-02-05 03:32:29,detection,126.5,256.1,314.1,480.0
2096,det_2c7ed16a,defect,0.242,0,2026-02-05 03:32:29,detection,164.1,255.3,291.0,479.8
2091,det_11aaa4e8,defect,0.331,0,2026-02-05 03:32:28,detection,2.1,0.0,639.7,480.0
2088,det_98ea84b8,defect,0.433,0,2026-02-05 03:32:27,detection,1.6,0.0,639.8,480.0
2089,det_70df5b4b,defect,0.26,0,2026-02-05 03:32:27,detection,1.9,0.0,639.3,480.0
2090,det_67221e23,defect,0.288,0,2026-02-05 03:32:27,detection,1.9,0.0,639.2,480.0
2086,det_85580889,defect,0.311,0,2026-02-05 03:32:26,detection,1.5,0.0,639.8,480.0
2087,det_b302cd16,defect,0.423,0,2026-02-05 03:32:26,detection,1.5,0.0,639.3,480.0
2085,det_9b62840a,defect,0.319,0,2026-02-05 03:32:25,detection,1.6,0.0,639.0,480.0
2082,det_27cd1bf5,defect,0.331,0,2026-02-05 03:32:24,detection,2.0,0.0,639.8,480.0
2083,det_6649696d,defect,0.227,0,2026-02-05 03:32:24,detection,1.8,0.0,639.3,480.0
2084,det_84a56fa0,defect,0.269,0,2026-02-05 03:32:24,detection,1.5,0.0,639.2,480.0
2079,det_24a5dcf9,defect,0.317,0,2026-02-05 03:32:23,detection,2.0,0.0,639.9,480.0
2080,det_dcb5bbad,defect,0.357,0,2026-02-05 03:32:23,detection,2.0,0.0,639.3,480.0
2081,det_ab0af375,defect,0.298,0,2026-02-05 03:32:23,detection,1.6,0.0,639.5,480.0
2077,det_2178e14d,defect,0.451,0,2026-02-05 03:32:22,detection,0.9,0.0,638.6,480.0
2078,det_777a7ce0,defect,0.395,0,2026-02-05 03:32:22,detection,2.1,0.0,639.8,480.0
2075,det_59966e68,defect,0.379,0,2026-02-05 03:32:21,detection,1.4,0.0,639.2,480.0
2076,det_ec211f01,defect,0.31,0,2026-02-05 03:32:21,detection,1.8,0.0,639.2,480.0
2072,det_ecb9fd69,defect,0.289,0,2026-02-05 03:32:20,detection,2.4,0.0,639.4,480.0
2073,det_cc030609,defect,0.303,0,2026-02-05 03:32:20,detection,1.8,0.0,639.2,480.0
2074,det_e82e0fa5,defect,0.343,0,2026-02-05 03:32:20,detection,2.0,0.0,639.6,480.0
2071,det_72496e7f,defect,0.33,0,2026-02-05 03:32:19,detection,1.8,0.0,639.9,480.0
2068,det_6459da5a,defect,0.26,0,2026-02-05 03:32:18,detection,2.1,0.0,639.5,480.0
2069,det_1ceb5882,defect,0.3,0,2026-02-05 03:32:18,detection,1.9,0.0,639.4,480.0
2070,det_26b0bbd7,defect,0.294,0,2026-02-05 03:32:18,detection,1.1,0.0,638.6,480.0
2066,det_082411a9,defect,0.304,0,2026-02-05 03:32:17,detection,2.5,0.0,639.5,480.0
2067,det_131fdf36,defect,0.204,0,2026-02-05 03:32:17,detection,2.1,0.0,639.5,480.0
2063,det_c0caeedf,defect,0.369,0,2026-02-05 03:32:16,detection,2.0,0.0,639.6,480.0
2064,det_f00d9fe0,defect,0.366,0,2026-02-05 03:32:16,detection,1.8,0.0,639.6,480.0
2065,det_d50e07b1,defect,0.365,0,2026-02-05 03:32:16,detection,1.8,0.0,639.8,480.0
2061,det_cdd81626,defect,0.319,0,2026-02-05 03:32:15,detection,2.2,0.0,639.9,480.0
2062,det_e1c27db7,defect,0.358,0,2026-02-05 03:32:15,detection,1.7,0.0,639.2,480.0
2059,det_9d868a95,defect,0.309,0,2026-02-05 03:32:14,detection,1.8,0.0,639.3,480.0
2060,det_64135cae,defect,0.26,0,2026-02-05 03:32:14,detection,1.8,0.0,639.3,480.0
2056,det_9f79917a,defect,0.288,0,2026-02-05 03:32:13,detection,1.3,0.0,639.6,480.0
2057,det_56da9cff,defect,0.355,0,2026-02-05 03:32:13,detection,1.6,0.0,639.3,480.0
2058,det_8dedd490,defect,0.258,0,2026-02-05 03:32:13,detection,1.7,0.0,639.3,480.0
2054,det_aea371a8,defect,0.367,0,2026-02-05 03:32:12,detection,1.7,0.0,639.6,480.0
2055,det_95e35132,defect,0.461,0,2026-02-05 03:32:12,detection,1.3,0.0,639.5,480.0
2052,det_f5b15def,defect,0.306,0,2026-02-05 03:32:11,detection,1.3,0.0,639.5,480.0
2053,det_321af046,defect,0.345,0,2026-02-05 03:32:11,detection,1.2,0.0,639.4,480.0
2050,det_ecc0f83c,defect,0.317,0,2026-02-05 03:32:10,detection,1.5,0.0,639.4,480.0
2051,det_57a98240,defect,0.33,0,2026-02-05 03:32:10,detection,1.3,0.0,639.8,480.0
2047,det_dda439a4,defect,0.23,0,2026-02-05 03:32:09,detection,1.6,0.0,639.6,480.0
2048,det_97f80b4f,defect,0.26,0,2026-02-05 03:32:09,detection,1.3,0.0,639.8,480.0
2049,det_54493462,defect,0.351,0,2026-02-05 03:32:09,detection,1.6,0.0,639.5,480.0
2046,det_1e5cd76a,defect,0.364,0,2026-02-05 03:32:08,detection,1.2,0.0,639.5,480.0
2043,det_b5450a7d,defect,0.34,0,2026-02-05 03:32:07,detection,1.5,0.0,639.3,480.0
2044,det_56cddf2d,defect,0.323,0,2026-02-05 03:32:07,detection,1.4,0.0,639.9,480.0
2045,det_3d259826,defect,0.27,0,2026-02-05 03:32:07,detection,1.9,0.0,639.8,480.0
2040,det_ab265c62,defect,0.313,0,2026-02-05 03:32:06,detection,1.6,0.0,639.6,480.0
2041,det_cd0c1f29,defect,0.433,0,2026-02-05 03:32:06,detection,1.7,0.0,639.5,480.0
2042,det_f6827720,defect,0.431,0,2026-02-05 03:32:06,detection,1.1,0.0,639.6,480.0
2038,det_dc93f37d,defect,0.317,0,2026-02-05 03:32:05,detection,1.4,0.0,639.2,480.0
2039,det_a2392721,defect,0.384,0,2026-02-05 03:32:05,detection,1.7,0.0,639.4,480.0
2035,det_9efa015b,defect,0.385,0,2026-02-05 03:32:04,detection,1.5,0.0,639.5,480.0
2036,det_347b03b9,defect,0.311,0,2026-02-05 03:32:04,detection,1.5,0.0,640.0,480.0
2037,det_d3ff962e,defect,0.303,0,2026-02-05 03:32:04,detection,1.3,0.0,639.2,480.0
2033,det_a6f42dc0,defect,0.358,0,2026-02-05 03:32:03,detection,1.5,0.0,639.2,480.0
2034,det_079b6eaf,defect,0.444,0,2026-02-05 03:32:03,detection,1.5,0.0,639.2,480.0
2032,det_2c23d950,defect,0.34,0,2026-02-05 03:32:02,detection,1.7,0.0,639.4,480.0
2028,det_1274410b,defect,0.499,0,2026-02-05 03:32:01,detection,1.1,0.0,640.0,480.0
2029,det_b6987e9e,defect,0.313,0,2026-02-05 03:32:01,detection,1.2,0.0,639.5,480.0
2030,det_1cedff5b,defect,0.277,0,2026-02-05 03:32:01,detection,1.9,0.0,639.7,480.0
2031,det_0548ab8f,defect,0.391,0,2026-02-05 03:32:01,detection,1.9,0.0,639.5,480.0
2025,det_9838b9a5,defect,0.335,0,2026-02-05 03:32:00,detection,1.5,0.0,639.6,480.0
2026,det_5e0398d2,defect,0.464,0,2026-02-05 03:32:00,detection,1.6,0.0,639.4,480.0
2027,det_66ffba8f,defect,0.355,0,2026-02-05 03:32:00,detection,1.5,0.0,639.2,480.0
2023,det_0a30295f,defect,0.386,0,2026-02-05 03:31:59,detection,1.4,0.0,639.6,480.0
2024,det_4ee9e61f,defect,0.451,0,2026-02-05 03:31:59,detection,1.6,0.0,639.7,480.0
2020,det_b7da3993,defect,0.313,0,2026-02-05 03:31:58,detection,1.4,0.0,639.5,480.0
2021,det_0cb2131d,defect,0.281,0,2026-02-05 03:31:58,detection,1.4,0.0,639.4,480.0
2022,det_0d30c9c1,defect,0.41,0,2026-02-05 03:31:58,detection,1.1,0.0,639.4,480.0
2018,det_4431067d,defect,0.332,0,2026-02-05 03:31:57,detection,1.8,0.0,639.5,480.0
2019,det_7b7394a2,defect,0.342,0,2026-02-05 03:31:57,detection,1.7,0.0,639.4,480.0
2016,det_d053ed1a,defect,0.411,0,2026-02-05 03:31:56,detection,1.9,0.0,639.5,480.0
2017,det_9192de7b,defect,0.25,0,2026-02-05 03:31:56,detection,1.9,0.0,639.8,480.0
2013,det_7082708a,defect,0.3,0,2026-02-05 03:31:55,detection,1.1,0.0,639.6,480.0
2014,det_77702de4,defect,0.364,0,2026-02-05 03:31:55,detection,1.6,0.0,639.6,480.0
2015,det_71c94bbc,defect,0.347,0,2026-02-05 03:31:55,detection,1.7,0.0,639.6,480.0
2010,det_90a08b23,defect,0.393,0,2026-02-05 03:31:54,detection,1.7,0.0,639.5,480.0
2011,det_cb06e47b,defect,0.311,0,2026-02-05 03:31:54,detection,1.7,0.0,639.5,480.0
2012,det_cfc71c08,defect,0.241,0,2026-02-05 03:31:54,detection,1.5,0.0,639.7,480.0
2007,det_a72400a5,defect,0.426,0,2026-02-05 03:31:53,detection,1.3,0.0,640.0,480.0
2008,det_8cebf688,defect,0.291,0,2026-02-05 03:31:53,detection,1.3,0.0,639.6,480.0
2009,det_0d67a961,defect,0.364,0,2026-02-05 03:31:53,detection,1.9,0.0,639.6,480.0
2005,det_991279d3,defect,0.366,0,2026-02-05 03:31:52,detection,2.1,0.0,639.5,480.0
2006,det_09a868c8,defect,0.367,0,2026-02-05 03:31:52,detection,1.6,0.0,639.7,480.0
2004,det_536332ed,defect,0.385,0,2026-02-05 03:31:51,detection,1.5,0.0,639.9,480.0
2002,det_98a2637d,defect,0.342,0,2026-02-05 03:31:50,detection,1.4,0.0,639.7,480.0
2003,det_fb37a168,defect,0.243,0,2026-02-05 03:31:50,detection,1.7,0.0,639.7,480.0
2000,det_e7dc96eb,defect,0.241,0,2026-02-05 03:31:49,detection,1.6,0.0,640.0,480.0
2001,det_0ade60e9,defect,0.348,0,2026-02-05 03:31:49,detection,1.4,0.0,640.0,480.0
1997,det_7a20aa44,defect,0.425,0,2026-02-05 03:31:48,detection,1.3,0.0,639.8,480.0
1998,det_a7a7f9b0,defect,0.294,0,2026-02-05 03:31:48,detection,1.6,0.0,639.7,480.0
1999,det_d55a9c48,defect,0.311,0,2026-02-05 03:31:48,detection,1.4,0.0,639.2,480.0
1995,det_81c8911f,defect,0.437,0,2026-02-05 03:31:47,detection,1.2,0.0,639.7,480.0
1996,det_b478e4e3,defect,0.431,0,2026-02-05 03:31:47,detection,1.7,0.0,639.9,480.0
1994,det_868dad4c,defect,0.273,0,2026-02-05 03:31:46,detection,1.4,0.0,639.5,480.0
1993,det_877d3b1b,defect,0.356,0,2026-02-05 03:31:45,detection,1.8,0.0,639.9,480.0
1991,det_8263af23,defect,0.358,0,2026-02-05 03:31:44,detection,1.6,0.0,640.0,480.0
1992,det_6401b360,defect,0.248,0,2026-02-05 03:31:44,detection,1.8,0.0,640.0,480.0
1988,det_c88320f2,defect,0.297,0,2026-02-05 03:31:43,detection,1.5,0.0,639.5,480.0
1989,det_a09169d7,defect,0.344,0,2026-02-05 03:31:43,detection,1.8,0.0,639.6,480.0
1990,det_1aea9e50,defect,0.342,0,2026-02-05 03:31:43,detection,1.4,0.0,640.0,480.0
1985,det_80b058e6,defect,0.385,0,2026-02-05 03:31:42,detection,1.2,0.0,639.6,480.0
1986,det_2b03817b,defect,0.254,0,2026-02-05 03:31:42,detection,1.3,0.0,639.4,480.0
1987,det_c522fc05,defect,0.35,0,2026-02-05 03:31:42,detection,1.6,0.0,639.3,480.0
1983,det_058810de,defect,0.45,0,2026-02-05 03:31:41,detection,1.3,0.0,639.6,480.0
1984,det_492b6aab,defect,0.402,0,2026-02-05 03:31:41,detection,1.7,0.0,639.8,480.0
1980,det_28b2e4c0,defect,0.306,0,2026-02-05 03:31:39,detection,1.6,0.0,639.4,480.0
1981,det_6ec55d34,defect,0.299,0,2026-02-05 03:31:39,detection,1.8,0.0,639.7,480.0
1982,det_5e1bdcc2,defect,0.414,0,2026-02-05 03:31:39,detection,1.4,0.0,639.4,480.0
1977,det_9f41f2fc,defect,0.277,0,2026-02-05 03:31:38,detection,1.3,0.0,640.0,480.0
1978,det_c4e312e3,defect,0.233,0,2026-02-05 03:31:38,detection,2.1,0.0,640.0,480.0
1979,det_7f8cefaf,defect,0.258,0,2026-02-05 03:31:38,detection,1.1,0.0,639.6,480.0
1976,det_8bbbbff7,defect,0.26,0,2026-02-05 03:31:37,detection,1.4,0.0,639.4,480.0
1973,det_2a625244,defect,0.285,0,2026-02-05 03:31:36,detection,1.3,0.0,639.9,480.0
1974,det_a6fd3c14,defect,0.303,0,2026-02-05 03:31:36,detection,1.1,0.0,639.8,480.0
1975,det_27260740,defect,0.223,0,2026-02-05 03:31:36,detection,2.0,0.0,639.7,480.0
1971,det_08dd15ca,defect,0.3,0,2026-02-05 03:31:35,detection,1.8,0.0,640.0,480.0
1972,det_5b4f2338,defect,0.274,0,2026-02-05 03:31:35,detection,1.1,0.0,639.8,480.0
1969,det_a7822780,defect,0.361,0,2026-02-05 03:31:34,detection,1.4,0.0,639.9,480.0
1970,det_893d3899,defect,0.293,0,2026-02-05 03:31:34,detection,1.3,0.0,640.0,480.0
1968,det_f981b74d,defect,0.291,0,2026-02-05 03:31:33,detection,1.6,0.0,639.6,480.0
1966,det_5ad868cf,defect,0.24,0,2026-02-05 03:31:32,detection,1.4,0.0,640.0,480.0
1967,det_bc58e26a,defect,0.279,0,2026-02-05 03:31:32,detection,1.3,0.0,639.5,480.0
1965,det_06f7de65,defect,0.413,0,2026-02-05 03:31:31,detection,1.3,0.0,639.8,480.0
1962,det_36dced53,defect,0.381,0,2026-02-05 03:31:30,detection,1.5,0.0,640.0,480.0
1963,det_7548db6a,defect,0.255,0,2026-02-05 03:31:30,detection,1.4,0.0,639.3,480.0
1964,det_016afb09,defect,0.274,0,2026-02-05 03:31:30,detection,1.3,0.0,639.4,480.0
1961,det_e142ac2b,defect,0.267,0,2026-02-05 03:31:29,detection,1.4,0.0,639.8,480.0
1958,det_6b0563e6,defect,0.422,0,2026-02-05 03:31:28,detection,1.2,0.0,639.7,480.0
1959,det_600daa8b,defect,0.278,0,2026-02-05 03:31:28,detection,0.7,0.0,640.0,480.0
1960,det_003821a3,defect,0.433,0,2026-02-05 03:31:28,detection,1.6,0.0,640.0,480.0
1955,det_8a0d2b02,defect,0.226,0,2026-02-05 03:31:27,detection,2.0,0.0,639.4,480.0
1956,det_e436ebf4,defect,0.254,0,2026-02-05 03:31:27,detection,1.4,0.0,639.7,480.0
1957,det_463d7397,defect,0.461,0,2026-02-05 03:31:27,detection,1.2,0.0,639.8,480.0
1954,det_97f18ce3,green,0.694,31,2026-02-05 03:31:26,detection,273.6,190.0,561.2,410.7
1952,det_f3ff67de,green,0.737,31,2026-02-05 03:31:25,detection,277.6,193.4,559.3,406.8
1953,det_c1c5fe93,green,0.729,31,2026-02-05 03:31:25,detection,278.3,193.8,559.5,405.6
1949,det_5e7dec87,green,0.759,31,2026-02-05 03:31:24,detection,276.7,192.8,559.5,406.9
1950,det_aab32a43,green,0.697,31,2026-02-05 03:31:24,detection,277.8,194.1,559.9,405.3
1951,det_b0a96b58,green,0.697,31,2026-02-05 03:31:24,detection,278.8,194.6,559.6,405.7
1948,det_517c9f79,green,0.734,31,2026-02-05 03:31:23,detection,275.4,192.3,560.9,407.7
1945,det_a06632da,green,0.723,31,2026-02-05 03:31:22,detection,276.8,193.0,559.8,408.1
1946,det_452682f5,green,0.726,31,2026-02-05 03:31:22,detection,276.3,192.8,559.8,407.8
1947,det_8c21124d,green,0.736,31,2026-02-05 03:31:22,detection,275.7,190.0,561.0,407.0
1942,det_2121f812,green,0.71,31,2026-02-05 03:31:21,detection,277.7,194.0,560.2,407.8
1943,det_b37e1094,green,0.739,31,2026-02-05 03:31:21,detection,276.7,193.0,560.1,407.8
1944,det_6ce8eec3,green,0.724,31,2026-02-05 03:31:21,detection,276.7,191.9,559.4,405.6
1939,det_b5488658,green,0.728,31,2026-02-05 03:31:20,detection,276.5,192.9,560.8,408.3
1940,det_ae059178,green,0.743,31,2026-02-05 03:31:20,detection,275.5,190.4,560.7,407.5
1941,det_d3ed7f80,green,0.739,31,2026-02-05 03:31:20,detection,275.4,190.8,560.9,407.1
1936,det_9b44e356,green,0.782,31,2026-02-05 03:31:19,detection,277.1,192.8,560.0,407.2
1937,det_18955e92,green,0.738,31,2026-02-05 03:31:19,detection,276.5,193.2,559.8,407.1
1938,det_4812d74a,green,0.705,31,2026-02-05 03:31:19,detection,279.5,194.3,558.9,405.2
1935,det_ddcb2f51,green,0.61,31,2026-02-05 03:31:18,detection,276.1,192.3,560.3,405.9
1933,det_ffac603d,defect,0.21,0,2026-02-05 03:31:17,detection,1.3,0.0,639.7,480.0
1934,det_8d9625e4,defect,0.225,0,2026-02-05 03:31:17,detection,2.2,0.0,639.4,480.0
1931,det_24c58bf8,defect,0.284,0,2026-02-05 03:31:16,detection,2.1,0.0,639.9,480.0
1932,det_0c8d3bbc,defect,0.245,0,2026-02-05 03:31:16,detection,1.8,0.0,639.9,480.0
1928,det_f1e27067,defect,0.219,0,2026-02-05 03:31:15,detection,1.9,0.0,639.6,480.0
1929,det_0e6abfb9,defect,0.265,0,2026-02-05 03:31:15,detection,1.8,0.0,639.7,480.0
1930,det_19030164,defect,0.218,0,2026-02-05 03:31:15,detection,1.7,0.0,639.8,480.0
1926,det_5f71d0b2,defect,0.245,0,2026-02-05 03:31:14,detection,1.7,0.0,639.3,480.0
1927,det_f90c54bd,defect,0.22,0,2026-02-05 03:31:14,detection,1.9,0.0,639.5,480.0
1925,det_cc87a0cd,defect,0.209,0,2026-02-05 03:31:13,detection,1.7,0.0,639.6,480.0
1922,det_80307b43,defect,0.392,0,2026-02-05 03:31:11,detection,1.6,0.0,639.7,480.0
1923,det_a0ec8672,defect,0.281,0,2026-02-05 03:31:11,detection,0.6,0.0,640.0,480.0
1924,det_8e3f0c69,defect,0.435,0,2026-02-05 03:31:11,detection,1.5,0.0,639.2,480.0
1919,det_d9370253,defect,0.432,0,2026-02-05 03:31:10,detection,1.2,0.0,639.6,480.0
1920,det_32162393,defect,0.431,0,2026-02-05 03:31:10,detection,1.4,0.0,639.5,480.0
1921,det_719427d0,defect,0.392,0,2026-02-05 03:31:10,detection,1.4,0.0,639.9,480.0
1917,det_1b0535e1,defect,0.339,0,2026-02-05 03:31:09,detection,1.8,0.0,639.9,480.0
1918,det_1d24017a,defect,0.444,0,2026-02-05 03:31:09,detection,1.8,0.0,640.0,480.0
1915,det_036f664b,defect,0.34,0,2026-02-05 03:31:08,detection,0.7,0.0,639.3,480.0
1916,det_2e2d2ae1,defect,0.412,0,2026-02-05 03:31:08,detection,1.4,0.0,639.5,480.0
1913,det_662282e0,defect,0.365,0,2026-02-05 03:31:07,detection,30.1,298.9,275.8,480.0
1914,det_10f500ea,turning,0.594,24,2026-02-05 03:31:07,detection,275.2,222.1,551.2,441.6
1912,det_b37131aa,turning,0.852,24,2026-02-05 03:31:06,detection,268.9,219.2,560.2,445.0
1909,det_15095021,turning,0.836,24,2026-02-05 03:31:05,detection,271.2,221.0,558.5,444.0
1910,det_6cdc40db,turning,0.835,24,2026-02-05 03:31:05,detection,271.5,221.9,558.6,443.7
1911,det_f9fdf080,turning,0.855,24,2026-02-05 03:31:05,detection,270.2,219.2,559.6,445.0
1906,det_e49868d6,turning,0.872,24,2026-02-05 03:31:04,detection,268.9,220.2,559.4,446.4
1907,det_9fa74925,turning,0.861,24,2026-02-05 03:31:04,detection,268.2,219.3,561.3,445.7
1908,det_ef93d256,turning,0.854,24,2026-02-05 03:31:04,detection,270.9,221.0,558.6,443.8
1903,det_a56cd17b,turning,0.849,24,2026-02-05 03:31:03,detection,270.8,220.1,559.3,444.2
1904,det_6d2a328a,turning,0.853,24,2026-02-05 03:31:03,detection,270.8,221.2,559.6,444.5
1905,det_d3258f73,turning,0.846,24,2026-02-05 03:31:03,detection,271.3,220.7,559.2,444.2
1900,det_e1587334,turning,0.855,24,2026-02-05 03:31:02,detection,270.6,221.0,558.7,444.3
1901,det_fd3909e0,turning,0.832,24,2026-02-05 03:31:02,detection,272.0,221.5,558.2,443.0
1902,det_187c37d4,turning,0.857,24,2026-02-05 03:31:02,detection,270.1,220.5,559.7,445.0
1898,det_0fdc44b4,turning,0.843,24,2026-02-05 03:31:01,detection,269.4,220.7,560.2,445.3
1899,det_01b761f9,turning,0.864,24,2026-02-05 03:31:01,detection,270.1,220.0,560.2,445.2
1896,det_c640f340,defect,0.472,0,2026-02-05 03:31:00,detection,230.4,224.3,553.2,443.3
1897,det_5bbbdf10,turning,0.851,24,2026-02-05 03:31:00,detection,267.5,219.1,559.9,446.2
1890,det_a931aa7c,defect,0.387,0,2026-02-05 03:30:59,detection,1.5,0.0,639.4,480.0
1891,det_51eb0d05,defect,0.274,0,2026-02-05 03:30:59,detection,320.0,200.9,530.6,434.0
1892,det_15fb13ae,defect,0.327,0,2026-02-05 03:30:59,detection,276.4,212.1,556.1,440.6
1893,det_18c321bc,defect,0.501,0,2026-02-05 03:30:59,detection,292.3,213.2,544.3,439.0
1894,det_f41da25c,defect,0.205,0,2026-02-05 03:30:59,detection,215.5,211.3,538.9,465.9
1895,det_2ab78ad5,turning,0.092,24,2026-02-05 03:30:59,detection,0.0,0.0,147.0,43.5
1888,det_74b5bd9b,defect,0.507,0,2026-02-05 03:30:58,detection,1.9,0.0,639.7,480.0
1889,det_e5bc6fdb,defect,0.307,0,2026-02-05 03:30:58,detection,1.9,0.0,639.9,480.0
1885,det_475674f2,defect,0.436,0,2026-02-05 03:30:57,detection,1.6,0.0,639.6,480.0
1886,det_44f7e3ed,defect,0.35,0,2026-02-05 03:30:57,detection,1.5,0.0,639.8,480.0
1887,det_f62d3189,defect,0.54,0,2026-02-05 03:30:57,detection,1.2,0.0,639.4,480.0
1883,det_8aeed768,defect,0.407,0,2026-02-05 03:30:56,detection,0.9,0.0,639.2,480.0
1884,det_54c06e5a,defect,0.381,0,2026-02-05 03:30:56,detection,1.4,0.0,639.5,480.0
1881,det_574e1b1e,defect,0.457,0,2026-02-05 03:30:55,detection,1.1,0.0,639.7,480.0
1882,det_263c7408,defect,0.334,0,2026-02-05 03:30:55,detection,1.8,0.0,639.5,480.0
1879,det_d80aa97d,turning,0.078,24,2026-02-05 03:30:54,detection,0.0,0.0,180.2,42.6
1880,det_0c269cf3,turning,0.054,24,2026-02-05 03:30:54,detection,0.0,0.0,157.4,41.5
1878,det_b08ace16,defect,0.311,0,2026-02-05 03:26:39,detection,1.7,0.0,640.0,480.0
1877,det_c7901c33,defect,0.216,0,2026-02-05 03:26:36,detection,2.0,0.0,639.8,480.0
1875,det_b69019d2,defect,0.204,0,2026-02-05 03:26:35,detection,1.5,0.0,639.4,480.0
1876,det_6da0d757,defect,0.206,0,2026-02-05 03:26:35,detection,2.1,0.0,640.0,480.0
1874,det_f18db430,defect,0.235,0,2026-02-05 03:26:24,detection,0.9,0.0,638.5,480.0
1872,det_9361be76,defect,0.242,0,2026-02-05 03:26:23,detection,1.9,0.0,639.9,480.0
1873,det_5a433e6c,green,0.054,31,2026-02-05 03:26:23,detection,0.3,0.0,199.0,81.1
1868,det_8c3c41a5,defect,0.566,0,2026-02-05 03:26:21,detection,236.3,166.1,496.6,382.7
1869,det_9840b121,defect,0.431,0,2026-02-05 03:26:21,detection,112.8,253.2,252.4,472.1
1870,det_e725870b,defect,0.395,0,2026-02-05 03:26:21,detection,239.2,165.9,496.0,382.7
1871,det_94d2dd65,defect,0.399,0,2026-02-05 03:26:21,detection,334.5,184.5,469.7,361.4
1866,det_3b734b0c,defect,0.519,0,2026-02-05 03:26:20,detection,236.3,166.1,496.9,382.9
1867,det_2ba9015f,defect,0.362,0,2026-02-05 03:26:20,detection,236.8,166.1,496.3,382.7
1864,det_609d5a91,defect,0.543,0,2026-02-05 03:26:19,detection,236.4,166.6,496.8,382.5
1865,det_5cdedd7d,defect,0.538,0,2026-02-05 03:26:19,detection,236.5,166.5,496.6,382.9
1861,det_b5cb3263,defect,0.58,0,2026-02-05 03:26:18,detection,236.7,166.5,496.8,382.8
1862,det_bb154d15,defect,0.643,0,2026-02-05 03:26:18,detection,236.8,166.3,496.5,382.4
1863,det_d6d92a81,defect,0.575,0,2026-02-05 03:26:18,detection,236.6,166.5,496.6,382.7
1858,det_e074d147,defect,0.471,0,2026-02-05 03:26:17,detection,236.9,166.2,496.3,382.7
1859,det_d3802c1a,defect,0.457,0,2026-02-05 03:26:17,detection,236.4,166.5,496.9,382.9
1860,det_4f771c64,defect,0.504,0,2026-02-05 03:26:17,detection,236.6,166.4,496.3,382.3
1855,det_7a787e76,defect,0.431,0,2026-02-05 03:26:16,detection,235.4,165.4,497.4,383.0
1856,det_810d0ecd,defect,0.527,0,2026-02-05 03:26:16,detection,235.5,165.6,496.9,382.9
1857,det_371ff794,defect,0.623,0,2026-02-05 03:26:16,detection,236.2,166.3,496.7,382.7
1851,det_74fe486a,defect,0.402,0,2026-02-05 03:26:15,detection,141.0,275.6,362.9,480.0
1852,det_f56937cf,defect,0.408,0,2026-02-05 03:26:15,detection,195.0,168.6,325.9,362.1
1853,det_fe6d93b8,defect,0.297,0,2026-02-05 03:26:15,detection,337.1,187.6,492.1,365.1
1854,det_062c2654,defect,0.254,0,2026-02-05 03:26:15,detection,353.5,203.1,495.1,327.8
1849,det_5713871f,defect,0.249,0,2026-02-05 03:26:12,detection,2.2,0.0,639.3,480.0
1850,det_9b909270,defect,0.28,0,2026-02-05 03:26:12,detection,1.8,0.0,639.9,480.0
1847,det_8439158e,defect,0.274,0,2026-02-05 03:26:11,detection,279.7,250.0,575.0,475.6
1848,det_5a6bdce6,defect,0.576,0,2026-02-05 03:26:11,detection,180.4,231.1,466.1,477.7
1846,det_0c57bd55,red,0.072,12,2026-02-05 03:26:10,detection,264.6,243.4,521.7,445.1
1845,det_f394cb49,red,0.138,12,2026-02-05 03:26:09,detection,264.8,244.1,524.6,444.6
1842,det_7a32e44f,defect,0.478,0,2026-02-05 03:26:08,detection,240.6,205.3,500.4,459.0
1843,det_d17783d9,red,0.156,12,2026-02-05 03:26:08,detection,264.4,244.6,523.9,445.0
1844,det_56c8c8f8,red,0.269,12,2026-02-05 03:26:08,detection,264.6,244.3,525.7,446.2
1841,det_706a3f10,defect,0.633,0,2026-02-05 03:26:07,detection,232.8,196.6,477.3,412.0
1840,det_e6e59c79,red,0.179,12,2026-02-05 03:26:03,detection,207.8,184.7,497.3,421.6
1838,det_819d0eb8,defect,0.486,0,2026-02-05 03:26:02,detection,200.9,163.1,451.1,353.2
1839,det_2c408fd0,defect,0.63,0,2026-02-05 03:26:02,detection,178.3,152.7,435.7,335.3
1837,det_9bb65a7a,defect,0.423,0,2026-02-05 03:26:01,detection,5.4,253.9,302.6,480.0
1833,det_ccd89e0d,turning,0.861,24,2026-02-05 03:25:59,detection,293.3,255.7,560.5,465.8
1834,det_f3847006,defect,0.417,0,2026-02-05 03:25:59,detection,308.2,265.3,543.9,461.8
1835,det_32d7769c,defect,0.314,0,2026-02-05 03:25:59,detection,0.0,277.6,213.0,442.8
1836,det_f2f281da,defect,0.302,0,2026-02-05 03:25:59,detection,0.0,273.6,257.0,480.0
1830,det_3a67f2d9,turning,0.867,24,2026-02-05 03:25:57,detection,292.4,254.8,560.0,465.6
1831,det_07919dcd,turning,0.845,24,2026-02-05 03:25:57,detection,292.1,254.3,561.8,466.8
1832,det_150038ba,turning,0.867,24,2026-02-05 03:25:57,detection,292.4,255.3,560.2,466.2
1827,det_89a24253,turning,0.871,24,2026-02-05 03:25:56,detection,292.3,255.2,560.1,465.1
1828,det_72efafce,turning,0.863,24,2026-02-05 03:25:56,detection,292.6,255.3,559.9,465.9
1829,det_26cbec6d,turning,0.857,24,2026-02-05 03:25:56,detection,290.4,254.5,561.6,466.4
1825,det_da495bb5,turning,0.855,24,2026-02-05 03:25:55,detection,289.9,254.3,561.8,468.1
1826,det_b2e358d8,turning,0.842,24,2026-02-05 03:25:55,detection,293.2,255.7,560.4,465.5
1821,det_c5ec40fa,defect,0.347,0,2026-02-05 03:25:54,detection,222.6,264.7,369.6,479.0
1822,det_5aa16bef,defect,0.263,0,2026-02-05 03:25:54,detection,163.4,250.4,554.1,480.0
1823,det_ceb44ec6,defect,0.258,0,2026-02-05 03:25:54,detection,22.4,327.2,226.0,480.0
1824,det_719559b2,turning,0.835,24,2026-02-05 03:25:54,detection,296.3,255.9,557.6,461.7
1820,det_f446f7c2,defect,0.429,0,2026-02-05 03:25:53,detection,244.5,289.5,564.8,480.0
1819,det_957bfab0,defect,0.238,0,2026-02-05 03:25:51,detection,1.0,0.0,638.4,480.0
1818,det_b09214f0,defect,0.242,0,2026-02-05 03:25:49,detection,1.7,0.0,639.8,480.0
1817,det_54ee444a,breaker,0.783,29,2026-02-05 03:25:48,detection,307.7,229.9,498.4,412.4
1815,det_6a05126f,breaker,0.796,29,2026-02-05 03:25:47,detection,307.7,230.1,497.4,412.4
1816,det_f55afeec,breaker,0.735,29,2026-02-05 03:25:47,detection,308.0,230.7,496.2,411.2
1813,det_2788e215,breaker,0.777,29,2026-02-05 03:25:46,detection,307.8,230.7,496.4,411.8
1814,det_d2f6bd9c,breaker,0.749,29,2026-02-05 03:25:46,detection,308.0,230.5,496.0,411.5
1810,det_6bef0c81,breaker,0.804,29,2026-02-05 03:25:45,detection,307.1,229.6,497.4,412.7
1811,det_badf85ed,breaker,0.796,29,2026-02-05 03:25:45,detection,307.0,229.0,499.0,412.9
1812,det_d87f9fe0,breaker,0.756,29,2026-02-05 03:25:45,detection,308.0,230.8,495.4,411.3
1806,det_a8b00ed3,breaker,0.083,29,2026-02-05 03:25:44,detection,263.7,233.1,497.3,414.3
1807,det_61012033,defect,0.283,0,2026-02-05 03:25:44,detection,191.6,277.3,395.4,480.0
1808,det_41072f64,defect,0.288,0,2026-02-05 03:25:44,detection,195.1,265.1,396.6,480.0
1809,det_1d6b9b93,defect,0.211,0,2026-02-05 03:25:44,detection,115.8,266.3,406.5,480.0
1805,det_19c0d001,defect,0.221,0,2026-02-05 03:25:43,detection,2.1,0.0,639.4,480.0
1804,det_f68d542c,green,0.055,31,2026-02-05 03:25:42,detection,0.3,0.0,202.6,75.7
1803,det_392287f0,defect,0.234,0,2026-02-05 03:25:41,detection,1.6,0.0,639.7,480.0
1800,det_6d8cf06f,green,0.74,31,2026-02-05 03:25:39,detection,265.4,173.3,558.1,398.6
1801,det_29721738,green,0.329,31,2026-02-05 03:25:39,detection,269.3,177.8,556.0,396.3
1802,det_82ec6759,defect,0.446,0,2026-02-05 03:25:39,detection,203.3,208.1,443.5,412.3
1797,det_759403e8,green,0.717,31,2026-02-05 03:25:38,detection,266.6,173.4,556.2,397.5
1798,det_2a6996eb,green,0.734,31,2026-02-05 03:25:38,detection,266.0,173.7,557.2,397.5
1799,det_af4800fc,green,0.698,31,2026-02-05 03:25:38,detection,265.3,173.9,557.1,398.1
1795,det_46477235,green,0.708,31,2026-02-05 03:25:37,detection,267.9,174.2,555.7,395.6
1796,det_4cd39f4a,green,0.74,31,2026-02-05 03:25:37,detection,266.0,173.6,557.2,397.9
1793,det_5bd85028,green,0.728,31,2026-02-05 03:25:36,detection,267.7,174.3,555.0,394.3
1794,det_44454400,green,0.734,31,2026-02-05 03:25:36,detection,267.5,174.2,554.8,394.4
1791,det_68def977,green,0.752,31,2026-02-05 03:25:35,detection,265.3,173.4,557.7,399.5
1792,det_2ebfbf73,green,0.698,31,2026-02-05 03:25:35,detection,265.9,173.7,556.9,397.8
1788,det_11455d0c,green,0.608,31,2026-02-05 03:25:34,detection,271.8,174.0,558.1,398.8
1789,det_47464ea1,green,0.766,31,2026-02-05 03:25:34,detection,264.7,172.9,557.1,400.2
1790,det_37a15d2d,green,0.743,31,2026-02-05 03:25:34,detection,267.1,174.6,556.3,395.3
1785,det_51c2fc1a,defect,0.284,0,2026-02-05 03:25:33,detection,251.7,178.8,556.7,416.6
1786,det_7d220802,defect,0.297,0,2026-02-05 03:25:33,detection,253.2,151.2,451.7,368.7
1787,det_2e8deced,defect,0.426,0,2026-02-05 03:25:33,detection,229.9,144.0,412.3,318.3
1783,det_da428498,defect,0.22,0,2026-02-05 03:25:31,detection,0.9,0.0,638.6,480.0
1784,det_aafd9a3a,defect,0.233,0,2026-02-05 03:25:31,detection,1.1,0.0,638.8,480.0
1782,det_9f3ea0b4,defect,0.224,0,2026-02-05 03:25:30,detection,1.3,0.0,639.6,480.0
1781,det_da63219d,defect,0.307,0,2026-02-05 03:25:29,detection,1.0,0.0,638.2,480.0
1780,det_1c392992,defect,0.235,0,2026-02-05 03:25:27,detection,1.2,0.0,639.2,480.0
1778,det_74e0e9d8,defect,0.209,0,2026-02-05 03:25:20,detection,1.8,0.0,639.5,480.0
1779,det_1ac13477,defect,0.263,0,2026-02-05 03:25:20,detection,1.8,0.0,639.4,480.0
1776,det_d4589f77,defect,0.245,0,2026-02-05 03:25:19,detection,1.8,0.0,639.2,480.0
1777,det_f4fa1013,defect,0.207,0,2026-02-05 03:25:19,detection,2.0,0.0,639.3,480.0
1774,det_77bc69bd,defect,0.29,0,2026-02-05 03:25:18,detection,1.0,0.0,639.1,480.0
1775,det_4ceb88f7,defect,0.287,0,2026-02-05 03:25:18,detection,1.4,0.0,639.6,480.0
1772,det_26946bf6,defect,0.209,0,2026-02-05 03:25:13,detection,1.8,0.0,639.1,480.0
1773,det_97ece53f,defect,0.209,0,2026-02-05 03:25:13,detection,1.7,0.0,639.4,480.0
1771,det_a6dbeeb9,defect,0.207,0,2026-02-05 03:25:12,detection,1.4,0.0,640.0,480.0
1768,det_df76aebd,turning,0.837,24,2026-02-05 03:25:11,detection,260.2,227.1,538.5,454.2
1769,det_6912f573,turning,0.834,24,2026-02-05 03:25:11,detection,256.7,224.0,544.4,456.0
1770,det_3247fdf1,defect,0.727,0,2026-02-05 03:25:11,detection,205.4,230.9,533.5,480.0
1765,det_b9c71488,turning,0.839,24,2026-02-05 03:25:10,detection,260.8,227.0,540.2,454.0
1766,det_f882a927,turning,0.838,24,2026-02-05 03:25:10,detection,258.4,226.1,541.8,455.2
1767,det_b75bc0b9,turning,0.835,24,2026-02-05 03:25:10,detection,258.5,227.1,539.0,454.5
1762,det_1f3be023,turning,0.784,24,2026-02-05 03:25:09,detection,261.2,228.1,532.0,447.3
1763,det_3aa54ae3,red,0.198,12,2026-02-05 03:25:09,detection,8.3,309.7,266.8,480.0
1764,det_fb062b93,turning,0.829,24,2026-02-05 03:25:09,detection,258.3,225.7,540.8,454.2
1761,det_350ee8e0,turning,0.165,24,2026-02-05 03:25:08,detection,213.3,230.6,529.6,455.8
1757,det_e22d82ac,defect,0.235,0,2026-02-05 03:25:07,detection,250.4,199.3,540.6,462.9
1758,det_43ea3266,defect,0.462,0,2026-02-05 03:25:07,detection,160.4,304.7,353.5,480.0
1759,det_a5cd51db,turning,0.373,24,2026-02-05 03:25:07,detection,260.1,208.5,560.9,449.1
1760,det_3b11d37f,defect,0.429,0,2026-02-05 03:25:07,detection,180.9,206.9,547.6,480.0
1754,det_db3d487a,defect,0.439,0,2026-02-05 03:25:06,detection,281.8,177.6,552.9,421.3
1755,det_98f4dfd9,defect,0.298,0,2026-02-05 03:25:06,detection,279.8,174.8,553.2,422.4
1756,det_dc806b1c,defect,0.762,0,2026-02-05 03:25:06,detection,282.2,179.2,541.3,418.9
1752,det_e124804b,defect,0.367,0,2026-02-05 03:25:05,detection,279.7,175.2,552.7,422.3
1753,det_fec8c80c,defect,0.409,0,2026-02-05 03:25:05,detection,279.9,174.8,552.2,421.7
1749,det_eb3059df,defect,0.464,0,2026-02-05 03:25:04,detection,280.8,175.2,552.3,421.5
1750,det_09467b90,defect,0.436,0,2026-02-05 03:25:04,detection,279.8,175.2,551.4,421.4
1751,det_ad6a1702,defect,0.527,0,2026-02-05 03:25:04,detection,282.8,178.7,549.3,420.5
1748,det_a854bbdc,defect,0.345,0,2026-02-05 03:25:03,detection,281.6,178.3,552.1,421.1
1745,det_365987b8,defect,0.403,0,2026-02-05 03:25:02,detection,281.7,178.3,548.2,421.6
1746,det_c9f62438,defect,0.321,0,2026-02-05 03:25:02,detection,280.1,175.0,550.8,422.1
1747,det_5cce5b18,defect,0.431,0,2026-02-05 03:25:02,detection,280.2,174.9,551.3,421.0
1740,det_6194a3bc,defect,0.61,0,2026-02-05 03:25:01,detection,99.4,208.8,363.0,476.4
1741,det_a9552a11,defect,0.372,0,2026-02-05 03:25:01,detection,277.0,183.0,547.1,424.9
1742,det_3013732e,defect,0.399,0,2026-02-05 03:25:01,detection,279.0,174.2,553.9,424.0
1743,det_3705744c,red,0.071,12,2026-02-05 03:25:01,detection,0.0,345.3,63.4,480.0
1744,det_4177c827,defect,0.297,0,2026-02-05 03:25:01,detection,279.2,176.8,553.3,422.8
1739,det_cbd7f14a,defect,0.253,0,2026-02-05 03:24:59,detection,1.0,0.0,638.5,480.0
1738,det_347e0271,defect,0.327,0,2026-02-05 03:24:58,detection,1.4,0.0,640.0,480.0
1735,det_56d67195,breaker,0.664,29,2026-02-05 03:24:57,detection,314.9,211.6,514.2,406.3
1736,det_6d486016,breaker,0.618,29,2026-02-05 03:24:57,detection,314.3,210.9,514.2,407.6
1737,det_810b82aa,red,0.487,12,2026-02-05 03:24:57,detection,0.0,284.2,145.6,480.0
1732,det_fbc16903,breaker,0.751,29,2026-02-05 03:24:56,detection,313.2,210.4,514.4,406.1
1733,det_048f4155,breaker,0.669,29,2026-02-05 03:24:56,detection,314.6,211.1,513.3,406.5
1734,det_0531a2e1,breaker,0.729,29,2026-02-05 03:24:56,detection,315.2,211.9,512.7,406.3
1730,det_e8f68a18,breaker,0.698,29,2026-02-05 03:24:55,detection,314.5,211.0,511.8,407.1
1731,det_bded8e30,breaker,0.703,29,2026-02-05 03:24:55,detection,316.3,212.7,511.3,405.8
1727,det_be50d1cb,breaker,0.719,29,2026-02-05 03:24:54,detection,313.8,210.6,512.6,407.0
1728,det_50aaace2,breaker,0.723,29,2026-02-05 03:24:54,detection,314.5,211.8,514.4,406.9
1729,det_777af00e,breaker,0.759,29,2026-02-05 03:24:54,detection,313.9,211.5,513.8,407.0
1725,det_fb04cfcf,breaker,0.73,29,2026-02-05 03:24:53,detection,313.9,211.1,515.5,407.3
1726,det_cd22ccaf,breaker,0.717,29,2026-02-05 03:24:53,detection,314.5,210.8,512.3,406.2
1723,det_b2a0b6ea,breaker,0.715,29,2026-02-05 03:24:52,detection,313.5,211.7,514.7,407.8
1724,det_463d3972,breaker,0.681,29,2026-02-05 03:24:52,detection,314.9,211.9,511.5,406.7
1721,det_cece746c,breaker,0.784,29,2026-02-05 03:24:51,detection,313.2,210.9,513.1,407.6
1722,det_0aae6b71,breaker,0.741,29,2026-02-05 03:24:51,detection,314.6,211.8,510.4,407.7
1719,det_a067d89e,breaker,0.09,29,2026-02-05 03:24:50,detection,289.0,237.7,529.5,429.0
1720,det_11c889ec,turning,0.051,24,2026-02-05 03:24:50,detection,268.8,243.0,532.2,432.6
1716,det_ca88e111,defect,0.214,0,2026-02-05 03:24:48,detection,1.2,0.0,639.8,480.0
1717,det_e373c106,defect,0.32,0,2026-02-05 03:24:48,detection,1.6,0.0,639.4,480.0
1718,det_9b0a204e,defect,0.232,0,2026-02-05 03:24:48,detection,1.8,0.0,639.7,480.0
1714,det_fc92b446,defect,0.292,0,2026-02-05 03:24:47,detection,1.5,0.0,639.2,480.0
1715,det_db690f95,defect,0.217,0,2026-02-05 03:24:47,detection,1.5,0.0,639.4,480.0
1713,det_793dbf87,defect,0.278,0,2026-02-05 03:24:46,detection,2.7,0.0,623.2,480.0
1709,det_7535fe98,green,0.258,31,2026-02-05 03:24:45,detection,307.5,161.0,587.2,386.5
1710,det_d03033d8,green,0.52,31,2026-02-05 03:24:45,detection,308.3,161.3,586.2,385.1
1711,det_0739d97e,green,0.517,31,2026-02-05 03:24:45,detection,306.1,159.4,588.3,388.6
1712,det_b1671409,green,0.458,31,2026-02-05 03:24:45,detection,307.0,160.0,587.7,387.4
1706,det_561f0f2d,green,0.296,31,2026-02-05 03:24:44,detection,307.6,160.9,587.5,385.3
1707,det_fb86d892,green,0.425,31,2026-02-05 03:24:44,detection,306.6,158.7,590.8,388.4
1708,det_976c5d13,green,0.404,31,2026-02-05 03:24:44,detection,306.2,159.8,588.1,387.0
1704,det_56e13cb7,green,0.438,31,2026-02-05 03:24:43,detection,305.6,159.1,588.6,388.4
1705,det_6026f84b,green,0.36,31,2026-02-05 03:24:43,detection,307.0,160.7,588.7,387.0
1701,det_b93e2f2d,green,0.4,31,2026-02-05 03:24:42,detection,305.8,160.0,589.4,390.7
1702,det_7c86f576,green,0.402,31,2026-02-05 03:24:42,detection,308.1,161.1,587.4,386.1
1703,det_e2dd7007,green,0.477,31,2026-02-05 03:24:42,detection,306.9,159.9,587.3,386.5
1699,det_377ba965,defect,0.24,0,2026-02-05 03:24:41,detection,0.6,0.0,640.0,480.0
1700,det_c467c06f,green,0.352,31,2026-02-05 03:24:41,detection,307.2,160.5,587.0,385.9
1696,det_df6b5a1f,defect,0.408,0,2026-02-05 03:24:40,detection,324.2,174.7,522.9,384.4
1697,det_9de8cdf2,defect,0.304,0,2026-02-05 03:24:40,detection,300.8,171.5,579.9,390.0
1698,det_832e6988,defect,0.206,0,2026-02-05 03:24:40,detection,0.6,0.0,640.0,480.0
1694,det_069ae126,green,0.154,31,2026-02-05 03:24:39,detection,327.2,198.9,573.7,392.7
1695,det_b5dd0370,red,0.12,12,2026-02-05 03:24:39,detection,331.5,201.5,574.8,390.5
1692,det_13c98299,defect,0.276,0,2026-02-05 03:24:38,detection,1.8,0.0,639.3,480.0
1693,det_a8bcb3d2,defect,0.243,0,2026-02-05 03:24:38,detection,1.2,0.0,640.0,480.0
1689,det_3a1f2221,defect,0.222,0,2026-02-05 03:24:37,detection,1.7,0.0,638.7,480.0
1690,det_7475802e,defect,0.345,0,2026-02-05 03:24:37,detection,1.7,0.0,639.1,480.0
1691,det_3fc88283,defect,0.308,0,2026-02-05 03:24:37,detection,1.6,0.0,639.7,480.0
1686,det_f967e97e,defect,0.335,0,2026-02-05 03:24:36,detection,1.5,0.0,639.1,480.0
1687,det_d6f20eb4,defect,0.357,0,2026-02-05 03:24:36,detection,1.6,0.0,639.5,480.0
1688,det_04fc24d7,defect,0.254,0,2026-02-05 03:24:36,detection,1.5,0.0,637.1,480.0
1685,det_d7357311,defect,0.368,0,2026-02-05 03:24:35,detection,1.4,0.0,639.0,480.0
1683,det_42539b95,defect,0.377,0,2026-02-05 03:24:34,detection,1.4,0.0,639.1,480.0
1684,det_57cb7a7d,defect,0.297,0,2026-02-05 03:24:34,detection,1.4,0.0,639.3,480.0
1680,det_b773a833,defect,0.258,0,2026-02-05 03:24:33,detection,1.1,0.0,638.8,480.0
1681,det_49cd1973,defect,0.283,0,2026-02-05 03:24:33,detection,1.5,0.0,639.0,480.0
1682,det_43b7adb7,defect,0.35,0,2026-02-05 03:24:33,detection,1.2,0.0,638.9,480.0
1678,det_f94bd766,defect,0.316,0,2026-02-05 03:24:32,detection,1.9,0.0,640.0,480.0
1679,det_12084b9c,defect,0.293,0,2026-02-05 03:24:32,detection,1.7,0.0,639.6,480.0
1675,det_b384d23f,defect,0.228,0,2026-02-05 03:24:31,detection,1.6,0.0,640.0,480.0
1676,det_f2ee0dda,defect,0.326,0,2026-02-05 03:24:31,detection,1.7,0.0,639.4,480.0
1677,det_d6770274,defect,0.301,0,2026-02-05 03:24:31,detection,1.6,0.0,639.4,480.0
1672,det_305bc7fe,defect,0.277,0,2026-02-05 03:24:30,detection,1.6,0.0,639.0,480.0
1673,det_05a61e54,defect,0.329,0,2026-02-05 03:24:30,detection,0.9,0.0,639.3,480.0
1674,det_13d53d3f,defect,0.217,0,2026-02-05 03:24:30,detection,1.9,0.0,639.5,480.0
1671,det_b4f25fbe,defect,0.276,0,2026-02-05 03:24:29,detection,1.0,0.0,639.2,480.0
1668,det_b5924900,defect,0.304,0,2026-02-05 03:24:28,detection,1.6,0.0,639.2,480.0
1669,det_927f285e,defect,0.238,0,2026-02-05 03:24:28,detection,1.5,0.0,638.8,480.0
1670,det_757cc040,defect,0.301,0,2026-02-05 03:24:28,detection,1.7,0.0,639.1,480.0
1665,det_8d9d5869,defect,0.247,0,2026-02-05 03:24:27,detection,1.8,0.0,639.3,480.0
1666,det_a20610b3,defect,0.251,0,2026-02-05 03:24:27,detection,1.7,0.0,639.8,480.0
1667,det_4c23a378,defect,0.229,0,2026-02-05 03:24:27,detection,1.5,0.0,639.3,480.0
1663,det_11d8dfce,defect,0.375,0,2026-02-05 03:24:26,detection,1.0,0.0,639.3,480.0
1664,det_f00aba88,defect,0.349,0,2026-02-05 03:24:26,detection,1.6,0.0,639.5,480.0
1660,det_e3708aaf,defect,0.27,0,2026-02-05 03:24:25,detection,1.4,0.0,639.0,480.0
1661,det_5567ac7f,defect,0.376,0,2026-02-05 03:24:25,detection,1.7,0.0,639.7,480.0
1662,det_b320378d,defect,0.246,0,2026-02-05 03:24:25,detection,1.8,0.0,639.3,480.0
1658,det_0116e784,defect,0.285,0,2026-02-05 03:24:24,detection,1.5,0.0,639.3,480.0
1659,det_09f7e631,defect,0.267,0,2026-02-05 03:24:24,detection,1.6,0.0,639.3,480.0
1656,det_77858571,defect,0.218,0,2026-02-05 03:24:23,detection,1.5,0.0,639.6,480.0
1657,det_cb1ee805,defect,0.326,0,2026-02-05 03:24:23,detection,1.7,0.0,639.1,480.0
1654,det_067a9bf7,defect,0.249,0,2026-02-05 03:24:22,detection,1.8,0.0,639.4,480.0
1655,det_531b48e2,defect,0.251,0,2026-02-05 03:24:22,detection,1.5,0.0,639.5,480.0
1651,det_54d1ef4f,defect,0.253,0,2026-02-05 03:24:21,detection,0.8,0.0,639.2,480.0
1652,det_d16cbcdb,defect,0.357,0,2026-02-05 03:24:21,detection,1.6,0.0,639.4,480.0
1653,det_8096dd4a,defect,0.247,0,2026-02-05 03:24:21,detection,1.6,0.0,639.6,480.0
1649,det_04548240,defect,0.246,0,2026-02-05 03:24:20,detection,1.9,0.0,638.9,480.0
1650,det_909efed1,defect,0.279,0,2026-02-05 03:24:20,detection,1.5,0.0,639.8,480.0
1647,det_c6ee0d2e,defect,0.315,0,2026-02-05 03:24:19,detection,1.3,0.0,637.6,480.0
1648,det_63a5726c,defect,0.289,0,2026-02-05 03:24:19,detection,1.6,0.0,639.5,480.0
1646,det_a902e139,defect,0.271,0,2026-02-05 03:24:18,detection,0.8,0.0,639.3,480.0
1643,det_7cb3a039,defect,0.264,0,2026-02-05 03:24:17,detection,1.7,0.0,639.6,480.0
1644,det_908313b0,defect,0.319,0,2026-02-05 03:24:17,detection,1.3,0.0,638.1,480.0
1645,det_a5188a9f,defect,0.271,0,2026-02-05 03:24:17,detection,1.6,0.0,639.7,480.0
1640,det_d578c091,defect,0.242,0,2026-02-05 03:24:16,detection,1.5,0.0,639.3,480.0
1641,det_dda62fa2,defect,0.233,0,2026-02-05 03:24:16,detection,1.4,0.0,639.8,480.0
1642,det_cd05c941,defect,0.314,0,2026-02-05 03:24:16,detection,1.5,0.0,639.8,480.0
1638,det_626393d3,defect,0.233,0,2026-02-05 03:24:14,detection,1.8,0.0,639.4,480.0
1639,det_9b2824c1,defect,0.263,0,2026-02-05 03:24:14,detection,1.4,0.0,639.2,480.0
1636,det_57b50f56,defect,0.276,0,2026-02-05 03:24:13,detection,1.4,0.0,639.7,480.0
1637,det_2e90282d,defect,0.266,0,2026-02-05 03:24:13,detection,1.9,0.0,639.4,480.0
1634,det_37de35c1,defect,0.387,0,2026-02-05 03:24:12,detection,1.1,0.0,638.0,480.0
1635,det_724d6e7d,defect,0.243,0,2026-02-05 03:24:12,detection,0.7,0.0,639.4,480.0
1632,det_e88d4746,defect,0.209,0,2026-02-05 03:24:11,detection,1.9,0.0,639.5,480.0
1633,det_32993d7d,defect,0.289,0,2026-02-05 03:24:11,detection,1.6,0.0,639.5,480.0
1629,det_d407cc10,defect,0.277,0,2026-02-05 03:24:10,detection,1.7,0.0,639.4,480.0
1630,det_8b1e329c,defect,0.2,0,2026-02-05 03:24:10,detection,1.7,0.0,639.4,480.0
1631,det_369ebe53,defect,0.234,0,2026-02-05 03:24:10,detection,0.9,0.0,638.7,480.0
1627,det_58970347,defect,0.379,0,2026-02-05 03:24:09,detection,1.4,0.0,639.7,480.0
1628,det_61230cff,defect,0.287,0,2026-02-05 03:24:09,detection,1.3,0.0,639.8,480.0
1624,det_9789f34e,defect,0.408,0,2026-02-05 03:24:08,detection,1.3,0.0,639.4,480.0
1625,det_7f5b4a12,defect,0.268,0,2026-02-05 03:24:08,detection,222.2,0.0,635.9,432.9
1626,det_bce77bab,defect,0.442,0,2026-02-05 03:24:08,detection,1.1,0.0,639.6,480.0
1623,det_6b41b563,defect,0.422,0,2026-02-05 03:24:07,detection,0.9,0.0,638.1,480.0
1619,det_04942e97,defect,0.318,0,2026-02-05 03:24:06,detection,1.4,0.0,639.2,480.0
1620,det_72cd384b,defect,0.315,0,2026-02-05 03:24:06,detection,1.2,0.0,639.3,480.0
1621,det_ff08c7b8,defect,0.246,0,2026-02-05 03:24:06,detection,226.3,0.0,636.5,423.6
1622,det_37bb9b65,defect,0.391,0,2026-02-05 03:24:06,detection,1.0,0.0,638.4,480.0
1616,det_15cf2434,defect,0.23,0,2026-02-05 03:24:05,detection,1.6,0.0,639.2,480.0
1617,det_4e06ae5b,defect,0.317,0,2026-02-05 03:24:05,detection,1.4,0.0,639.2,480.0
1618,det_e4dc3953,defect,0.25,0,2026-02-05 03:24:05,detection,1.1,0.0,638.1,480.0
1613,det_59d6976a,defect,0.285,0,2026-02-05 03:24:04,detection,1.6,0.0,639.9,480.0
1614,det_119fc2d6,defect,0.54,0,2026-02-05 03:24:04,detection,1.1,0.0,638.3,480.0
1615,det_57c69679,defect,0.318,0,2026-02-05 03:24:04,detection,1.1,0.0,639.3,480.0
1610,det_a078a7dc,defect,0.274,0,2026-02-05 03:24:03,detection,1.7,0.0,639.2,480.0
1611,det_b6b941ab,defect,0.312,0,2026-02-05 03:24:03,detection,1.2,0.0,639.6,480.0
1612,det_3e74f88e,defect,0.348,0,2026-02-05 03:24:03,detection,1.7,0.0,639.4,480.0
1608,det_1ee84987,defect,0.309,0,2026-02-05 03:24:02,detection,1.9,0.0,639.5,480.0
1609,det_a974822c,defect,0.432,0,2026-02-05 03:24:02,detection,1.7,0.0,639.8,480.0
1606,det_37da1312,breaker,0.849,29,2026-02-05 03:24:01,detection,326.0,253.4,516.0,431.4
1607,det_3aa4015e,breaker,0.331,29,2026-02-05 03:24:01,detection,321.4,249.3,518.6,438.8
1604,det_03171e75,breaker,0.853,29,2026-02-05 03:24:00,detection,326.2,253.6,515.6,431.8
1605,det_a3cf7b38,breaker,0.832,29,2026-02-05 03:24:00,detection,325.5,252.7,516.8,431.9
1601,det_a0b774ce,breaker,0.854,29,2026-02-05 03:23:59,detection,325.7,253.9,516.0,431.6
1602,det_c40bf974,breaker,0.853,29,2026-02-05 03:23:59,detection,325.8,253.9,515.5,431.6
1603,det_72275d1d,breaker,0.85,29,2026-02-05 03:23:59,detection,325.1,253.4,516.1,432.5
1598,det_8efeda25,breaker,0.839,29,2026-02-05 03:23:58,detection,325.6,254.2,516.0,432.1
1599,det_eebddd53,breaker,0.855,29,2026-02-05 03:23:58,detection,325.7,252.4,517.2,433.2
1600,det_fbace211,breaker,0.846,29,2026-02-05 03:23:58,detection,325.2,253.5,515.7,431.9
1595,det_08ac87d3,breaker,0.743,29,2026-02-05 03:23:57,detection,320.7,254.7,510.4,432.3
1596,det_0c3f5c5d,defect,0.398,0,2026-02-05 03:23:57,detection,13.0,248.7,252.0,480.0
1597,det_6507c3c5,breaker,0.852,29,2026-02-05 03:23:57,detection,328.0,253.6,517.6,430.4
1591,det_7707cea4,defect,0.382,0,2026-02-05 03:23:56,detection,146.4,250.8,336.5,480.0
1592,det_7ed66dc1,breaker,0.744,29,2026-02-05 03:23:56,detection,308.4,225.6,504.0,412.6
1593,det_d0b19138,breaker,0.608,29,2026-02-05 03:23:56,detection,249.3,252.1,505.1,438.7
1594,det_3cdebaf1,breaker,0.115,29,2026-02-05 03:23:56,detection,192.9,251.9,504.1,471.0
1587,det_b93c0fde,defect,0.529,0,2026-02-05 03:23:55,detection,163.6,269.5,381.7,480.0
1588,det_3d4241cb,defect,0.266,0,2026-02-05 03:23:55,detection,183.8,256.8,441.2,480.0
1589,det_37c29314,defect,0.464,0,2026-02-05 03:23:55,detection,145.6,257.1,287.1,480.0
1590,det_16dcb1b9,breaker,0.582,29,2026-02-05 03:23:55,detection,282.2,231.2,479.2,423.4
1583,det_75af2dcd,defect,0.435,0,2026-02-05 03:23:54,detection,1.1,0.0,638.1,480.0
1584,det_1128f24b,defect,0.257,0,2026-02-05 03:23:54,detection,1.6,0.0,639.4,480.0
1585,det_4294b40d,defect,0.512,0,2026-02-05 03:23:54,detection,0.6,288.9,342.7,480.0
1586,det_9a73d821,defect,0.2,0,2026-02-05 03:23:54,detection,0.7,0.0,639.0,480.0
1580,det_3f6e8826,defect,0.424,0,2026-02-05 03:23:53,detection,1.2,0.0,639.1,480.0
1581,det_0deb0476,defect,0.339,0,2026-02-05 03:23:53,detection,1.6,0.0,639.5,480.0
1582,det_cdeed744,defect,0.398,0,2026-02-05 03:23:53,detection,1.0,0.0,638.5,480.0
1577,det_661d0ce1,defect,0.446,0,2026-02-05 03:23:52,detection,1.1,0.0,638.1,480.0
1578,det_0a2929f1,defect,0.401,0,2026-02-05 03:23:52,detection,1.2,0.0,639.5,480.0
1579,det_288af46b,defect,0.458,0,2026-02-05 03:23:52,detection,1.3,0.0,637.9,480.0
1575,det_2b98cdae,defect,0.422,0,2026-02-05 03:23:51,detection,1.2,0.0,639.2,480.0
1576,det_6492d3f6,defect,0.526,0,2026-02-05 03:23:51,detection,1.0,0.0,638.0,480.0
1573,det_3075d717,defect,0.457,0,2026-02-05 03:23:50,detection,1.3,0.0,639.7,480.0
1574,det_4cae4632,defect,0.468,0,2026-02-05 03:23:50,detection,1.3,0.0,638.1,480.0
1570,det_e5eb9afe,defect,0.363,0,2026-02-05 03:23:49,detection,1.4,0.0,638.1,480.0
1571,det_cb0b77cb,defect,0.318,0,2026-02-05 03:23:49,detection,1.6,0.0,639.2,480.0
1572,det_5872dd7a,defect,0.315,0,2026-02-05 03:23:49,detection,1.5,0.0,639.1,480.0
1567,det_56542cc2,defect,0.313,0,2026-02-05 03:23:48,detection,1.9,0.0,640.0,480.0
1568,det_5ec981d5,defect,0.383,0,2026-02-05 03:23:48,detection,1.5,0.0,639.9,480.0
1569,det_f069f994,defect,0.359,0,2026-02-05 03:23:48,detection,1.6,0.0,640.0,480.0
1564,det_b987cd59,green,0.558,31,2026-02-05 03:23:47,detection,306.7,197.9,608.8,447.0
1565,det_51f90f54,defect,0.357,0,2026-02-05 03:23:47,detection,380.8,210.2,590.5,418.1
1566,det_1afafe7c,green,0.44,31,2026-02-05 03:23:47,detection,2.3,308.1,411.9,480.0
1561,det_75056b9d,green,0.758,31,2026-02-05 03:23:46,detection,307.0,195.5,616.1,430.1
1562,det_aaa51fad,green,0.745,31,2026-02-05 03:23:46,detection,308.6,196.2,615.8,429.8
1563,det_40178786,green,0.742,31,2026-02-05 03:23:46,detection,306.7,195.2,616.1,430.6
1560,det_94067c6a,green,0.708,31,2026-02-05 03:23:45,detection,305.9,194.6,617.5,430.8
1557,det_4f3ea887,green,0.74,31,2026-02-05 03:23:44,detection,307.9,196.4,615.9,429.9
1558,det_2248b525,green,0.776,31,2026-02-05 03:23:44,detection,308.0,196.6,615.4,430.4
1559,det_557ffc18,green,0.738,31,2026-02-05 03:23:44,detection,304.6,193.8,618.4,431.1
1554,det_7c471946,green,0.74,31,2026-02-05 03:23:43,detection,307.5,196.4,616.9,429.9
1555,det_7dbb7297,green,0.751,31,2026-02-05 03:23:43,detection,307.6,196.3,615.9,430.4
1556,det_e49ec21f,green,0.748,31,2026-02-05 03:23:43,detection,306.9,195.7,617.2,430.2
1551,det_022cb3cf,green,0.755,31,2026-02-05 03:23:42,detection,307.4,196.0,615.4,430.2
1552,det_2dd63944,green,0.654,31,2026-02-05 03:23:42,detection,308.1,196.8,616.5,429.6
1553,det_cafe5f80,green,0.575,31,2026-02-05 03:23:42,detection,307.5,196.8,614.9,429.6
1545,det_d66ac70e,defect,0.356,0,2026-02-05 03:23:41,detection,275.6,214.0,601.8,480.0
1546,det_c1f90799,defect,0.299,0,2026-02-05 03:23:41,detection,383.2,224.9,600.2,456.5
1547,det_552e997e,defect,0.364,0,2026-02-05 03:23:41,detection,358.6,171.8,553.7,394.9
1548,det_f23762bf,defect,0.295,0,2026-02-05 03:23:41,detection,388.7,173.0,544.2,367.2
1549,det_4441aaf3,defect,0.261,0,2026-02-05 03:23:41,detection,310.2,169.6,594.4,445.9
1550,det_49405074,green,0.506,31,2026-02-05 03:23:41,detection,309.2,195.7,614.3,430.2
1542,det_c7a48591,green,0.68,31,2026-02-05 03:23:40,detection,320.2,273.0,590.4,478.8
1543,det_d4feb553,defect,0.451,0,2026-02-05 03:23:40,detection,335.2,284.3,569.2,480.0
1544,det_30e8ac10,defect,0.34,0,2026-02-05 03:23:40,detection,336.5,284.1,578.3,480.0
1541,det_f7ffc4f2,green,0.35,31,2026-02-05 03:23:39,detection,322.0,274.5,587.4,477.9
1538,det_46b9ac00,green,0.679,31,2026-02-05 03:23:38,detection,324.2,273.7,595.6,480.0
1539,det_baa69343,green,0.583,31,2026-02-05 03:23:38,detection,317.7,274.0,587.4,477.9
1540,det_6c70a6c5,green,0.555,31,2026-02-05 03:23:38,detection,321.4,273.4,588.8,478.5
1535,det_326f5df0,defect,0.284,0,2026-02-05 03:23:37,detection,306.7,279.4,564.3,480.0
1536,det_110a8cac,green,0.361,31,2026-02-05 03:23:37,detection,311.7,273.1,584.5,480.0
1537,det_1a84dcb7,green,0.541,31,2026-02-05 03:23:37,detection,321.7,274.1,588.8,478.8
1532,det_87bf7fd3,defect,0.294,0,2026-02-05 03:23:36,detection,1.5,0.0,639.8,480.0
1533,det_dd6b4b4a,defect,0.487,0,2026-02-05 03:23:36,detection,275.4,364.7,508.4,480.0
1534,det_3a825656,defect,0.233,0,2026-02-05 03:23:36,detection,1.9,0.0,640.0,480.0
1529,det_987d81ee,defect,0.31,0,2026-02-05 03:23:35,detection,1.6,0.0,639.3,480.0
1530,det_f2009396,defect,0.375,0,2026-02-05 03:23:35,detection,1.3,0.0,639.4,480.0
1531,det_cd88e603,defect,0.416,0,2026-02-05 03:23:35,detection,1.1,0.0,639.2,480.0
1527,det_c2016127,defect,0.355,0,2026-02-05 03:23:34,detection,1.9,0.0,639.5,480.0
1528,det_bd1a8435,defect,0.491,0,2026-02-05 03:23:34,detection,1.2,0.0,638.2,480.0
1524,det_83e93fae,defect,0.399,0,2026-02-05 03:23:33,detection,2.0,0.0,638.9,480.0
1525,det_63d2356c,defect,0.37,0,2026-02-05 03:23:33,detection,2.1,0.0,639.5,480.0
1526,det_23d5e24f,defect,0.308,0,2026-02-05 03:23:33,detection,1.5,0.0,639.2,480.0
1522,det_30e6ecf2,defect,0.219,0,2026-02-05 03:23:32,detection,1.8,0.0,639.5,480.0
1523,det_91463b2b,defect,0.254,0,2026-02-05 03:23:32,detection,2.1,0.0,639.3,480.0
1520,det_7337311d,defect,0.386,0,2026-02-05 03:23:31,detection,1.7,0.0,639.0,480.0
1521,det_a2b2f3f8,defect,0.433,0,2026-02-05 03:23:31,detection,1.4,0.0,639.2,480.0
1517,det_0c37bf0f,defect,0.214,0,2026-02-05 03:23:30,detection,1.7,0.0,638.9,480.0
1518,det_68cbd978,defect,0.465,0,2026-02-05 03:23:30,detection,1.4,0.0,639.5,480.0
1519,det_6c7f1ffc,defect,0.28,0,2026-02-05 03:23:30,detection,1.5,0.0,639.2,480.0
1514,det_7c56caae,defect,0.381,0,2026-02-05 03:23:29,detection,1.3,0.0,639.2,480.0
1515,det_e8609714,defect,0.361,0,2026-02-05 03:23:29,detection,1.6,0.0,639.6,480.0
1516,det_dfbfa3ee,defect,0.368,0,2026-02-05 03:23:29,detection,1.5,0.0,639.4,480.0
1512,det_405844d9,defect,0.283,0,2026-02-05 03:23:28,detection,1.6,0.0,639.7,480.0
1513,det_93641101,defect,0.269,0,2026-02-05 03:23:28,detection,1.4,0.0,639.4,480.0
1510,det_f98d8676,defect,0.372,0,2026-02-05 03:23:27,detection,1.2,0.0,639.3,480.0
1511,det_8d2dfdb8,defect,0.295,0,2026-02-05 03:23:27,detection,1.8,0.0,639.6,480.0
1507,det_5c4d200a,defect,0.322,0,2026-02-05 03:23:26,detection,1.5,0.0,639.3,480.0
1508,det_380baf55,defect,0.347,0,2026-02-05 03:23:26,detection,1.0,0.0,638.4,480.0
1509,det_1792a955,defect,0.293,0,2026-02-05 03:23:26,detection,1.6,0.0,639.2,480.0
1504,det_111b4028,defect,0.281,0,2026-02-05 03:23:25,detection,1.5,0.0,639.4,480.0
1505,det_b4fa408a,defect,0.243,0,2026-02-05 03:23:25,detection,1.8,0.0,639.3,480.0
1506,det_14609c1f,defect,0.36,0,2026-02-05 03:23:25,detection,1.5,0.0,639.6,480.0
1501,det_65e6a81d,defect,0.224,0,2026-02-05 03:23:24,detection,1.1,0.0,639.2,480.0
1502,det_40a8142f,defect,0.376,0,2026-02-05 03:23:24,detection,1.1,0.0,639.3,480.0
1503,det_dfcdf0ea,defect,0.316,0,2026-02-05 03:23:24,detection,2.0,0.0,639.2,480.0
1499,det_d7f5b8bf,defect,0.348,0,2026-02-05 03:23:23,detection,1.4,0.0,639.4,480.0
1500,det_4404c2fe,defect,0.211,0,2026-02-05 03:23:23,detection,1.9,0.0,639.2,480.0
1497,det_52065d62,defect,0.299,0,2026-02-05 03:23:22,detection,1.8,0.0,638.9,480.0
1498,det_c655f413,defect,0.284,0,2026-02-05 03:23:22,detection,1.7,0.0,639.2,480.0
1495,det_4351b4d2,defect,0.307,0,2026-02-05 03:23:21,detection,1.6,0.0,639.2,480.0
1496,det_22fc8aa0,defect,0.208,0,2026-02-05 03:23:21,detection,1.4,0.0,639.1,480.0
1493,det_045f6649,defect,0.316,0,2026-02-05 03:23:20,detection,1.2,0.0,639.1,480.0
1494,det_93fd1d10,defect,0.325,0,2026-02-05 03:23:20,detection,1.6,0.0,639.6,480.0
1491,det_96f2db30,defect,0.296,0,2026-02-05 03:23:19,detection,1.4,0.0,639.4,480.0
1492,det_a94afdbb,defect,0.322,0,2026-02-05 03:23:19,detection,1.3,0.0,639.3,480.0
1488,det_e16ec7a9,defect,0.413,0,2026-02-05 03:23:18,detection,1.5,0.0,639.6,480.0
1489,det_209da1cc,defect,0.386,0,2026-02-05 03:23:18,detection,1.0,0.0,638.5,480.0
1490,det_9701c2f2,defect,0.249,0,2026-02-05 03:23:18,detection,1.8,0.0,639.2,480.0
1486,det_3661fa7e,defect,0.339,0,2026-02-05 03:23:17,detection,1.8,0.0,639.7,480.0
1487,det_3ef456d4,defect,0.355,0,2026-02-05 03:23:17,detection,1.7,0.0,639.4,480.0
1484,det_6c27a07f,defect,0.232,0,2026-02-05 03:23:16,detection,1.2,0.0,639.5,480.0
1485,det_faf0b517,defect,0.279,0,2026-02-05 03:23:16,detection,1.9,0.0,639.6,480.0
1481,det_479049ad,breaker,0.143,29,2026-02-05 03:23:15,detection,372.3,307.2,532.7,462.5
1482,det_9985a754,defect,0.344,0,2026-02-05 03:23:15,detection,369.0,307.8,526.2,479.3
1483,det_bfe0216d,defect,0.342,0,2026-02-05 03:23:15,detection,371.1,311.0,526.1,480.0
1477,det_5e123906,turning,0.114,24,2026-02-05 03:23:14,detection,372.9,308.1,533.1,461.2
1478,det_736b6bf5,breaker,0.1,29,2026-02-05 03:23:14,detection,372.6,307.5,532.6,461.8
1479,det_b20837e1,breaker,0.156,29,2026-02-05 03:23:14,detection,373.2,307.7,531.9,461.2
1480,det_d5f23555,breaker,0.117,29,2026-02-05 03:23:14,detection,373.5,307.7,532.4,462.4
1474,det_bf58d65d,turning,0.167,24,2026-02-05 03:23:13,detection,370.8,307.4,536.0,463.1
1475,det_36d09f39,breaker,0.158,29,2026-02-05 03:23:13,detection,370.6,306.9,535.9,463.8
1476,det_036c26f2,breaker,0.106,29,2026-02-05 03:23:13,detection,372.8,307.6,531.8,462.0
1469,det_ee0bd013,breaker,0.165,29,2026-02-05 03:23:12,detection,372.0,307.1,534.6,462.9
1470,det_6d96971d,turning,0.073,24,2026-02-05 03:23:12,detection,373.2,307.1,535.7,461.7
1471,det_a5efc682,breaker,0.182,29,2026-02-05 03:23:12,detection,372.3,307.3,532.4,462.3
1472,det_fec9477f,breaker,0.252,29,2026-02-05 03:23:12,detection,373.0,306.7,533.9,462.4
1473,det_fa85d9cb,turning,0.071,24,2026-02-05 03:23:12,detection,374.3,307.2,534.6,460.9
1468,det_16fcdb44,defect,0.22,0,2026-02-05 03:23:11,detection,206.2,0.0,638.7,361.0
1463,det_3a72d89f,breaker,0.259,29,2026-02-05 03:23:10,detection,371.3,306.4,537.5,462.5
1464,det_e61076ba,turning,0.222,24,2026-02-05 03:23:10,detection,371.6,307.2,537.5,461.7
1465,det_59c23e09,breaker,0.184,29,2026-02-05 03:23:10,detection,372.3,307.4,533.3,462.1
1466,det_45acb3b9,turning,0.062,24,2026-02-05 03:23:10,detection,373.5,307.5,534.4,461.3
1467,det_1aca4cbe,breaker,0.201,29,2026-02-05 03:23:10,detection,373.0,307.2,532.3,461.5
1458,det_ab82cb78,breaker,0.228,29,2026-02-05 03:23:09,detection,372.4,307.1,534.9,461.5
1459,det_e21e53fe,turning,0.06,24,2026-02-05 03:23:09,detection,372.9,307.8,536.3,461.1
1460,det_501f1eb4,breaker,0.172,29,2026-02-05 03:23:09,detection,371.4,306.6,535.5,462.5
1461,det_1eba1819,turning,0.059,24,2026-02-05 03:23:09,detection,372.5,307.1,535.4,461.6
1462,det_9c41c6db,breaker,0.089,29,2026-02-05 03:23:09,detection,373.2,307.8,531.9,461.5
1453,det_2c2afa14,breaker,0.194,29,2026-02-05 03:23:08,detection,371.4,307.4,534.4,462.7
1454,det_35a6c076,turning,0.092,24,2026-02-05 03:23:08,detection,372.5,307.3,535.6,461.6
1455,det_0cc86e49,breaker,0.243,29,2026-02-05 03:23:08,detection,370.5,306.7,536.6,463.5
1456,det_31216ea7,turning,0.128,24,2026-02-05 03:23:08,detection,371.3,307.2,537.8,462.1
1457,det_03ca28da,defect,0.295,0,2026-02-05 03:23:08,detection,1.2,0.0,636.6,480.0
1448,det_8417dccd,defect,0.219,0,2026-02-05 03:23:07,detection,223.4,0.0,637.1,383.2
1449,det_77d31f9a,breaker,0.266,29,2026-02-05 03:23:07,detection,369.8,306.2,537.5,464.5
1450,det_27ef4c12,turning,0.224,24,2026-02-05 03:23:07,detection,370.1,306.8,537.5,464.1
1451,det_b831401b,turning,0.268,24,2026-02-05 03:23:07,detection,370.1,307.1,538.0,463.6
1452,det_d1657da7,breaker,0.08,29,2026-02-05 03:23:07,detection,369.3,305.7,540.3,465.1
1445,det_9e30b562,defect,0.409,0,2026-02-05 03:23:06,detection,288.5,292.4,497.2,480.0
1446,det_47354855,defect,0.247,0,2026-02-05 03:23:06,detection,379.4,309.8,549.9,480.0
1447,det_99c4616c,defect,0.212,0,2026-02-05 03:23:06,detection,274.8,308.7,552.2,480.0
1443,det_f6b8638e,defect,0.412,0,2026-02-05 03:23:05,detection,347.5,301.9,523.5,480.0
1444,det_ca12dc6f,defect,0.494,0,2026-02-05 03:23:05,detection,340.4,289.9,517.5,479.8
1438,det_f6c3ed8b,defect,0.24,0,2026-02-05 03:23:04,detection,301.8,305.3,501.1,477.9
1439,det_b12890be,breaker,0.272,29,2026-02-05 03:23:04,detection,311.5,291.1,518.5,469.6
1440,det_9af9c317,turning,0.066,24,2026-02-05 03:23:04,detection,0.1,0.0,141.0,43.3
1441,det_53d37c2d,red,0.061,12,2026-02-05 03:23:04,detection,0.1,0.0,154.2,56.3
1442,det_4e23c46a,defect,0.302,0,2026-02-05 03:23:04,detection,368.7,315.5,551.5,478.2
1434,det_45d2370a,defect,0.304,0,2026-02-05 03:23:03,detection,231.6,324.4,328.1,480.0
1435,det_f4fc7f18,breaker,0.684,29,2026-02-05 03:23:03,detection,322.4,298.8,495.1,460.6
1436,det_6a609530,breaker,0.555,29,2026-02-05 03:23:03,detection,334.9,297.2,519.8,468.6
1437,det_47ebf09b,defect,0.268,0,2026-02-05 03:23:03,detection,247.7,298.3,468.4,476.4
1430,det_399acf20,defect,0.253,0,2026-02-05 03:23:02,detection,228.4,311.7,335.5,480.0
1431,det_b5ca39a2,defect,0.248,0,2026-02-05 03:23:02,detection,216.9,311.5,400.7,480.0
1432,det_a085523f,defect,0.254,0,2026-02-05 03:23:02,detection,216.8,333.8,324.4,480.0
1433,det_6e9eeb26,breaker,0.608,29,2026-02-05 03:23:02,detection,307.3,301.5,478.2,462.7
1425,det_580fa614,breaker,0.795,29,2026-02-05 03:23:01,detection,409.6,266.3,604.5,445.1
1426,det_736274d0,red,0.063,12,2026-02-05 03:23:01,detection,0.0,355.3,36.7,480.0
1427,det_4ff5db24,red,0.056,12,2026-02-05 03:23:01,detection,0.5,372.8,29.9,479.1
1428,det_c15a87a3,red,0.053,12,2026-02-05 03:23:01,detection,0.1,337.0,53.0,480.0
1429,det_3ae78ee1,defect,0.356,0,2026-02-05 03:23:01,detection,269.6,306.4,505.7,480.0
1420,det_db7d0e9e,turning,0.259,24,2026-02-05 03:23:00,detection,267.3,285.9,482.7,455.7
1421,det_39129784,turning,0.139,24,2026-02-05 03:23:00,detection,239.3,272.0,497.4,459.9
1422,det_f3ef8da2,turning,0.486,24,2026-02-05 03:23:00,detection,372.8,273.2,556.6,443.7
1423,det_6ef07374,breaker,0.262,29,2026-02-05 03:23:00,detection,373.4,273.9,556.4,443.6
1424,det_d3446fd0,red,0.053,12,2026-02-05 03:23:00,detection,0.0,229.3,291.3,480.0
1419,det_2947263e,defect,0.48,0,2026-02-05 03:22:59,detection,51.8,345.6,406.0,480.0
1412,det_8203db6a,breaker,0.736,29,2026-02-05 03:22:58,detection,310.4,258.7,502.9,439.6
1413,det_21d308e9,breaker,0.724,29,2026-02-05 03:22:58,detection,309.8,257.3,503.9,440.7
1414,det_5662898f,breaker,0.109,29,2026-02-05 03:22:58,detection,317.0,262.0,488.9,436.7
1415,det_e9fcc922,turning,0.08,24,2026-02-05 03:22:58,detection,296.1,261.8,491.8,443.9
1416,det_08416238,green,0.055,31,2026-02-05 03:22:58,detection,0.1,0.0,153.8,43.7
1417,det_300dc527,turning,0.224,24,2026-02-05 03:22:58,detection,254.2,259.2,489.4,443.1
1418,det_d1a7b927,breaker,0.143,29,2026-02-05 03:22:58,detection,255.0,259.8,487.8,441.7
1409,det_6334071a,breaker,0.62,29,2026-02-05 03:22:57,detection,310.0,258.9,502.8,439.5
1410,det_ffcc9201,breaker,0.776,29,2026-02-05 03:22:57,detection,309.4,257.2,504.8,441.5
1411,det_6df0f0f2,breaker,0.704,29,2026-02-05 03:22:57,detection,308.7,258.4,504.4,440.2
1406,det_4b047080,breaker,0.688,29,2026-02-05 03:22:56,detection,310.0,259.1,503.3,439.4
1407,det_f7f71045,breaker,0.67,29,2026-02-05 03:22:56,detection,309.7,259.2,502.8,439.5
1408,det_466e0fee,breaker,0.752,29,2026-02-05 03:22:56,detection,309.1,258.1,504.1,440.3
1405,det_1a8bb39e,breaker,0.726,29,2026-02-05 03:22:55,detection,310.9,259.1,502.5,439.5
1402,det_f62c48c7,breaker,0.652,29,2026-02-05 03:22:54,detection,309.6,258.9,503.1,439.5
1403,det_993aa637,breaker,0.7,29,2026-02-05 03:22:54,detection,311.5,259.4,502.5,439.6
1404,det_807e1e27,breaker,0.737,29,2026-02-05 03:22:54,detection,310.9,259.6,502.7,439.1
1400,det_b56f5e1c,breaker,0.674,29,2026-02-05 03:22:53,detection,310.7,259.7,502.9,439.2
1401,det_114c03bf,breaker,0.675,29,2026-02-05 03:22:53,detection,308.4,258.4,504.0,440.9
1397,det_c1d445d4,breaker,0.787,29,2026-02-05 03:22:52,detection,308.1,259.3,503.4,440.2
1398,det_50b84bd3,breaker,0.679,29,2026-02-05 03:22:52,detection,308.1,258.0,504.3,441.1
1399,det_4590e5a0,breaker,0.718,29,2026-02-05 03:22:52,detection,310.3,259.2,503.4,440.0
1391,det_1c26455c,breaker,0.403,29,2026-02-05 03:22:51,detection,313.5,262.8,494.8,442.1
1392,det_6a140842,red,0.16,12,2026-02-05 03:22:51,detection,86.8,240.8,484.8,480.0
1393,det_4f7dc5a4,turning,0.055,24,2026-02-05 03:22:51,detection,0.0,0.0,140.1,42.5
1394,det_0a7c195a,defect,0.295,0,2026-02-05 03:22:51,detection,201.9,243.9,500.9,480.0
1395,det_9f49111a,turning,0.061,24,2026-02-05 03:22:51,detection,0.1,0.0,149.6,42.6
1396,det_08ce9f2d,breaker,0.371,29,2026-02-05 03:22:51,detection,313.8,262.6,493.9,442.7
1387,det_b234f0e8,defect,0.204,0,2026-02-05 03:22:50,detection,221.4,288.9,380.0,480.0
1388,det_86e1b02a,turning,0.098,24,2026-02-05 03:22:50,detection,214.6,254.9,442.5,431.1
1389,det_6be97c10,defect,0.202,0,2026-02-05 03:22:50,detection,219.2,254.5,497.6,480.0
1390,det_144ecba1,turning,0.063,24,2026-02-05 03:22:50,detection,0.0,0.0,148.0,43.0
1385,det_73b4f76f,defect,0.547,0,2026-02-05 03:22:49,detection,2.6,0.0,639.2,480.0
1386,det_2c77f4a0,defect,0.334,0,2026-02-05 03:22:49,detection,164.3,282.3,446.8,480.0
1382,det_e6e3aee0,defect,0.323,0,2026-02-05 03:22:39,detection,339.7,203.5,547.3,405.5
1383,det_77a15a8a,turning,0.065,24,2026-02-05 03:22:39,detection,0.0,0.0,153.9,43.9
1384,det_34e943e8,defect,0.272,0,2026-02-05 03:22:39,detection,2.9,0.0,640.0,480.0
1380,det_bbad2cf4,breaker,0.361,29,2026-02-05 03:22:38,detection,342.1,199.2,549.7,399.5
1381,det_74232ae6,turning,0.29,24,2026-02-05 03:22:38,detection,342.8,199.4,550.8,399.3
1376,det_e710d664,breaker,0.562,29,2026-02-05 03:22:37,detection,341.1,199.4,550.9,399.9
1377,det_c3ec7502,breaker,0.434,29,2026-02-05 03:22:37,detection,341.5,199.8,548.0,399.2
1378,det_813bf5ae,turning,0.323,24,2026-02-05 03:22:37,detection,342.8,200.1,549.8,399.5
1379,det_fc808862,breaker,0.665,29,2026-02-05 03:22:37,detection,339.1,198.7,551.2,399.0
1372,det_074dbe91,breaker,0.661,29,2026-02-05 03:22:36,detection,342.9,200.1,550.4,399.0
1373,det_861b80ae,breaker,0.555,29,2026-02-05 03:22:36,detection,341.4,199.8,550.1,400.0
1374,det_129328d9,breaker,0.541,29,2026-02-05 03:22:36,detection,343.1,200.4,549.3,399.2
1375,det_754783e7,breaker,0.546,29,2026-02-05 03:22:36,detection,339.9,198.9,551.1,400.1
1370,det_da86e3df,breaker,0.514,29,2026-02-05 03:22:35,detection,342.1,199.7,550.0,399.1
1371,det_040ab2e8,breaker,0.556,29,2026-02-05 03:22:35,detection,342.2,200.4,547.5,397.9
1366,det_7a08fe46,breaker,0.62,29,2026-02-05 03:22:34,detection,341.3,199.2,552.1,400.0
1367,det_be231280,breaker,0.58,29,2026-02-05 03:22:34,detection,342.0,200.3,550.7,399.1
1368,det_f3441c44,breaker,0.548,29,2026-02-05 03:22:34,detection,340.2,199.2,551.3,399.4
1369,det_4b2ef3c3,turning,0.267,24,2026-02-05 03:22:34,detection,341.7,199.5,552.2,399.5
1364,det_53abdd69,breaker,0.554,29,2026-02-05 03:22:33,detection,342.7,200.0,549.7,399.4
1365,det_989a3dc7,breaker,0.612,29,2026-02-05 03:22:33,detection,340.8,199.1,549.9,399.2
1362,det_fc9c32a3,breaker,0.544,29,2026-02-05 03:22:32,detection,342.5,199.9,550.6,399.5
1363,det_c5cfb89c,breaker,0.635,29,2026-02-05 03:22:32,detection,342.9,200.3,548.9,399.1
1357,det_3a5a7666,breaker,0.455,29,2026-02-05 03:22:31,detection,340.1,198.7,552.1,400.6
1358,det_5f23f1ba,turning,0.322,24,2026-02-05 03:22:31,detection,341.7,198.8,553.2,400.8
1359,det_fb7ca6ea,breaker,0.556,29,2026-02-05 03:22:31,detection,342.7,200.2,548.8,398.9
1360,det_2f08227c,breaker,0.592,29,2026-02-05 03:22:31,detection,342.6,199.8,547.8,398.7
1361,det_07ed2e34,breaker,0.617,29,2026-02-05 03:22:31,detection,340.7,199.9,549.9,399.0
1352,det_e450ed8a,breaker,0.112,29,2026-02-05 03:22:30,detection,349.3,191.7,548.7,410.1
1353,det_b1a059d5,turning,0.061,24,2026-02-05 03:22:30,detection,0.0,0.0,124.7,40.6
1354,det_27f81a31,breaker,0.464,29,2026-02-05 03:22:30,detection,338.0,197.8,550.2,402.0
1355,det_da16467b,turning,0.378,24,2026-02-05 03:22:30,detection,339.4,198.1,551.2,402.0
1356,det_8392f85c,breaker,0.668,29,2026-02-05 03:22:30,detection,339.5,199.0,549.7,400.7
1347,det_ccedcb61,defect,0.276,0,2026-02-05 03:22:29,detection,277.4,202.7,542.1,404.6
1348,det_879dbdcc,breaker,0.075,29,2026-02-05 03:22:29,detection,303.0,189.3,567.2,401.3
1349,det_e8ec61a9,green,0.053,31,2026-02-05 03:22:29,detection,0.0,0.0,139.7,38.0
1350,det_55c05f5f,turning,0.051,24,2026-02-05 03:22:29,detection,0.0,0.0,130.1,35.4
1351,det_f1d76144,breaker,0.276,29,2026-02-05 03:22:29,detection,297.2,186.5,549.7,403.4
1345,det_8b7463c2,defect,0.335,0,2026-02-05 03:22:28,detection,283.2,221.5,531.6,438.7
1346,det_f2356acb,turning,0.069,24,2026-02-05 03:22:28,detection,0.0,0.0,140.9,37.8
1344,det_f76d47e4,green,0.481,31,2026-02-05 03:22:25,detection,366.6,230.2,594.1,432.4
1341,det_8864022b,green,0.321,31,2026-02-05 03:22:24,detection,363.5,228.0,608.3,435.0
1342,det_5fd9d58e,green,0.527,31,2026-02-05 03:22:24,detection,364.2,227.4,608.9,434.6
1343,det_d1dfb295,green,0.336,31,2026-02-05 03:22:24,detection,361.9,223.3,608.2,436.2
1338,det_f395261e,green,0.331,31,2026-02-05 03:22:23,detection,363.7,227.7,608.4,434.8
1339,det_24a19be4,green,0.318,31,2026-02-05 03:22:23,detection,364.2,228.4,608.3,434.6
1340,det_fd326f5b,green,0.33,31,2026-02-05 03:22:23,detection,365.4,228.3,605.9,432.8
1336,det_6ce25057,green,0.137,31,2026-02-05 03:22:22,detection,368.9,229.8,600.8,430.0
1337,det_cb608693,green,0.523,31,2026-02-05 03:22:22,detection,364.2,227.9,607.5,434.6
1334,det_8ce92dd0,green,0.436,31,2026-02-05 03:22:21,detection,365.3,228.4,606.9,434.7
1335,det_b0bfd6f5,green,0.42,31,2026-02-05 03:22:21,detection,363.0,228.1,608.3,434.2
1330,det_cf1e3a91,green,0.441,31,2026-02-05 03:22:20,detection,362.2,227.0,609.9,436.1
1331,det_754a2574,green,0.351,31,2026-02-05 03:22:20,detection,362.3,226.2,611.8,437.3
1332,det_67ed4032,green,0.501,31,2026-02-05 03:22:20,detection,364.1,228.0,607.8,435.0
1333,det_042e2a3f,turning,0.05,24,2026-02-05 03:22:20,detection,0.0,0.0,162.8,44.9
1327,det_2a535f63,green,0.371,31,2026-02-05 03:22:19,detection,364.2,226.6,607.2,434.0
1328,det_cac2fa11,breaker,0.29,29,2026-02-05 03:22:19,detection,368.1,231.5,604.5,432.2
1329,det_8cbc3224,green,0.549,31,2026-02-05 03:22:19,detection,357.7,223.3,614.0,440.6
1326,det_498d980d,defect,0.418,0,2026-02-05 03:22:18,detection,383.7,241.0,584.5,435.8
1324,det_3acb7667,defect,0.402,0,2026-02-05 03:22:17,detection,453.6,263.5,579.3,402.9
1325,det_3197cd63,red,0.087,12,2026-02-05 03:22:17,detection,495.7,193.0,629.0,347.6
1323,det_de6e5792,defect,0.319,0,2026-02-05 03:22:16,detection,1.6,0.0,639.8,480.0
1320,det_4fb48183,green,0.087,31,2026-02-05 03:22:15,detection,0.3,0.0,216.3,78.3
1321,det_25d31dc7,green,0.059,31,2026-02-05 03:22:15,detection,0.1,0.0,180.9,56.1
1322,det_8896e56a,defect,0.264,0,2026-02-05 03:22:15,detection,1.9,0.0,639.3,480.0
1317,det_cb20b443,defect,0.324,0,2026-02-05 03:22:14,detection,1.4,0.0,639.3,480.0
1318,det_5c013bda,defect,0.312,0,2026-02-05 03:22:14,detection,1.6,0.0,639.3,480.0
1319,det_dc57ae01,defect,0.394,0,2026-02-05 03:22:14,detection,1.8,0.0,640.0,480.0
1315,det_ddc00951,defect,0.355,0,2026-02-05 03:22:13,detection,1.7,0.0,639.3,480.0
1316,det_87af16ac,defect,0.333,0,2026-02-05 03:22:13,detection,2.0,0.0,639.8,480.0
1312,det_ef35ba08,defect,0.289,0,2026-02-05 03:22:12,detection,1.8,0.0,639.8,480.0
1313,det_212bf81b,defect,0.303,0,2026-02-05 03:22:12,detection,1.9,0.0,639.6,480.0
1314,det_9a7afada,defect,0.322,0,2026-02-05 03:22:12,detection,1.4,0.0,639.2,480.0
1311,det_2d87a15e,defect,0.363,0,2026-02-05 03:22:11,detection,1.6,0.0,639.5,480.0
1309,det_9763d1a4,defect,0.315,0,2026-02-05 03:22:10,detection,1.4,0.0,639.1,480.0
1310,det_c9ed4b22,defect,0.331,0,2026-02-05 03:22:10,detection,2.3,0.0,639.3,480.0
1306,det_22153e8f,defect,0.435,0,2026-02-05 03:22:09,detection,1.5,0.0,639.5,480.0
1307,det_218dfac2,defect,0.259,0,2026-02-05 03:22:09,detection,1.6,0.0,639.3,480.0
1308,det_27d0ac72,defect,0.324,0,2026-02-05 03:22:09,detection,1.6,0.0,639.1,480.0
1303,det_e338d1a9,defect,0.446,0,2026-02-05 03:22:08,detection,1.7,0.0,639.1,480.0
1304,det_c695b4f6,defect,0.321,0,2026-02-05 03:22:08,detection,1.6,0.0,639.6,480.0
1305,det_6f46c45f,defect,0.259,0,2026-02-05 03:22:08,detection,1.7,0.0,639.3,480.0
1301,det_769f52b4,defect,0.314,0,2026-02-05 03:22:07,detection,1.6,0.0,639.5,480.0
1302,det_edeecae5,defect,0.308,0,2026-02-05 03:22:07,detection,1.2,0.0,638.9,480.0
1299,det_652c4243,defect,0.32,0,2026-02-05 03:22:06,detection,1.5,0.0,639.4,480.0
1300,det_8ba6a287,defect,0.417,0,2026-02-05 03:22:06,detection,1.6,0.0,639.2,480.0
1297,det_38124704,defect,0.391,0,2026-02-05 03:22:05,detection,1.5,0.0,639.4,480.0
1298,det_2657f282,defect,0.354,0,2026-02-05 03:22:05,detection,1.7,0.0,639.7,480.0
1294,det_f89964bc,defect,0.401,0,2026-02-05 03:22:04,detection,1.3,0.0,639.3,480.0
1295,det_0a1c541e,defect,0.407,0,2026-02-05 03:22:04,detection,1.4,0.0,639.8,480.0
1296,det_c831a20e,defect,0.391,0,2026-02-05 03:22:04,detection,1.7,0.0,639.1,480.0
1291,det_5e3c02ef,defect,0.345,0,2026-02-05 03:22:03,detection,1.9,0.0,639.4,480.0
1292,det_7bcd3355,defect,0.289,0,2026-02-05 03:22:03,detection,1.8,0.0,639.4,480.0
1293,det_5dfc6390,defect,0.311,0,2026-02-05 03:22:03,detection,1.9,0.0,639.4,480.0
1288,det_27660e4e,defect,0.383,0,2026-02-05 03:22:02,detection,1.8,0.0,639.5,480.0
1289,det_126e2472,defect,0.347,0,2026-02-05 03:22:02,detection,1.6,0.0,639.4,480.0
1290,det_8561656a,defect,0.423,0,2026-02-05 03:22:02,detection,1.8,0.0,639.5,480.0
1285,det_fec016d0,defect,0.233,0,2026-02-05 03:22:01,detection,1.4,0.0,639.6,480.0
1286,det_e58e6b8c,defect,0.5,0,2026-02-05 03:22:01,detection,1.7,0.0,639.5,480.0
1287,det_0f1f79ad,defect,0.233,0,2026-02-05 03:22:01,detection,2.0,0.0,639.7,480.0
1283,det_0daf664c,defect,0.463,0,2026-02-05 03:22:00,detection,1.5,0.0,639.6,480.0
1284,det_099fa005,defect,0.328,0,2026-02-05 03:22:00,detection,1.8,0.0,639.5,480.0
1280,det_e6aa27db,defect,0.329,0,2026-02-05 03:21:59,detection,1.7,0.0,639.1,480.0
1281,det_c269938f,defect,0.28,0,2026-02-05 03:21:59,detection,1.7,0.0,639.5,480.0
1282,det_84f982cb,defect,0.416,0,2026-02-05 03:21:59,detection,0.8,0.0,639.4,480.0
1277,det_c0370ade,defect,0.436,0,2026-02-05 03:21:58,detection,1.4,0.0,639.5,480.0
1278,det_0e051754,defect,0.271,0,2026-02-05 03:21:58,detection,1.2,0.0,639.3,480.0
1279,det_47be5b31,defect,0.258,0,2026-02-05 03:21:58,detection,0.9,0.0,639.5,480.0
1275,det_0bf0c39a,defect,0.269,0,2026-02-05 03:21:57,detection,1.7,0.0,639.8,480.0
1276,det_2b6716ef,defect,0.383,0,2026-02-05 03:21:57,detection,2.1,0.0,639.6,480.0
1272,det_5a14890d,defect,0.44,0,2026-02-05 03:21:56,detection,1.5,0.0,639.8,480.0
1273,det_9b966735,defect,0.323,0,2026-02-05 03:21:56,detection,1.8,0.0,639.3,480.0
1274,det_f1814fba,defect,0.429,0,2026-02-05 03:21:56,detection,1.9,0.0,639.3,480.0
1270,det_70638ff9,defect,0.274,0,2026-02-05 03:21:55,detection,1.7,0.0,639.7,480.0
1271,det_4a5045f6,defect,0.358,0,2026-02-05 03:21:55,detection,1.7,0.0,639.9,480.0
1268,det_993af897,defect,0.228,0,2026-02-05 03:21:54,detection,1.5,0.0,639.6,480.0
1269,det_40d623eb,defect,0.269,0,2026-02-05 03:21:54,detection,1.9,0.0,639.6,480.0
1266,det_a5d92441,defect,0.262,0,2026-02-05 03:21:53,detection,1.8,0.0,639.7,480.0
1267,det_58b4e9b5,defect,0.276,0,2026-02-05 03:21:53,detection,1.5,0.0,639.2,480.0
1263,det_56788d88,defect,0.33,0,2026-02-05 03:21:52,detection,1.8,0.0,639.7,480.0
1264,det_05855ccb,defect,0.334,0,2026-02-05 03:21:52,detection,1.3,0.0,639.6,480.0
1265,det_ad9c758b,defect,0.283,0,2026-02-05 03:21:52,detection,2.0,0.0,639.9,480.0
1261,det_05a22d7f,defect,0.344,0,2026-02-05 03:21:51,detection,1.7,0.0,639.8,480.0
1262,det_39e5ffeb,defect,0.282,0,2026-02-05 03:21:51,detection,1.8,0.0,639.9,480.0
1258,det_18838184,defect,0.312,0,2026-02-05 03:21:50,detection,1.8,0.0,639.7,480.0
1259,det_153c7867,defect,0.316,0,2026-02-05 03:21:50,detection,1.5,0.0,639.8,480.0
1260,det_5e579a64,green,0.058,31,2026-02-05 03:21:50,detection,0.3,0.0,210.6,78.6
1256,det_f94c44c2,defect,0.255,0,2026-02-05 03:21:49,detection,1.6,0.0,639.8,480.0
1257,det_48918edc,defect,0.249,0,2026-02-05 03:21:49,detection,2.0,0.0,639.7,480.0
1253,det_9e5b8a8b,defect,0.298,0,2026-02-05 03:21:48,detection,1.6,0.0,639.5,480.0
1254,det_e8792989,defect,0.38,0,2026-02-05 03:21:48,detection,1.3,0.0,639.6,480.0
1255,det_ef46563f,defect,0.384,0,2026-02-05 03:21:48,detection,1.6,0.0,639.6,480.0
1250,det_f7d8d258,defect,0.385,0,2026-02-05 03:21:47,detection,1.2,0.0,639.3,480.0
1251,det_01014917,defect,0.31,0,2026-02-05 03:21:47,detection,1.6,0.0,639.3,480.0
1252,det_df196fa7,defect,0.261,0,2026-02-05 03:21:47,detection,1.6,0.0,639.7,480.0
1247,det_c97cee89,defect,0.442,0,2026-02-05 03:21:46,detection,1.5,0.0,639.6,480.0
1248,det_f25f74c1,defect,0.256,0,2026-02-05 03:21:46,detection,1.5,0.0,639.5,480.0
1249,det_bccaae0f,defect,0.364,0,2026-02-05 03:21:46,detection,1.4,0.0,639.3,480.0
1244,det_c2cb091b,defect,0.461,0,2026-02-05 03:21:45,detection,1.7,0.0,639.6,480.0
1245,det_01e0b8d7,defect,0.397,0,2026-02-05 03:21:45,detection,1.6,0.0,639.4,480.0
1246,det_aa7acefa,defect,0.306,0,2026-02-05 03:21:45,detection,1.6,0.0,639.7,480.0
1242,det_1bf20e52,defect,0.354,0,2026-02-05 03:21:44,detection,1.4,0.0,639.5,480.0
1243,det_0da0b8c5,defect,0.371,0,2026-02-05 03:21:44,detection,0.8,0.0,639.3,480.0
1239,det_96d289fb,defect,0.309,0,2026-02-05 03:21:43,detection,1.1,0.0,639.4,480.0
1240,det_1f37db86,defect,0.379,0,2026-02-05 03:21:43,detection,1.6,0.0,639.7,480.0
1241,det_c57c1683,defect,0.292,0,2026-02-05 03:21:43,detection,1.9,0.0,639.4,480.0
1236,det_5bf096c7,defect,0.282,0,2026-02-05 03:21:42,detection,1.6,0.0,639.5,480.0
1237,det_d4ed4afb,defect,0.431,0,2026-02-05 03:21:42,detection,1.7,0.0,639.5,480.0
1238,det_57e88a39,defect,0.359,0,2026-02-05 03:21:42,detection,1.5,0.0,639.7,480.0
1233,det_eca431c6,defect,0.363,0,2026-02-05 03:21:41,detection,1.3,0.0,639.2,480.0
1234,det_17425c65,defect,0.423,0,2026-02-05 03:21:41,detection,1.6,0.0,639.3,480.0
1235,det_ed939083,defect,0.37,0,2026-02-05 03:21:41,detection,1.6,0.0,639.6,480.0
1230,det_c5124427,defect,0.329,0,2026-02-05 03:21:40,detection,1.7,0.0,640.0,480.0
1231,det_d56f6ebd,defect,0.3,0,2026-02-05 03:21:40,detection,1.8,0.0,639.5,480.0
1232,det_bf557e5d,defect,0.351,0,2026-02-05 03:21:40,detection,1.6,0.0,639.4,480.0
1227,det_905d82ae,defect,0.234,0,2026-02-05 03:21:39,detection,1.4,0.0,639.3,480.0
1228,det_218e54cd,defect,0.363,0,2026-02-05 03:21:39,detection,1.5,0.0,639.6,480.0
1229,det_112f24f9,defect,0.381,0,2026-02-05 03:21:39,detection,1.7,0.0,639.0,480.0
1226,det_2121ac92,defect,0.253,0,2026-02-05 03:21:38,detection,1.6,0.0,639.9,480.0
1223,det_ffcf65f9,defect,0.365,0,2026-02-05 03:21:37,detection,1.4,0.0,639.4,480.0
1224,det_b6478a9b,defect,0.304,0,2026-02-05 03:21:37,detection,2.0,0.0,639.7,480.0
1225,det_423293be,defect,0.361,0,2026-02-05 03:21:37,detection,1.6,0.0,639.5,480.0
1220,det_629b3a6d,defect,0.354,0,2026-02-05 03:21:36,detection,1.6,0.0,639.9,480.0
1221,det_ae778488,defect,0.425,0,2026-02-05 03:21:36,detection,1.5,0.0,639.7,480.0
1222,det_666c1098,defect,0.447,0,2026-02-05 03:21:36,detection,1.4,0.0,639.4,480.0
1217,det_c26fb3dc,defect,0.399,0,2026-02-05 03:21:35,detection,1.6,0.0,639.1,480.0
1218,det_a2181268,defect,0.484,0,2026-02-05 03:21:35,detection,1.3,0.0,639.4,480.0
1219,det_b07b25b4,defect,0.325,0,2026-02-05 03:21:35,detection,1.7,0.0,639.8,480.0
1214,det_93486b1c,defect,0.25,0,2026-02-05 03:21:34,detection,1.6,0.0,639.2,480.0
1215,det_649431f5,defect,0.384,0,2026-02-05 03:21:34,detection,1.8,0.0,639.8,480.0
1216,det_f0d11545,defect,0.36,0,2026-02-05 03:21:34,detection,1.0,0.0,638.9,480.0
1212,det_7539e80c,defect,0.301,0,2026-02-05 03:21:33,detection,2.3,0.0,639.5,480.0
1213,det_24d7ff31,defect,0.407,0,2026-02-05 03:21:33,detection,1.8,0.0,639.5,480.0
1209,det_79777f17,defect,0.22,0,2026-02-05 03:21:32,detection,2.1,0.0,639.7,480.0
1210,det_cc54264a,defect,0.392,0,2026-02-05 03:21:32,detection,1.8,0.0,639.5,480.0
1211,det_066ca22b,defect,0.317,0,2026-02-05 03:21:32,detection,1.9,0.0,639.2,480.0
1207,det_f297305b,defect,0.367,0,2026-02-05 03:21:31,detection,1.6,0.0,639.3,480.0
1208,det_9dea4ad1,defect,0.364,0,2026-02-05 03:21:31,detection,1.4,0.0,639.5,480.0
1203,det_c739bff4,defect,0.311,0,2026-02-05 03:21:30,detection,1.1,0.0,640.0,480.0
1204,det_6740826c,defect,0.386,0,2026-02-05 03:21:30,detection,1.6,0.0,639.4,480.0
1205,det_8086bdc7,defect,0.411,0,2026-02-05 03:21:30,detection,1.6,0.0,639.8,480.0
1206,det_5a38794b,defect,0.419,0,2026-02-05 03:21:30,detection,1.7,0.0,639.5,480.0
1200,det_33da9d1f,defect,0.369,0,2026-02-05 03:21:29,detection,1.7,0.0,639.4,480.0
1201,det_be26c33d,defect,0.276,0,2026-02-05 03:21:29,detection,1.5,0.0,639.5,480.0
1202,det_281951aa,defect,0.338,0,2026-02-05 03:21:29,detection,1.0,0.0,638.1,480.0
1197,det_e9d33837,defect,0.427,0,2026-02-05 03:21:28,detection,1.2,0.0,640.0,480.0
1198,det_38de677e,defect,0.414,0,2026-02-05 03:21:28,detection,1.4,0.0,639.6,480.0
1199,det_afd6f93d,defect,0.306,0,2026-02-05 03:21:28,detection,2.0,0.0,639.9,480.0
1196,det_7356780a,defect,0.224,0,2026-02-05 03:21:27,detection,1.5,0.0,640.0,480.0
1193,det_a2c96cf4,defect,0.296,0,2026-02-05 03:21:26,detection,1.4,0.0,639.4,480.0
1194,det_9a8e1be5,defect,0.314,0,2026-02-05 03:21:26,detection,1.6,0.0,639.3,480.0
1195,det_3cab0eea,defect,0.351,0,2026-02-05 03:21:26,detection,1.5,0.0,639.1,480.0
1190,det_b8cb06b6,defect,0.406,0,2026-02-05 03:21:25,detection,0.6,0.0,639.0,480.0
1191,det_4ebe2bbb,defect,0.289,0,2026-02-05 03:21:25,detection,1.5,0.0,639.5,480.0
1192,det_14819323,defect,0.314,0,2026-02-05 03:21:25,detection,1.5,0.0,639.8,480.0
1187,det_a0a4f7b6,defect,0.36,0,2026-02-05 03:21:24,detection,1.6,0.0,639.5,480.0
1188,det_d58baa3b,defect,0.413,0,2026-02-05 03:21:24,detection,1.3,0.0,640.0,480.0
1189,det_6dc98229,defect,0.325,0,2026-02-05 03:21:24,detection,0.5,0.0,639.4,480.0
1183,det_b854a8d5,defect,0.35,0,2026-02-05 03:21:23,detection,0.7,0.0,640.0,480.0
1184,det_6d2384b0,defect,0.335,0,2026-02-05 03:21:23,detection,1.8,0.0,639.1,480.0
1185,det_9183fcc7,defect,0.435,0,2026-02-05 03:21:23,detection,1.5,0.0,639.5,480.0
1186,det_a8c9da91,defect,0.308,0,2026-02-05 03:21:23,detection,1.5,0.0,639.7,480.0
1181,det_a7c04bff,defect,0.285,0,2026-02-05 03:21:22,detection,1.5,0.0,639.4,480.0
1182,det_46747cbb,defect,0.348,0,2026-02-05 03:21:22,detection,1.2,0.0,639.3,480.0
1179,det_2639cc03,defect,0.314,0,2026-02-05 03:21:21,detection,1.0,0.0,639.3,480.0
1180,det_50110e5b,defect,0.331,0,2026-02-05 03:21:21,detection,1.9,0.0,639.5,480.0
1175,det_8a72b18b,defect,0.335,0,2026-02-05 03:21:20,detection,1.9,0.0,639.5,480.0
1176,det_9f28e26b,defect,0.375,0,2026-02-05 03:21:20,detection,1.6,0.0,638.9,480.0
1177,det_a5ea79ce,defect,0.247,0,2026-02-05 03:21:20,detection,206.1,0.0,637.5,387.5
1178,det_4b93a609,defect,0.309,0,2026-02-05 03:21:20,detection,1.4,0.0,639.2,480.0
1172,det_95b13a01,defect,0.412,0,2026-02-05 03:21:19,detection,1.6,0.0,639.1,480.0
1173,det_13610b96,defect,0.319,0,2026-02-05 03:21:19,detection,1.7,0.0,639.3,480.0
1174,det_d198b3cc,defect,0.269,0,2026-02-05 03:21:19,detection,0.9,0.0,638.9,480.0
1170,det_aa6e8f2d,defect,0.267,0,2026-02-05 03:21:18,detection,0.7,0.0,638.9,480.0
1171,det_7c1103a1,defect,0.273,0,2026-02-05 03:21:18,detection,1.8,0.0,639.6,480.0
1166,det_286529b1,defect,0.208,0,2026-02-05 03:21:17,detection,2.1,0.0,638.7,480.0
1167,det_e361cbed,defect,0.261,0,2026-02-05 03:21:17,detection,1.7,0.0,639.0,480.0
1168,det_f6389e67,defect,0.375,0,2026-02-05 03:21:17,detection,1.0,0.0,640.0,480.0
1169,det_0a15ea31,defect,0.298,0,2026-02-05 03:21:17,detection,1.4,0.0,639.5,480.0
1165,det_dfaf40df,defect,0.39,0,2026-02-05 03:21:16,detection,1.6,0.0,639.1,480.0
1162,det_835b0498,defect,0.346,0,2026-02-05 03:21:15,detection,1.6,0.0,639.4,480.0
1163,det_d47270ae,defect,0.251,0,2026-02-05 03:21:15,detection,1.9,0.0,639.0,480.0
1164,det_5512911f,defect,0.359,0,2026-02-05 03:21:15,detection,1.3,0.0,639.4,480.0
1159,det_11c1ebbf,defect,0.24,0,2026-02-05 03:21:14,detection,1.5,0.0,639.2,480.0
1160,det_66033836,defect,0.387,0,2026-02-05 03:21:14,detection,1.6,0.0,639.1,480.0
1161,det_697a1ec8,defect,0.268,0,2026-02-05 03:21:14,detection,1.9,0.0,639.1,480.0
1156,det_cf237721,defect,0.207,0,2026-02-05 03:21:13,detection,1.3,0.0,639.3,480.0
1157,det_ed902b73,defect,0.299,0,2026-02-05 03:21:13,detection,2.2,0.0,639.4,480.0
1158,det_a5ca48f1,defect,0.279,0,2026-02-05 03:21:13,detection,1.8,0.0,639.9,480.0
1153,det_6a9ca486,defect,0.284,0,2026-02-05 03:21:12,detection,1.8,0.0,639.1,480.0
1154,det_7b1f6315,defect,0.286,0,2026-02-05 03:21:12,detection,1.5,0.0,639.3,480.0
1155,det_5c3340a9,defect,0.3,0,2026-02-05 03:21:12,detection,1.7,0.0,639.5,480.0
1150,det_973373fe,defect,0.281,0,2026-02-05 03:21:11,detection,1.7,0.0,639.2,480.0
1151,det_40c52e54,defect,0.343,0,2026-02-05 03:21:11,detection,1.6,0.0,639.5,480.0
1152,det_cdbf1c32,defect,0.221,0,2026-02-05 03:21:11,detection,2.0,0.0,639.6,480.0
1149,det_351c756c,defect,0.351,0,2026-02-05 03:21:10,detection,1.7,0.0,639.3,480.0
1146,det_b4154be9,defect,0.387,0,2026-02-05 03:21:09,detection,1.2,0.0,639.2,480.0
1147,det_5bb3e569,defect,0.235,0,2026-02-05 03:21:09,detection,1.9,0.0,639.4,480.0
1148,det_3d391b0b,defect,0.342,0,2026-02-05 03:21:09,detection,2.0,0.0,639.5,480.0
1144,det_c90446cb,defect,0.28,0,2026-02-05 03:21:08,detection,1.7,0.0,639.0,480.0
1145,det_d2297678,defect,0.323,0,2026-02-05 03:21:08,detection,2.1,0.0,639.3,480.0
1142,det_8f941044,defect,0.31,0,2026-02-05 03:21:07,detection,1.6,0.0,639.7,480.0
1143,det_de7032e8,defect,0.307,0,2026-02-05 03:21:07,detection,1.3,0.0,639.4,480.0
1139,det_92e774bc,defect,0.285,0,2026-02-05 03:21:06,detection,1.5,0.0,639.7,480.0
1140,det_87caccaa,defect,0.303,0,2026-02-05 03:21:06,detection,2.0,0.0,639.8,480.0
1141,det_146e4da8,defect,0.308,0,2026-02-05 03:21:06,detection,1.6,0.0,639.2,480.0
1137,det_19180cb2,defect,0.371,0,2026-02-05 03:21:05,detection,1.8,0.0,639.7,480.0
1138,det_8829c2f0,defect,0.274,0,2026-02-05 03:21:05,detection,1.5,0.0,639.3,480.0
1135,det_e24bd84f,defect,0.327,0,2026-02-05 03:21:04,detection,1.7,0.0,639.7,480.0
1136,det_e65bf4f6,defect,0.343,0,2026-02-05 03:21:04,detection,1.5,0.0,639.6,480.0
1133,det_16ccecd5,defect,0.334,0,2026-02-05 03:21:03,detection,1.8,0.0,639.5,480.0
1134,det_a88abdb1,defect,0.297,0,2026-02-05 03:21:03,detection,2.1,0.0,639.1,480.0
1130,det_7c8e215b,defect,0.416,0,2026-02-05 03:21:02,detection,1.8,0.0,639.5,480.0
1131,det_3417c79b,defect,0.423,0,2026-02-05 03:21:02,detection,1.4,0.0,639.4,480.0
1132,det_9219d9de,defect,0.351,0,2026-02-05 03:21:02,detection,1.7,0.0,639.8,480.0
1128,det_8ae773ea,defect,0.371,0,2026-02-05 03:21:01,detection,1.6,0.0,639.5,480.0
1129,det_28b55504,defect,0.347,0,2026-02-05 03:21:01,detection,1.5,0.0,639.8,480.0
1125,det_6819aeb6,defect,0.403,0,2026-02-05 03:21:00,detection,2.0,0.0,639.3,480.0
1126,det_05875932,defect,0.399,0,2026-02-05 03:21:00,detection,1.7,0.0,640.0,480.0
1127,det_26c4be05,defect,0.26,0,2026-02-05 03:21:00,detection,2.0,0.0,639.4,480.0
1124,det_a3b85089,defect,0.49,0,2026-02-05 03:20:59,detection,1.4,0.0,639.8,480.0
1122,det_1168e38d,defect,0.368,0,2026-02-05 03:20:58,detection,1.6,0.0,639.4,480.0
1123,det_71a436ac,defect,0.424,0,2026-02-05 03:20:58,detection,1.3,0.0,639.6,480.0
1119,det_170d9813,defect,0.344,0,2026-02-05 03:20:57,detection,1.9,0.0,639.6,480.0
1120,det_16502c14,defect,0.247,0,2026-02-05 03:20:57,detection,1.2,0.0,639.4,480.0
1121,det_3a26644c,defect,0.446,0,2026-02-05 03:20:57,detection,1.4,0.0,639.6,480.0
1117,det_281ef924,defect,0.362,0,2026-02-05 03:20:56,detection,1.3,0.0,639.5,480.0
1118,det_41a99b60,defect,0.311,0,2026-02-05 03:20:56,detection,1.8,0.0,639.5,480.0
1115,det_addccac4,defect,0.398,0,2026-02-05 03:20:55,detection,1.7,0.0,639.7,480.0
1116,det_e749deb8,defect,0.375,0,2026-02-05 03:20:55,detection,1.6,0.0,639.4,480.0
1112,det_08ae4f3d,defect,0.35,0,2026-02-05 03:20:54,detection,1.5,0.0,639.4,480.0
1113,det_d7cf0ee7,defect,0.235,0,2026-02-05 03:20:54,detection,1.7,0.0,639.4,480.0
1114,det_b50531b7,defect,0.302,0,2026-02-05 03:20:54,detection,1.3,0.0,637.7,480.0
1111,det_e6e16829,defect,0.23,0,2026-02-05 03:20:53,detection,1.5,0.0,639.7,480.0
1109,det_890c0014,defect,0.265,0,2026-02-05 03:20:52,detection,1.1,0.0,639.8,480.0
1110,det_29072450,defect,0.325,0,2026-02-05 03:20:52,detection,1.7,0.0,639.5,480.0
1107,det_3c86a76e,defect,0.329,0,2026-02-05 03:20:51,detection,1.1,0.0,639.6,480.0
1108,det_d1070b8c,defect,0.209,0,2026-02-05 03:20:51,detection,1.5,0.0,639.6,480.0
1104,det_0d3498a3,defect,0.271,0,2026-02-05 03:20:50,detection,1.3,0.0,639.3,480.0
1105,det_0f15c58d,defect,0.437,0,2026-02-05 03:20:50,detection,1.3,0.0,639.9,480.0
1106,det_d8028f3e,defect,0.403,0,2026-02-05 03:20:50,detection,1.7,0.0,639.7,480.0
1101,det_b4d5f6cc,defect,0.371,0,2026-02-05 03:20:49,detection,1.7,0.0,639.5,480.0
1102,det_435a246d,defect,0.381,0,2026-02-05 03:20:49,detection,1.4,0.0,639.7,480.0
1103,det_d7a22c22,defect,0.353,0,2026-02-05 03:20:49,detection,1.2,0.0,639.6,480.0
1099,det_e3d37b9f,defect,0.304,0,2026-02-05 03:20:48,detection,1.5,0.0,639.3,480.0
1100,det_68585b70,defect,0.399,0,2026-02-05 03:20:48,detection,1.7,0.0,639.8,480.0
1097,det_52f08c0f,defect,0.297,0,2026-02-05 03:20:47,detection,1.4,0.0,639.3,480.0
1098,det_e263d7ee,defect,0.527,0,2026-02-05 03:20:47,detection,0.8,0.0,638.9,480.0
1094,det_10dc791a,defect,0.432,0,2026-02-05 03:20:46,detection,1.4,0.0,639.3,480.0
1095,det_9d272238,defect,0.294,0,2026-02-05 03:20:46,detection,1.8,0.0,639.5,480.0
1096,det_487ab5b8,defect,0.328,0,2026-02-05 03:20:46,detection,1.5,0.0,639.6,480.0
1090,det_45378958,defect,0.365,0,2026-02-05 03:20:45,detection,1.1,0.0,638.5,480.0
1091,det_1c10bd10,defect,0.35,0,2026-02-05 03:20:45,detection,1.7,0.0,639.5,480.0
1092,det_547e6b25,defect,0.282,0,2026-02-05 03:20:45,detection,1.4,0.0,639.5,480.0
1093,det_b278a15c,defect,0.238,0,2026-02-05 03:20:45,detection,1.4,0.0,639.7,480.0
1087,det_6f676562,defect,0.207,0,2026-02-05 03:20:44,detection,1.6,0.0,639.1,480.0
1088,det_b6860781,defect,0.451,0,2026-02-05 03:20:44,detection,1.4,0.0,639.3,480.0
1089,det_7652539b,defect,0.39,0,2026-02-05 03:20:44,detection,0.9,0.0,638.4,480.0
1084,det_dc904655,defect,0.262,0,2026-02-05 03:20:43,detection,1.1,0.0,638.3,480.0
1085,det_7e321d4b,defect,0.269,0,2026-02-05 03:20:43,detection,1.8,0.0,639.5,480.0
1086,det_73811f48,defect,0.408,0,2026-02-05 03:20:43,detection,1.6,0.0,639.8,480.0
1083,det_5c19c572,defect,0.209,0,2026-02-05 03:20:42,detection,2.0,0.0,639.4,480.0
1080,det_46ea11a9,defect,0.397,0,2026-02-05 03:20:41,detection,1.9,0.0,639.1,480.0
1081,det_dae9f28c,defect,0.292,0,2026-02-05 03:20:41,detection,1.4,0.0,639.4,480.0
1082,det_25b24be7,defect,0.239,0,2026-02-05 03:20:41,detection,1.4,0.0,638.8,480.0
1078,det_235bfd28,defect,0.226,0,2026-02-05 03:20:40,detection,1.8,0.0,639.2,480.0
1079,det_a8d4a39b,defect,0.244,0,2026-02-05 03:20:40,detection,1.7,0.0,639.9,480.0
1076,det_91c1bdd9,defect,0.227,0,2026-02-05 03:20:39,detection,1.8,0.0,639.8,480.0
1077,det_114e64b5,defect,0.245,0,2026-02-05 03:20:39,detection,1.7,0.0,639.9,480.0
1072,det_367716fa,defect,0.258,0,2026-02-05 03:20:38,detection,1.7,0.0,639.5,480.0
1073,det_98438399,defect,0.258,0,2026-02-05 03:20:38,detection,1.4,0.0,639.3,480.0
1074,det_8cf2c4e0,defect,0.352,0,2026-02-05 03:20:38,detection,1.8,0.0,639.0,480.0
1075,det_bfb53d42,defect,0.299,0,2026-02-05 03:20:38,detection,1.7,0.0,639.6,480.0
1070,det_f8d999a6,defect,0.393,0,2026-02-05 03:20:37,detection,1.2,0.0,639.3,480.0
1071,det_e3cda735,defect,0.348,0,2026-02-05 03:20:37,detection,1.4,0.0,639.3,480.0
1068,det_cb96414c,defect,0.268,0,2026-02-05 03:20:36,detection,1.5,0.0,639.5,480.0
1069,det_e3bf2294,defect,0.391,0,2026-02-05 03:20:36,detection,1.5,0.0,639.7,480.0
1065,det_b05296ac,defect,0.321,0,2026-02-05 03:20:35,detection,1.7,0.0,639.6,480.0
1066,det_8e7b9063,defect,0.348,0,2026-02-05 03:20:35,detection,1.4,0.0,639.6,480.0
1067,det_65441dad,defect,0.326,0,2026-02-05 03:20:35,detection,1.5,0.0,639.6,480.0
1062,det_7c20842c,defect,0.239,0,2026-02-05 03:20:34,detection,1.7,0.0,639.2,480.0
1063,det_91365db2,defect,0.213,0,2026-02-05 03:20:34,detection,1.7,0.0,639.2,480.0
1064,det_f4e47773,defect,0.261,0,2026-02-05 03:20:34,detection,1.4,0.0,639.5,480.0
1059,det_82557976,defect,0.46,0,2026-02-05 03:20:33,detection,358.0,231.7,609.9,422.4
1060,det_6e471b7f,defect,0.253,0,2026-02-05 03:20:33,detection,1.4,0.0,637.2,480.0
1061,det_d7c12e36,defect,0.408,0,2026-02-05 03:20:33,detection,1.6,0.0,640.0,480.0
1055,det_8f84c636,defect,0.404,0,2026-02-05 03:20:32,detection,358.9,230.3,610.4,422.1
1056,det_2dd6a349,defect,0.299,0,2026-02-05 03:20:32,detection,1.2,0.0,636.1,480.0
1057,det_ee1d5dd8,defect,0.433,0,2026-02-05 03:20:32,detection,359.1,231.0,610.2,422.5
1058,det_d1221c0f,defect,0.569,0,2026-02-05 03:20:32,detection,360.0,232.4,609.1,421.6
1054,det_f5a76f9a,defect,0.491,0,2026-02-05 03:20:31,detection,358.6,233.1,609.2,422.0
1052,det_490bfb71,defect,0.401,0,2026-02-05 03:20:30,detection,359.2,231.3,609.7,421.8
1053,det_32e35b76,defect,0.515,0,2026-02-05 03:20:30,detection,358.5,233.2,608.5,421.3
1046,det_6012ec9a,defect,0.364,0,2026-02-05 03:20:29,detection,358.1,230.8,610.3,422.0
1047,det_b010a946,defect,0.232,0,2026-02-05 03:20:29,detection,1.1,0.0,634.7,480.0
1048,det_0359da81,defect,0.567,0,2026-02-05 03:20:29,detection,358.0,232.9,609.3,421.8
1049,det_ad76e5ef,defect,0.248,0,2026-02-05 03:20:29,detection,1.3,0.0,634.8,480.0
1050,det_b1afb184,defect,0.599,0,2026-02-05 03:20:29,detection,358.7,232.5,608.8,422.1
1051,det_adf53595,defect,0.201,0,2026-02-05 03:20:29,detection,1.3,0.0,636.7,480.0
1043,det_9a5043e3,defect,0.429,0,2026-02-05 03:20:28,detection,358.2,233.2,609.0,421.0
1044,det_5d141859,defect,0.522,0,2026-02-05 03:20:28,detection,358.2,233.2,608.9,421.3
1045,det_bb100178,defect,0.355,0,2026-02-05 03:20:28,detection,357.0,232.8,610.1,421.6
1039,det_38d4a993,defect,0.5,0,2026-02-05 03:20:27,detection,358.5,232.2,609.7,422.1
1040,det_34791189,defect,0.256,0,2026-02-05 03:20:27,detection,1.4,0.0,634.5,480.0
1041,det_c1a51566,defect,0.434,0,2026-02-05 03:20:27,detection,359.3,231.4,610.2,422.0
1042,det_ab75a9c4,defect,0.22,0,2026-02-05 03:20:27,detection,1.3,0.0,635.3,480.0
1036,det_2d77a77b,defect,0.295,0,2026-02-05 03:20:26,detection,1.1,0.0,637.3,480.0
1037,det_25cc1ba2,defect,0.473,0,2026-02-05 03:20:26,detection,358.5,232.5,608.5,421.5
1038,det_426fe527,defect,0.489,0,2026-02-05 03:20:26,detection,358.4,233.2,608.9,421.6
1033,det_79df216d,defect,0.488,0,2026-02-05 03:20:25,detection,357.6,232.6,609.1,421.7
1034,det_52814f91,defect,0.519,0,2026-02-05 03:20:25,detection,359.2,233.5,608.8,421.0
1035,det_12108682,defect,0.52,0,2026-02-05 03:20:25,detection,357.5,232.5,608.8,421.3
1030,det_a72cb903,defect,0.452,0,2026-02-05 03:20:24,detection,359.0,233.3,609.0,421.3
1031,det_5e8a6426,defect,0.207,0,2026-02-05 03:20:24,detection,1.1,0.0,635.2,480.0
1032,det_fdbe110f,defect,0.48,0,2026-02-05 03:20:24,detection,357.6,232.3,609.3,421.9
1027,det_8785e87f,defect,0.399,0,2026-02-05 03:20:23,detection,358.3,232.9,609.4,420.8
1028,det_5d2e7497,defect,0.48,0,2026-02-05 03:20:23,detection,358.0,233.1,609.2,421.4
1029,det_32de8d0e,defect,0.504,0,2026-02-05 03:20:23,detection,358.6,233.1,608.9,421.6
1024,det_86c14db6,defect,0.531,0,2026-02-05 03:20:22,detection,1.3,0.0,640.0,480.0
1025,det_6e2dd620,defect,0.345,0,2026-02-05 03:20:22,detection,3.1,0.0,640.0,480.0
1026,det_c88a7dcb,defect,0.225,0,2026-02-05 03:20:22,detection,353.9,249.8,606.8,466.6
1021,det_8b32457f,defect,0.296,0,2026-02-05 03:20:21,detection,2.2,0.0,639.8,480.0
1022,det_20607e33,defect,0.422,0,2026-02-05 03:20:21,detection,1.3,0.0,640.0,480.0
1023,det_60bca996,defect,0.545,0,2026-02-05 03:20:21,detection,1.8,0.0,639.9,480.0
1017,det_9535c5a2,turning,0.577,24,2026-02-05 03:20:19,detection,348.2,295.2,578.4,480.0
1018,det_3114c311,turning,0.614,24,2026-02-05 03:20:19,detection,347.9,295.7,577.2,480.0
1019,det_14aea1c7,defect,0.347,0,2026-02-05 03:20:19,detection,350.4,296.4,574.2,475.7
1020,det_7c261d67,defect,0.293,0,2026-02-05 03:20:19,detection,234.4,431.1,364.5,480.0
1014,det_cfd7595a,turning,0.57,24,2026-02-05 03:20:18,detection,349.0,296.1,576.9,480.0
1015,det_08725fc4,turning,0.74,24,2026-02-05 03:20:18,detection,347.4,294.8,578.9,480.0
1016,det_500767da,turning,0.598,24,2026-02-05 03:20:18,detection,348.8,296.1,577.1,480.0
1011,det_c4064a5d,turning,0.656,24,2026-02-05 03:20:17,detection,348.4,295.1,579.0,480.0
1012,det_3877b969,turning,0.566,24,2026-02-05 03:20:17,detection,349.3,296.2,577.1,480.0
1013,det_7ac76495,turning,0.658,24,2026-02-05 03:20:17,detection,348.4,295.8,577.5,480.0
1008,det_5d6723c1,turning,0.723,24,2026-02-05 03:20:16,detection,348.4,295.3,579.0,480.0
1009,det_d74b2935,turning,0.625,24,2026-02-05 03:20:16,detection,348.0,295.1,577.3,480.0
1010,det_687cc29e,turning,0.568,24,2026-02-05 03:20:16,detection,349.3,295.6,577.6,480.0
1006,det_ced71a5b,turning,0.531,24,2026-02-05 03:20:15,detection,348.5,295.2,577.2,480.0
1007,det_1e0e6c91,turning,0.58,24,2026-02-05 03:20:15,detection,348.5,295.4,577.6,480.0
1004,det_3d6dcb5e,turning,0.482,24,2026-02-05 03:20:14,detection,350.3,297.0,576.5,480.0
1005,det_d83ca5c9,turning,0.583,24,2026-02-05 03:20:14,detection,348.2,295.6,578.6,480.0
1001,det_dbff3e6c,turning,0.64,24,2026-02-05 03:20:13,detection,348.7,296.0,577.6,480.0
1002,det_4b7d0366,turning,0.625,24,2026-02-05 03:20:13,detection,349.2,295.9,578.3,480.0
1003,det_209e31bb,turning,0.546,24,2026-02-05 03:20:13,detection,348.7,296.0,577.1,480.0
998,det_261b573a,turning,0.584,24,2026-02-05 03:20:12,detection,348.3,295.4,578.0,480.0
999,det_f6d2609f,turning,0.712,24,2026-02-05 03:20:12,detection,347.9,295.7,578.2,480.0
1000,det_d57ad246,turning,0.727,24,2026-02-05 03:20:12,detection,346.8,294.6,579.2,480.0
995,det_15a7d72e,turning,0.561,24,2026-02-05 03:20:11,detection,348.9,296.0,577.1,480.0
996,det_828fda2b,turning,0.578,24,2026-02-05 03:20:11,detection,347.6,294.7,578.0,480.0
997,det_3f74e204,turning,0.685,24,2026-02-05 03:20:11,detection,346.1,294.3,581.2,480.0
992,det_61d30884,turning,0.667,24,2026-02-05 03:20:10,detection,348.6,295.3,577.5,480.0
993,det_36c1bc94,turning,0.546,24,2026-02-05 03:20:10,detection,349.9,296.3,577.2,480.0
994,det_ab302967,turning,0.653,24,2026-02-05 03:20:10,detection,347.4,294.9,578.6,480.0
989,det_c1bba10e,turning,0.576,24,2026-02-05 03:20:08,detection,349.5,295.2,576.9,480.0
990,det_f3940a0c,turning,0.541,24,2026-02-05 03:20:08,detection,348.3,295.6,576.5,480.0
991,det_285f3d07,turning,0.677,24,2026-02-05 03:20:08,detection,348.2,295.5,577.1,480.0
987,det_58aa59a4,turning,0.534,24,2026-02-05 03:20:07,detection,349.1,295.7,576.9,480.0
988,det_0ca2f19d,turning,0.542,24,2026-02-05 03:20:07,detection,349.0,296.0,576.6,480.0
985,det_970f010c,turning,0.584,24,2026-02-05 03:20:06,detection,348.7,296.1,577.1,480.0
986,det_76a07964,turning,0.704,24,2026-02-05 03:20:06,detection,348.4,294.8,578.2,480.0
982,det_25baeee0,turning,0.705,24,2026-02-05 03:20:05,detection,346.1,294.0,579.8,480.0
983,det_8ae5f369,turning,0.606,24,2026-02-05 03:20:05,detection,348.4,295.3,577.8,480.0
984,det_65a9ef1d,turning,0.657,24,2026-02-05 03:20:05,detection,347.8,294.2,578.9,480.0
980,det_b889489a,turning,0.719,24,2026-02-05 03:20:04,detection,347.2,295.3,578.3,480.0
981,det_30d8ce4e,turning,0.7,24,2026-02-05 03:20:04,detection,349.1,294.8,578.0,480.0
979,det_57788c66,turning,0.618,24,2026-02-05 03:20:03,detection,347.6,295.2,578.3,480.0
976,det_b21a55a6,turning,0.634,24,2026-02-05 03:20:02,detection,347.7,294.8,578.5,480.0
977,det_f4d8c9c9,turning,0.679,24,2026-02-05 03:20:02,detection,348.7,295.0,578.1,480.0
978,det_9402fa8c,turning,0.63,24,2026-02-05 03:20:02,detection,347.1,295.0,578.7,480.0
973,det_334a5c47,turning,0.641,24,2026-02-05 03:20:01,detection,347.8,295.5,577.8,480.0
974,det_4e30802b,turning,0.621,24,2026-02-05 03:20:01,detection,349.2,296.2,577.2,480.0
975,det_f0fe185d,turning,0.688,24,2026-02-05 03:20:01,detection,347.8,295.2,577.9,480.0
971,det_51751b98,turning,0.661,24,2026-02-05 03:20:00,detection,349.4,295.9,577.2,480.0
972,det_b5ecee51,turning,0.721,24,2026-02-05 03:20:00,detection,347.6,295.4,579.2,480.0
968,det_b783e52b,turning,0.622,24,2026-02-05 03:19:59,detection,348.3,295.9,576.5,480.0
969,det_3e4c3663,turning,0.61,24,2026-02-05 03:19:59,detection,348.0,295.4,577.0,480.0
970,det_656f3ac9,turning,0.663,24,2026-02-05 03:19:59,detection,349.2,296.1,576.9,480.0
967,det_8323f6b4,turning,0.696,24,2026-02-05 03:19:58,detection,346.4,293.6,579.5,480.0
966,det_d864c662,turning,0.665,24,2026-02-05 03:19:57,detection,349.1,295.7,576.7,480.0
963,det_34b1a62a,turning,0.708,24,2026-02-05 03:19:56,detection,348.0,295.7,577.6,480.0
964,det_3fc7405d,turning,0.584,24,2026-02-05 03:19:56,detection,347.4,294.7,579.4,480.0
965,det_dd0c373a,turning,0.652,24,2026-02-05 03:19:56,detection,348.7,295.2,576.1,480.0
961,det_971779ff,turning,0.607,24,2026-02-05 03:19:55,detection,351.2,297.7,576.3,480.0
962,det_b210f191,turning,0.679,24,2026-02-05 03:19:55,detection,347.7,295.2,577.5,480.0
958,det_153d4ada,turning,0.738,24,2026-02-05 03:19:54,detection,348.6,295.1,577.5,480.0
959,det_5857c84c,turning,0.705,24,2026-02-05 03:19:54,detection,347.4,295.7,577.4,480.0
960,det_a046cac8,turning,0.684,24,2026-02-05 03:19:54,detection,347.1,295.1,577.4,480.0
955,det_1319de92,turning,0.642,24,2026-02-05 03:19:53,detection,347.0,294.8,577.8,480.0
956,det_d26495d6,turning,0.715,24,2026-02-05 03:19:53,detection,349.1,296.5,577.1,480.0
957,det_ba3bb709,turning,0.655,24,2026-02-05 03:19:53,detection,348.7,295.9,576.9,480.0
953,det_d7999a3d,turning,0.657,24,2026-02-05 03:19:52,detection,348.0,295.1,578.0,480.0
954,det_58566189,turning,0.734,24,2026-02-05 03:19:52,detection,347.2,295.0,578.3,480.0
951,det_ed7da148,turning,0.741,24,2026-02-05 03:19:51,detection,347.0,294.8,578.6,480.0
952,det_4e8a4c5b,turning,0.725,24,2026-02-05 03:19:51,detection,347.4,294.6,579.0,480.0
947,det_7edb81d0,turning,0.722,24,2026-02-05 03:19:50,detection,346.7,295.3,578.3,480.0
948,det_6fc22107,turning,0.651,24,2026-02-05 03:19:50,detection,349.1,296.1,576.9,480.0
949,det_c0f61fb0,turning,0.622,24,2026-02-05 03:19:50,detection,349.4,295.9,576.8,480.0
950,det_092f44a4,turning,0.695,24,2026-02-05 03:19:50,detection,346.4,294.6,577.8,480.0
944,det_22314ad5,turning,0.599,24,2026-02-05 03:19:49,detection,348.1,295.6,577.8,480.0
945,det_07ef7c1b,turning,0.697,24,2026-02-05 03:19:49,detection,349.3,295.8,575.8,480.0
946,det_e1c8145b,turning,0.721,24,2026-02-05 03:19:49,detection,347.7,295.1,577.3,480.0
941,det_9541ea0e,turning,0.652,24,2026-02-05 03:19:48,detection,348.2,295.0,578.9,480.0
942,det_cbb938df,turning,0.775,24,2026-02-05 03:19:48,detection,347.7,294.6,579.0,480.0
943,det_4ba5e74a,turning,0.69,24,2026-02-05 03:19:48,detection,349.8,296.3,577.9,480.0
938,det_56686104,turning,0.489,24,2026-02-05 03:19:47,detection,349.5,296.6,576.7,480.0
939,det_acd1aa11,turning,0.716,24,2026-02-05 03:19:47,detection,347.8,294.7,578.7,480.0
940,det_b971dac9,turning,0.687,24,2026-02-05 03:19:47,detection,349.1,295.8,576.7,480.0
936,det_a39cd650,turning,0.863,24,2026-02-05 03:19:46,detection,340.2,291.3,587.8,480.0
937,det_c0883035,turning,0.866,24,2026-02-05 03:19:46,detection,346.7,293.1,581.9,480.0
933,det_ea9f75ec,turning,0.849,24,2026-02-05 03:19:45,detection,343.4,292.4,584.2,480.0
934,det_4b6e7ac1,turning,0.875,24,2026-02-05 03:19:45,detection,337.5,289.7,586.0,480.0
935,det_1db9cef8,green,0.06,31,2026-02-05 03:19:45,detection,0.0,0.0,157.1,42.0
932,det_807ab6dd,turning,0.876,24,2026-02-05 03:19:31,detection,339.3,221.2,529.1,364.7
931,det_d2d94533,turning,0.876,24,2026-02-05 03:19:14,detection,339.3,221.2,529.1,364.7
929,det_c35cc799,turning,0.832,24,2026-02-05 03:10:33,detection,325.0,295.7,555.1,480.0
930,det_e13d454d,turning,0.815,24,2026-02-05 03:10:33,detection,325.1,296.2,553.5,480.0
927,det_5adbd030,turning,0.808,24,2026-02-05 03:10:32,detection,323.9,295.7,554.7,480.0
928,det_09445310,turning,0.843,24,2026-02-05 03:10:32,detection,324.6,295.9,554.3,480.0
925,det_09079cfe,turning,0.811,24,2026-02-05 03:10:31,detection,325.9,297.3,554.5,480.0
926,det_dd3d4d3c,turning,0.841,24,2026-02-05 03:10:31,detection,324.1,295.8,554.9,480.0
924,det_fc1c0916,turning,0.78,24,2026-02-05 03:10:30,detection,325.6,296.8,553.0,480.0
922,det_c5dd47a1,turning,0.785,24,2026-02-05 03:10:29,detection,326.2,297.5,553.1,480.0
923,det_e77490f2,turning,0.808,24,2026-02-05 03:10:29,detection,325.5,296.6,554.1,480.0
920,det_aaa55913,turning,0.846,24,2026-02-05 03:10:28,detection,325.4,296.4,554.3,480.0
921,det_12e97381,turning,0.777,24,2026-02-05 03:10:28,detection,326.4,297.6,554.2,480.0
918,det_b3b81304,turning,0.812,24,2026-02-05 03:10:27,detection,325.4,296.5,554.3,480.0
919,det_ff41f1b5,turning,0.779,24,2026-02-05 03:10:27,detection,326.0,297.6,554.2,480.0
916,det_5823dd5b,turning,0.825,24,2026-02-05 03:10:26,detection,326.0,296.7,554.3,480.0
917,det_b41b3a0c,turning,0.835,24,2026-02-05 03:10:26,detection,325.2,296.0,555.9,480.0
915,det_ed17d45e,turning,0.836,24,2026-02-05 03:10:25,detection,323.5,295.4,555.3,480.0
913,det_3cc4ae02,turning,0.838,24,2026-02-05 03:10:24,detection,324.7,296.2,555.1,480.0
914,det_8e8926b2,turning,0.812,24,2026-02-05 03:10:24,detection,326.0,297.1,554.0,480.0
911,det_6d81a91e,turning,0.859,24,2026-02-05 03:10:23,detection,322.2,295.4,556.8,480.0
912,det_ffb52558,turning,0.796,24,2026-02-05 03:10:23,detection,326.0,296.9,554.7,480.0
909,det_daadc81a,turning,0.778,24,2026-02-05 03:10:22,detection,325.9,297.0,553.6,480.0
910,det_05a759a8,turning,0.848,24,2026-02-05 03:10:22,detection,324.0,295.5,555.5,480.0
907,det_e4404711,turning,0.818,24,2026-02-05 03:10:21,detection,325.6,296.7,553.5,480.0
908,det_e78532e2,turning,0.828,24,2026-02-05 03:10:21,detection,325.6,296.5,554.4,480.0
906,det_cd5aa88a,turning,0.805,24,2026-02-05 03:10:20,detection,326.9,297.3,554.5,480.0
903,det_58d848b2,turning,0.818,24,2026-02-05 03:10:19,detection,324.3,296.6,554.9,480.0
904,det_6f3934ba,turning,0.767,24,2026-02-05 03:10:19,detection,326.0,297.1,555.2,480.0
905,det_50de1318,turning,0.825,24,2026-02-05 03:10:19,detection,325.7,296.2,553.5,480.0
901,det_59bd387e,turning,0.788,24,2026-02-05 03:10:18,detection,326.8,297.5,551.3,480.0
902,det_2209906a,turning,0.83,24,2026-02-05 03:10:18,detection,324.9,296.6,554.3,480.0
899,det_b3622447,turning,0.83,24,2026-02-05 03:10:17,detection,325.3,296.3,555.0,480.0
900,det_fb03b5e6,turning,0.819,24,2026-02-05 03:10:17,detection,325.0,296.4,553.6,480.0
896,det_f0636246,turning,0.804,24,2026-02-05 03:10:16,detection,327.1,297.8,553.2,480.0
897,det_c33bb38d,turning,0.814,24,2026-02-05 03:10:16,detection,326.0,297.4,553.3,480.0
898,det_6d8c3900,turning,0.799,24,2026-02-05 03:10:16,detection,325.2,296.9,552.9,480.0
894,det_08143bdb,turning,0.844,24,2026-02-05 03:10:15,detection,325.5,296.5,554.6,480.0
895,det_4f83dc73,turning,0.851,24,2026-02-05 03:10:15,detection,326.3,296.6,554.2,480.0
892,det_8c0d025a,turning,0.852,24,2026-02-05 03:10:14,detection,315.6,292.0,562.5,480.0
893,det_437d116b,turning,0.822,24,2026-02-05 03:10:14,detection,324.7,295.8,554.8,480.0
891,det_04eef5c0,turning,0.886,24,2026-02-05 03:10:13,detection,315.1,292.0,564.5,480.0
890,det_eb495412,turning,0.867,24,2026-02-05 03:09:53,detection,321.2,223.9,508.6,366.0
889,det_9d374983,turning,0.842,24,2026-02-05 03:08:47,detection,679.2,474.2,1053.6,768.0
888,det_76e53b1d,turning,0.842,24,2026-02-05 03:08:41,detection,679.2,474.2,1053.6,768.0
887,det_4dad5f20,turning,0.842,24,2026-02-05 03:08:36,detection,679.2,474.2,1053.6,768.0
886,det_b9333d43,turning,0.842,24,2026-02-05 03:08:30,detection,679.2,474.2,1053.6,768.0
885,det_9c2ab84d,turning,0.842,24,2026-02-05 03:08:24,detection,679.2,474.2,1053.6,768.0
884,det_bb2512df,turning,0.842,24,2026-02-05 03:08:18,detection,679.2,474.2,1053.6,768.0
883,det_ca346617,turning,0.842,24,2026-02-05 03:08:13,detection,679.2,474.2,1053.6,768.0
882,det_7ac88271,turning,0.842,24,2026-02-05 03:08:07,detection,679.2,474.2,1053.6,768.0
881,det_ef21dca7,turning,0.842,24,2026-02-05 03:08:02,detection,679.2,474.2,1053.6,768.0
880,det_c4fe1a45,turning,0.842,24,2026-02-05 03:07:56,detection,679.2,474.2,1053.6,768.0
879,det_a8b18040,turning,0.842,24,2026-02-05 03:07:51,detection,679.2,474.2,1053.6,768.0
878,det_97bfabad,turning,0.842,24,2026-02-05 03:07:45,detection,679.2,474.2,1053.6,768.0
877,det_5995cccd,turning,0.842,24,2026-02-05 03:07:40,detection,679.2,474.2,1053.6,768.0
876,det_dc6674f5,turning,0.842,24,2026-02-05 03:07:34,detection,679.2,474.2,1053.6,768.0
875,det_56ef5880,turning,0.842,24,2026-02-05 03:07:28,detection,679.2,474.2,1053.6,768.0
874,det_1f0c1601,turning,0.842,24,2026-02-05 03:07:23,detection,679.2,474.2,1053.6,768.0
873,det_ac36899e,turning,0.842,24,2026-02-05 03:07:17,detection,679.2,474.2,1053.6,768.0
872,det_60984d56,turning,0.842,24,2026-02-05 03:07:12,detection,679.2,474.2,1053.6,768.0
871,det_27924052,turning,0.842,24,2026-02-05 03:07:06,detection,679.2,474.2,1053.6,768.0
870,det_63eb8dea,breaker,0.764,29,2026-02-05 02:59:10,detection,383.6,180.3,538.4,322.0
869,det_8f6d49cc,breaker,0.764,29,2026-02-05 02:59:04,detection,383.6,180.3,538.4,322.0
868,det_9f88e711,breaker,0.764,29,2026-02-05 02:58:59,detection,383.6,180.3,538.4,322.0
867,det_3acacc8b,breaker,0.764,29,2026-02-05 02:58:53,detection,383.6,180.3,538.4,322.0
866,det_6962f5d6,breaker,0.764,29,2026-02-05 02:58:48,detection,383.6,180.3,538.4,322.0
865,det_def82f3e,breaker,0.764,29,2026-02-05 02:58:42,detection,383.6,180.3,538.4,322.0
864,det_4665a57d,defect,0.541,0,2026-02-05 02:58:41,detection,2.0,0.0,639.7,480.0
863,det_650e3128,defect,0.678,0,2026-02-05 02:58:40,detection,2.0,0.0,639.5,480.0
861,det_8ce36fb9,defect,0.592,0,2026-02-05 02:58:39,detection,3.0,0.0,639.6,480.0
862,det_179ac0b1,defect,0.596,0,2026-02-05 02:58:39,detection,3.0,0.0,639.4,480.0
859,det_9b3f56c8,defect,0.63,0,2026-02-05 02:58:38,detection,2.9,0.0,639.4,480.0
860,det_211336a8,defect,0.595,0,2026-02-05 02:58:38,detection,3.0,0.0,639.7,480.0
857,det_d3635768,defect,0.53,0,2026-02-05 02:58:37,detection,3.3,0.0,639.6,480.0
858,det_c712ee96,defect,0.551,0,2026-02-05 02:58:37,detection,3.1,0.0,639.8,480.0
855,det_bdaa13c5,defect,0.638,0,2026-02-05 02:58:36,detection,1.3,0.0,639.4,480.0
856,det_26bbd756,defect,0.667,0,2026-02-05 02:58:36,detection,2.8,0.0,639.7,480.0
854,det_8c7d5b3d,defect,0.619,0,2026-02-05 02:58:35,detection,3.4,0.0,639.8,480.0
853,det_3326495a,defect,0.667,0,2026-02-05 02:58:34,detection,3.1,0.0,639.7,480.0
850,det_9a20d0e7,defect,0.68,0,2026-02-05 02:58:33,detection,2.7,0.0,639.7,480.0
851,det_fa5efb02,defect,0.73,0,2026-02-05 02:58:33,detection,2.8,0.0,639.4,480.0
852,det_448d80eb,defect,0.696,0,2026-02-05 02:58:33,detection,1.8,0.0,639.6,480.0
849,det_4d528dbd,defect,0.608,0,2026-02-05 02:58:32,detection,3.2,0.0,639.7,480.0
847,det_11e15677,defect,0.595,0,2026-02-05 02:58:31,detection,2.0,0.0,639.8,480.0
848,det_7537b7f9,defect,0.618,0,2026-02-05 02:58:31,detection,1.9,0.0,639.6,480.0
846,det_3130ceb1,defect,0.548,0,2026-02-05 02:58:30,detection,1.8,0.0,639.6,480.0
844,det_e3d8e4d4,defect,0.383,0,2026-02-05 02:58:29,detection,3.6,0.0,639.8,480.0
845,det_9b0ce838,defect,0.509,0,2026-02-05 02:58:29,detection,2.5,0.0,639.4,480.0
841,det_bd0d37e4,defect,0.724,0,2026-02-05 02:58:28,detection,309.2,293.1,510.4,480.0
842,det_5ef6e3db,defect,0.386,0,2026-02-05 02:58:28,detection,144.1,434.0,211.0,480.0
843,det_033fb5d9,defect,0.57,0,2026-02-05 02:58:28,detection,3.4,0.0,639.8,480.0
840,det_cb5c7716,red,0.191,12,2026-02-05 02:58:27,detection,316.0,261.0,529.3,476.4
838,det_f67f8e16,turning,0.242,24,2026-02-05 02:58:26,detection,321.0,261.0,533.2,467.4
839,det_0d84bc4e,turning,0.133,24,2026-02-05 02:58:26,detection,321.5,261.7,530.6,466.4
836,det_03aaeef4,turning,0.149,24,2026-02-05 02:58:25,detection,321.5,261.6,530.5,466.3
837,det_1b36b204,turning,0.255,24,2026-02-05 02:58:25,detection,320.6,260.8,534.1,468.4
835,det_b6afca3f,turning,0.282,24,2026-02-05 02:58:24,detection,320.5,260.6,534.2,468.6
833,det_e6716e41,turning,0.07,24,2026-02-05 02:58:23,detection,322.0,259.8,529.3,470.7
834,det_b81985c7,turning,0.092,24,2026-02-05 02:58:23,detection,321.0,261.9,530.6,467.3
831,det_6c8ee122,defect,0.216,0,2026-02-05 02:58:22,detection,229.1,274.5,373.5,480.0
832,det_77fe94d3,red,0.097,12,2026-02-05 02:58:22,detection,336.6,264.8,530.7,470.7
829,det_6471d0c1,defect,0.491,0,2026-02-05 02:58:21,detection,317.2,305.4,535.5,480.0
830,det_89fb4872,turning,0.169,24,2026-02-05 02:58:21,detection,290.1,273.4,538.0,478.3
828,det_cff5317c,defect,0.573,0,2026-02-05 02:58:20,detection,365.9,286.5,592.8,480.0
827,det_badc1457,defect,0.873,0,2026-02-05 02:58:19,detection,347.9,257.0,595.4,480.0
825,det_8738fecf,defect,0.641,0,2026-02-05 02:58:14,detection,326.4,225.7,584.1,458.3
826,det_73d48452,turning,0.144,24,2026-02-05 02:58:14,detection,335.7,235.7,557.0,465.1
823,det_d1d44f27,defect,0.281,0,2026-02-05 02:58:13,detection,179.1,0.0,640.0,311.5
824,det_3812e2c0,red,0.1,12,2026-02-05 02:58:13,detection,187.9,340.5,510.6,480.0
821,det_d3599a0b,defect,0.407,0,2026-02-05 02:58:12,detection,2.3,0.0,639.5,480.0
822,det_2719d2d6,defect,0.569,0,2026-02-05 02:58:12,detection,3.0,0.0,639.8,480.0
819,det_fd5bfdfe,defect,0.495,0,2026-02-05 02:58:11,detection,2.8,0.0,640.0,480.0
820,det_6edc3ef3,defect,0.573,0,2026-02-05 02:58:11,detection,1.4,0.0,638.3,480.0
818,det_319a251c,breaker,0.833,29,2026-02-05 02:58:10,detection,351.5,251.1,541.0,431.5
816,det_5c6fc485,breaker,0.812,29,2026-02-05 02:58:09,detection,350.9,251.8,540.6,431.3
817,det_fea0f264,breaker,0.822,29,2026-02-05 02:58:09,detection,351.5,251.4,541.9,431.2
815,det_7258374f,breaker,0.819,29,2026-02-05 02:58:08,detection,351.3,252.2,541.6,431.7
813,det_c4cd0de2,breaker,0.795,29,2026-02-05 02:58:07,detection,350.8,251.6,541.1,432.1
814,det_62858fe6,breaker,0.794,29,2026-02-05 02:58:07,detection,350.4,251.7,541.3,431.7
811,det_2f616c44,breaker,0.822,29,2026-02-05 02:58:06,detection,350.8,251.4,542.1,432.8
812,det_713dbe33,breaker,0.794,29,2026-02-05 02:58:06,detection,351.7,252.1,540.6,431.8
810,det_55a50c74,breaker,0.828,29,2026-02-05 02:58:05,detection,350.4,251.6,541.8,432.7
807,det_e945267b,defect,0.222,0,2026-02-05 02:58:04,detection,264.0,249.9,425.6,480.0
808,det_8ec3d216,defect,0.219,0,2026-02-05 02:58:04,detection,256.4,247.9,492.0,480.0
809,det_8755a818,breaker,0.819,29,2026-02-05 02:58:04,detection,350.2,251.7,541.7,432.7
805,det_be8e1054,breaker,0.287,29,2026-02-05 02:58:03,detection,341.5,275.9,543.5,466.4
806,det_09a739a7,breaker,0.361,29,2026-02-05 02:58:03,detection,318.9,265.4,516.7,455.2
803,det_43635521,defect,0.55,0,2026-02-05 02:58:01,detection,3.5,0.0,640.0,480.0
804,det_b77ba368,defect,0.246,0,2026-02-05 02:58:01,detection,343.4,289.2,517.9,476.2
801,det_0a64edb5,defect,0.206,0,2026-02-05 02:58:00,detection,1.5,0.0,638.1,480.0
802,det_f8176601,defect,0.46,0,2026-02-05 02:58:00,detection,3.1,0.0,639.9,480.0
800,det_f59e01d3,defect,0.37,0,2026-02-05 02:57:59,detection,2.4,0.0,640.0,480.0
798,det_278d00d5,defect,0.442,0,2026-02-05 02:57:58,detection,133.6,382.9,466.1,480.0
799,det_3111e70b,defect,0.245,0,2026-02-05 02:57:58,detection,0.3,0.0,640.0,480.0
797,det_3dff34e4,green,0.654,31,2026-02-05 02:57:57,detection,308.1,250.9,571.2,439.7
795,det_b26e06b0,green,0.717,31,2026-02-05 02:57:56,detection,307.3,251.0,570.3,439.8
796,det_be932809,green,0.747,31,2026-02-05 02:57:56,detection,306.6,250.3,574.0,441.1
794,det_cdd93cc2,green,0.705,31,2026-02-05 02:57:55,detection,306.0,249.8,575.0,440.6
792,det_0b36ecd5,green,0.65,31,2026-02-05 02:57:54,detection,309.3,251.7,569.5,439.2
793,det_7143f7bb,green,0.718,31,2026-02-05 02:57:54,detection,306.1,249.0,572.4,441.3
790,det_88df4d39,green,0.731,31,2026-02-05 02:57:53,detection,308.4,250.7,571.7,440.1
791,det_d2a0ecd6,green,0.708,31,2026-02-05 02:57:53,detection,308.6,250.7,571.6,439.7
788,det_54900e2c,green,0.725,31,2026-02-05 02:57:52,detection,306.8,250.1,573.5,440.2
789,det_594b0e8e,green,0.707,31,2026-02-05 02:57:52,detection,308.9,250.7,572.0,439.7
787,det_365a9969,green,0.652,31,2026-02-05 02:57:51,detection,309.0,250.6,572.9,440.2
785,det_a2410f92,green,0.667,31,2026-02-05 02:57:50,detection,310.8,251.6,567.7,438.8
786,det_4bf08e43,green,0.702,31,2026-02-05 02:57:50,detection,307.3,250.9,569.8,440.3
783,det_fe71410f,defect,0.212,0,2026-02-05 02:57:49,detection,316.5,261.6,582.1,471.4
784,det_15ffe508,defect,0.36,0,2026-02-05 02:57:49,detection,305.7,257.2,557.9,440.5
781,det_c266857e,defect,0.274,0,2026-02-05 02:57:48,detection,1.5,0.0,638.9,480.0
782,det_0a692614,defect,0.339,0,2026-02-05 02:57:48,detection,365.7,295.1,637.5,480.0
779,det_7f140ccc,defect,0.244,0,2026-02-05 02:57:44,detection,2.4,0.0,639.3,480.0
780,det_7528249f,defect,0.296,0,2026-02-05 02:57:44,detection,1.2,0.0,639.2,480.0
778,det_59adf8d3,defect,0.252,0,2026-02-05 02:57:42,detection,2.2,0.0,639.5,480.0
776,det_9b6ec2fe,defect,0.217,0,2026-02-05 02:57:41,detection,2.0,0.0,639.2,480.0
777,det_0b57afc2,defect,0.232,0,2026-02-05 02:57:41,detection,1.2,0.0,638.8,480.0
775,det_7e4aecc1,defect,0.231,0,2026-02-05 02:57:37,detection,1.8,0.0,639.3,480.0
774,det_57586961,defect,0.208,0,2026-02-05 02:57:33,detection,2.6,0.0,639.1,480.0
773,det_6cc39d95,breaker,0.764,29,2026-02-05 02:57:17,detection,383.6,180.3,538.4,322.0
772,det_5f9f91c3,breaker,0.764,29,2026-02-05 02:57:15,detection,383.6,180.3,538.4,322.0
771,det_535e9184,defect,0.317,0,2026-02-05 02:57:14,detection,1.4,0.0,638.0,480.0
769,det_e7692520,defect,0.425,0,2026-02-05 02:57:13,detection,1.3,0.0,639.2,480.0
770,det_ffc97454,defect,0.275,0,2026-02-05 02:57:13,detection,1.7,0.0,637.4,480.0
767,det_ef240f39,defect,0.454,0,2026-02-05 02:57:12,detection,2.0,0.0,639.4,480.0
768,det_9dff7673,defect,0.327,0,2026-02-05 02:57:12,detection,1.2,0.0,638.4,480.0
766,det_427b1873,defect,0.476,0,2026-02-05 02:57:10,detection,450.5,257.3,599.8,468.8
763,det_67996d84,green,0.79,31,2026-02-05 02:57:09,detection,349.7,244.8,620.8,439.0
764,det_1337cb0b,green,0.802,31,2026-02-05 02:57:09,detection,350.1,246.4,620.8,441.6
765,det_9cfe1628,green,0.789,31,2026-02-05 02:57:09,detection,348.5,244.5,620.8,439.6
762,det_699a4b5d,green,0.81,31,2026-02-05 02:57:08,detection,350.4,244.5,620.5,440.6
760,det_53a6838b,green,0.817,31,2026-02-05 02:57:07,detection,347.2,244.1,622.7,442.3
761,det_f0806242,green,0.799,31,2026-02-05 02:57:07,detection,349.6,246.5,621.4,441.7
759,det_fd79eaba,green,0.786,31,2026-02-05 02:57:06,detection,347.9,244.5,622.4,440.0
757,det_15daf3b5,green,0.781,31,2026-02-05 02:57:05,detection,352.3,248.1,619.6,440.4
758,det_31b83375,green,0.794,31,2026-02-05 02:57:05,detection,349.9,244.9,620.3,439.6
754,det_8b75d5be,green,0.793,31,2026-02-05 02:57:04,detection,348.7,247.4,618.7,439.5
755,det_1b569aab,green,0.809,31,2026-02-05 02:57:04,detection,347.6,244.3,622.6,441.1
756,det_744aa575,green,0.799,31,2026-02-05 02:57:04,detection,347.8,242.9,623.2,441.6
752,det_ef4bc76a,defect,0.422,0,2026-02-05 02:57:03,detection,370.3,265.3,604.6,449.9
753,det_e8a8145e,red,0.063,12,2026-02-05 02:57:03,detection,124.9,316.3,322.8,480.0
751,det_962141ce,red,0.097,12,2026-02-05 02:57:01,detection,318.6,180.8,630.7,425.3
749,det_fe7da4cf,green,0.208,31,2026-02-05 02:57:00,detection,353.5,215.2,600.8,428.7
750,det_c7269806,green,0.445,31,2026-02-05 02:57:00,detection,359.4,184.2,640.0,422.4
747,det_52b1c953,green,0.671,31,2026-02-05 02:56:59,detection,324.3,226.1,593.4,422.7
748,det_e48c924e,green,0.626,31,2026-02-05 02:56:59,detection,320.5,223.0,594.3,424.6
745,det_66d427c5,defect,0.259,0,2026-02-05 02:56:58,detection,311.0,221.2,590.4,440.2
746,det_2edad4c8,green,0.662,31,2026-02-05 02:56:58,detection,313.3,223.3,596.5,425.0
744,det_126c6f49,green,0.709,31,2026-02-05 02:56:57,detection,318.7,279.4,573.2,462.4
742,det_71544662,green,0.782,31,2026-02-05 02:56:56,detection,334.0,276.0,598.5,465.4
743,det_3894c961,green,0.792,31,2026-02-05 02:56:56,detection,317.2,276.5,576.5,466.2
740,det_def5ab93,green,0.769,31,2026-02-05 02:56:55,detection,337.1,276.5,598.8,465.6
741,det_1570bb25,green,0.794,31,2026-02-05 02:56:55,detection,334.8,277.0,598.0,465.2
739,det_377b2ebb,green,0.818,31,2026-02-05 02:56:54,detection,349.0,278.7,614.9,466.5
737,det_dd488290,green,0.788,31,2026-02-05 02:56:53,detection,359.5,279.2,622.1,466.1
738,det_f023ffd8,green,0.795,31,2026-02-05 02:56:53,detection,357.4,276.9,624.1,467.4
735,det_0a752321,green,0.86,31,2026-02-05 02:56:52,detection,403.4,277.5,640.0,472.0
736,det_f377ded1,green,0.809,31,2026-02-05 02:56:52,detection,360.9,280.3,620.4,465.0
734,det_d5b987fd,green,0.71,31,2026-02-05 02:56:51,detection,477.9,275.2,640.0,471.6
732,det_7c21aba4,green,0.73,31,2026-02-05 02:56:50,detection,475.4,271.9,640.0,476.4
733,det_5ed4807d,green,0.67,31,2026-02-05 02:56:50,detection,477.0,272.8,640.0,476.0
730,det_c68773eb,green,0.748,31,2026-02-05 02:56:49,detection,417.4,247.7,640.0,442.5
731,det_67aedb8f,green,0.686,31,2026-02-05 02:56:49,detection,481.0,279.1,640.0,465.7
729,det_461f3f7e,green,0.782,31,2026-02-05 02:56:48,detection,398.9,251.2,640.0,441.2
727,det_c086f358,green,0.655,31,2026-02-05 02:56:47,detection,440.7,278.4,640.0,479.8
728,det_2522461f,green,0.487,31,2026-02-05 02:56:47,detection,451.5,287.4,640.0,469.5
726,det_f3b9890a,green,0.616,31,2026-02-05 02:56:46,detection,442.9,280.7,640.0,478.6
725,det_e1c63678,green,0.632,31,2026-02-05 02:56:45,detection,441.6,278.7,640.0,480.0
724,det_74aac5b1,green,0.627,31,2026-02-05 02:56:44,detection,441.3,278.1,640.0,480.0
722,det_6161f522,green,0.626,31,2026-02-05 02:56:43,detection,440.9,280.4,640.0,478.4
723,det_a1c70c9c,defect,0.212,0,2026-02-05 02:56:43,detection,0.1,0.0,638.3,480.0
720,det_3b897830,defect,0.217,0,2026-02-05 02:56:42,detection,0.4,0.0,638.3,480.0
721,det_09d943b0,green,0.699,31,2026-02-05 02:56:42,detection,441.8,276.1,640.0,479.8
718,det_11bd47c7,red,0.052,12,2026-02-05 02:56:41,detection,470.7,226.8,640.0,433.5
719,det_16071a4e,green,0.684,31,2026-02-05 02:56:41,detection,440.3,276.6,640.0,480.0
717,det_46cef22e,green,0.724,31,2026-02-05 02:56:40,detection,466.3,231.3,640.0,449.9
713,det_a3998292,defect,0.58,0,2026-02-05 02:56:39,detection,0.2,0.0,638.5,480.0
714,det_16ec4bf2,defect,0.413,0,2026-02-05 02:56:39,detection,247.7,342.6,500.6,480.0
715,det_d30543f9,defect,0.231,0,2026-02-05 02:56:39,detection,483.4,252.7,640.0,475.5
716,det_05015d0c,defect,0.523,0,2026-02-05 02:56:39,detection,0.4,0.0,638.7,480.0
710,det_383cfdf0,defect,0.447,0,2026-02-05 02:56:38,detection,0.8,0.0,639.6,480.0
711,det_a911f261,defect,0.299,0,2026-02-05 02:56:38,detection,488.1,230.8,640.0,472.3
712,det_1fac67dc,defect,0.23,0,2026-02-05 02:56:38,detection,277.7,328.6,527.5,480.0
709,det_4f688bd5,defect,0.483,0,2026-02-05 02:56:37,detection,0.2,0.0,638.7,480.0
707,det_d0006d8c,defect,0.338,0,2026-02-05 02:56:36,detection,0.1,0.0,638.9,480.0
708,det_cbaa8c42,defect,0.459,0,2026-02-05 02:56:36,detection,0.3,0.0,639.7,480.0
706,det_0d561d6e,defect,0.347,0,2026-02-05 02:56:35,detection,0.2,0.0,640.0,480.0
704,det_18a7d94b,defect,0.212,0,2026-02-05 02:56:34,detection,0.3,0.0,638.8,480.0
705,det_f6c57aa1,defect,0.282,0,2026-02-05 02:56:34,detection,0.2,0.0,638.8,480.0
703,det_9c243a38,defect,0.209,0,2026-02-05 02:56:33,detection,0.3,0.0,639.4,480.0
701,det_a13c6a05,defect,0.262,0,2026-02-05 02:56:32,detection,0.2,0.0,638.7,480.0
702,det_1b0ac7fc,defect,0.256,0,2026-02-05 02:56:32,detection,0.4,0.0,638.6,480.0
700,det_16aa6019,defect,0.24,0,2026-02-05 02:56:31,detection,0.2,0.0,638.8,480.0
698,det_20d9088d,defect,0.203,0,2026-02-05 02:56:30,detection,0.0,0.0,639.0,480.0
699,det_4fe5efda,defect,0.261,0,2026-02-05 02:56:30,detection,0.1,0.0,638.9,480.0
697,det_959eb6a3,defect,0.308,0,2026-02-05 02:56:29,detection,0.3,0.0,639.8,480.0
695,det_17ee07a4,defect,0.269,0,2026-02-05 02:56:28,detection,0.1,0.0,639.3,480.0
696,det_6b5aa1c6,defect,0.211,0,2026-02-05 02:56:28,detection,0.1,0.0,639.6,480.0
694,det_b4698d56,defect,0.288,0,2026-02-05 02:56:26,detection,0.2,0.0,639.6,480.0
692,det_5d426d5c,defect,0.326,0,2026-02-05 02:56:25,detection,0.3,0.0,639.5,480.0
693,det_34ab08ac,defect,0.291,0,2026-02-05 02:56:25,detection,0.0,0.0,639.5,480.0
691,det_12bf8575,defect,0.312,0,2026-02-05 02:56:24,detection,0.1,0.0,639.6,480.0
689,det_14f7ad90,defect,0.288,0,2026-02-05 02:56:23,detection,0.0,0.0,639.1,480.0
690,det_ec187746,defect,0.378,0,2026-02-05 02:56:23,detection,0.2,0.0,639.8,480.0
688,det_468daf2c,defect,0.349,0,2026-02-05 02:56:22,detection,0.0,0.0,639.9,480.0
686,det_b83d9fb0,defect,0.218,0,2026-02-05 02:56:21,detection,0.3,0.0,638.7,480.0
687,det_8185b3d5,defect,0.22,0,2026-02-05 02:56:21,detection,0.4,0.0,640.0,480.0
684,det_152ee684,defect,0.427,0,2026-02-05 02:56:20,detection,0.3,0.0,638.7,480.0
685,det_b3d25848,defect,0.298,0,2026-02-05 02:56:20,detection,0.3,0.0,638.8,480.0
683,det_599d969a,defect,0.43,0,2026-02-05 02:56:19,detection,0.2,0.0,639.5,480.0
681,det_4ec93c73,defect,0.221,0,2026-02-05 02:56:17,detection,1.5,0.0,639.6,480.0
682,det_82ad6e2b,defect,0.236,0,2026-02-05 02:56:17,detection,233.4,1.2,639.4,462.5
680,det_51b7ec4e,defect,0.212,0,2026-02-05 02:56:16,detection,0.9,0.0,639.4,480.0
679,det_d7382330,defect,0.213,0,2026-02-05 02:56:15,detection,1.2,0.0,639.3,480.0
678,det_1bbdcdb1,defect,0.319,0,2026-02-05 02:56:13,detection,1.4,0.0,639.4,480.0
677,det_d5e7cadd,defect,0.245,0,2026-02-05 02:56:12,detection,1.2,0.0,639.1,480.0
676,det_0a478652,defect,0.23,0,2026-02-05 02:56:10,detection,240.1,0.0,637.0,444.2
675,det_6fb1e162,defect,0.205,0,2026-02-05 02:56:06,detection,1.1,0.0,639.2,480.0
674,det_6735e92b,defect,0.247,0,2026-02-05 02:56:04,detection,1.5,0.0,639.5,480.0
673,det_544eb23b,defect,0.225,0,2026-02-05 02:56:02,detection,1.1,0.0,639.5,480.0
671,det_1f58a2e3,defect,0.248,0,2026-02-05 02:55:59,detection,1.4,0.0,639.4,480.0
672,det_a8e8b685,defect,0.231,0,2026-02-05 02:55:59,detection,244.8,1.4,636.7,436.5
668,det_08d291f3,defect,0.222,0,2026-02-05 02:55:54,detection,235.4,0.0,639.1,463.0
669,det_ffe015e8,defect,0.265,0,2026-02-05 02:55:54,detection,1.5,0.0,639.4,480.0
670,det_454d1947,defect,0.235,0,2026-02-05 02:55:54,detection,240.3,0.0,636.5,454.4
667,det_40b8ab63,defect,0.207,0,2026-02-05 02:55:52,detection,228.5,0.0,637.4,446.4
666,det_9e86edcd,defect,0.246,0,2026-02-05 02:55:50,detection,1.4,0.0,639.3,480.0
665,det_cc77e105,defect,0.25,0,2026-02-05 02:55:48,detection,245.8,0.0,636.6,436.7
663,det_edc6afa6,defect,0.208,0,2026-02-05 02:55:42,detection,1.7,0.0,639.5,480.0
664,det_d5205461,defect,0.233,0,2026-02-05 02:55:42,detection,1.3,0.0,639.4,480.0
660,det_4d1b921f,defect,0.258,0,2026-02-05 02:55:41,detection,0.8,0.0,640.0,480.0
661,det_1be42518,defect,0.365,0,2026-02-05 02:55:41,detection,282.8,251.8,580.0,480.0
662,det_024268e7,defect,0.224,0,2026-02-05 02:55:41,detection,289.4,258.5,508.0,476.2
659,det_5661e5b2,defect,0.229,0,2026-02-05 02:55:40,detection,1.0,0.0,640.0,480.0
657,det_e759eb21,turning,0.882,24,2026-02-05 02:55:39,detection,336.2,209.6,636.1,443.6
658,det_326a9a47,turning,0.884,24,2026-02-05 02:55:39,detection,337.9,209.6,636.0,443.6
655,det_31d9df8f,turning,0.877,24,2026-02-05 02:55:38,detection,335.7,211.0,636.3,442.6
656,det_b3de14c4,defect,0.219,0,2026-02-05 02:55:38,detection,1.1,0.0,640.0,480.0
652,det_a581372d,turning,0.898,24,2026-02-05 02:55:37,detection,332.0,209.3,635.5,444.7
653,det_dd0d3abb,red,0.378,12,2026-02-05 02:55:37,detection,91.3,308.3,329.6,480.0
654,det_f0862bff,turning,0.872,24,2026-02-05 02:55:37,detection,335.5,209.6,637.1,443.6
651,det_b3431328,defect,0.281,0,2026-02-05 02:55:36,detection,320.5,230.5,624.0,478.2
650,det_83a9dd30,defect,0.222,0,2026-02-05 02:55:30,detection,234.2,0.0,637.0,444.6
648,det_ddabbcd0,defect,0.243,0,2026-02-05 02:55:26,detection,1.4,0.0,639.5,480.0
649,det_d69ee1b0,defect,0.216,0,2026-02-05 02:55:26,detection,243.9,0.0,636.6,460.2
647,det_fa0654d6,defect,0.201,0,2026-02-05 02:55:25,detection,245.4,9.7,638.2,434.3
646,det_50cdb181,defect,0.224,0,2026-02-05 02:55:24,detection,2.0,0.0,639.6,480.0
644,det_82a44284,turning,0.103,24,2026-02-05 02:55:22,detection,301.6,160.0,540.5,382.1
645,det_a7e98cb2,turning,0.291,24,2026-02-05 02:55:22,detection,299.3,159.7,543.6,385.2
643,det_908580a1,turning,0.153,24,2026-02-05 02:55:21,detection,301.0,159.6,541.7,382.7
641,det_a63fc7b4,turning,0.248,24,2026-02-05 02:55:20,detection,300.2,160.7,539.5,382.4
642,det_9f20218d,turning,0.177,24,2026-02-05 02:55:20,detection,302.5,159.9,540.2,381.8
638,det_81b043da,defect,0.574,0,2026-02-05 02:55:19,detection,306.1,121.1,495.0,318.9
639,det_32cc8f8b,defect,0.23,0,2026-02-05 02:55:19,detection,104.1,135.8,302.4,318.7
640,det_b0b3fb88,turning,0.187,24,2026-02-05 02:55:19,detection,299.8,156.9,542.9,385.0
637,det_0f9c0ca4,defect,0.451,0,2026-02-05 02:55:18,detection,271.0,164.4,605.7,408.3
634,det_638c84af,defect,0.584,0,2026-02-05 02:55:17,detection,310.9,181.5,569.2,397.8
635,det_fe589580,defect,0.336,0,2026-02-05 02:55:17,detection,247.6,288.8,457.4,480.0
636,det_73cff854,turning,0.404,24,2026-02-05 02:55:17,detection,298.2,169.9,594.3,396.3
631,det_3fadec76,defect,0.346,0,2026-02-05 02:55:16,detection,303.3,178.6,563.7,390.7
632,det_75d3610e,defect,0.301,0,2026-02-05 02:55:16,detection,303.7,179.5,565.4,390.5
633,det_2fe9baf2,red,0.315,12,2026-02-05 02:55:16,detection,10.7,315.0,210.3,480.0
629,det_1f2bdc91,defect,0.404,0,2026-02-05 02:55:15,detection,302.9,178.2,565.7,390.9
630,det_b23f35b6,turning,0.786,24,2026-02-05 02:55:15,detection,299.5,178.1,569.5,392.2
627,det_45d055e2,defect,0.461,0,2026-02-05 02:55:14,detection,296.6,184.8,550.0,390.4
628,det_896972a7,defect,0.709,0,2026-02-05 02:55:14,detection,301.9,181.1,557.2,389.8
626,det_147644d6,defect,0.358,0,2026-02-05 02:55:13,detection,283.9,182.3,549.4,393.0
622,det_fd3ef45c,red,0.516,12,2026-02-05 02:55:12,detection,302.5,111.2,540.5,352.6
623,det_e040f997,red,0.075,12,2026-02-05 02:55:12,detection,303.8,368.1,501.3,480.0
624,det_9ccc3ccd,defect,0.254,0,2026-02-05 02:55:12,detection,553.2,162.9,600.8,208.6
625,det_76a1ea17,defect,0.201,0,2026-02-05 02:55:12,detection,562.0,172.8,597.9,207.0
620,det_85172012,red,0.529,12,2026-02-05 02:55:11,detection,301.9,111.4,540.0,353.3
621,det_3aba6fb8,defect,0.224,0,2026-02-05 02:55:11,detection,304.4,109.3,539.2,354.1
618,det_8345dca4,defect,0.32,0,2026-02-05 02:55:10,detection,304.6,109.7,540.2,353.6
619,det_25f1a009,red,0.616,12,2026-02-05 02:55:10,detection,301.3,109.8,540.7,354.4
616,det_bd1ea1a2,red,0.66,12,2026-02-05 02:55:09,detection,299.9,109.7,541.0,354.7
617,det_08bd394a,red,0.591,12,2026-02-05 02:55:09,detection,300.8,110.4,540.7,354.4
615,det_63b69255,defect,0.302,0,2026-02-05 02:55:08,detection,303.5,108.8,539.5,353.8
613,det_3086730e,red,0.633,12,2026-02-05 02:55:07,detection,300.5,110.1,540.6,354.5
614,det_8d16db01,red,0.66,12,2026-02-05 02:55:07,detection,301.0,109.5,541.3,354.8
611,det_f168fa93,defect,0.224,0,2026-02-05 02:55:06,detection,299.7,104.3,548.1,356.8
612,det_d758614a,red,0.537,12,2026-02-05 02:55:06,detection,300.6,110.1,540.8,354.0
610,det_d5d1661e,defect,0.237,0,2026-02-05 02:55:04,detection,1.7,0.0,639.4,480.0
608,det_1c4c3480,defect,0.203,0,2026-02-05 02:55:03,detection,1.7,0.0,639.6,480.0
609,det_ac14a4a5,defect,0.274,0,2026-02-05 02:55:03,detection,1.3,0.0,639.4,480.0
607,det_1b77044d,defect,0.632,0,2026-02-05 02:55:02,detection,151.5,324.7,442.1,480.0
606,det_8b4e0433,defect,0.252,0,2026-02-05 02:55:01,detection,0.2,0.0,640.0,480.0
604,det_116b7f4d,defect,0.215,0,2026-02-05 02:55:00,detection,0.6,0.0,640.0,480.0
605,det_352545b2,defect,0.211,0,2026-02-05 02:55:00,detection,0.5,0.0,640.0,480.0
602,det_892f4891,defect,0.217,0,2026-02-05 02:54:59,detection,0.5,0.0,640.0,480.0
603,det_f3de7152,defect,0.231,0,2026-02-05 02:54:59,detection,0.5,0.0,640.0,480.0
600,det_2c674a83,green,0.737,31,2026-02-05 02:54:58,detection,320.9,161.6,624.9,394.1
601,det_c3db7060,defect,0.327,0,2026-02-05 02:54:58,detection,0.4,0.0,640.0,480.0
598,det_b26dc7fa,defect,0.294,0,2026-02-05 02:54:57,detection,0.5,0.0,640.0,480.0
599,det_4ec51bb3,green,0.766,31,2026-02-05 02:54:57,detection,321.3,160.7,625.7,393.9
597,det_b321e61d,defect,0.274,0,2026-02-05 02:54:56,detection,0.3,0.0,640.0,480.0
595,det_26ecb85e,green,0.811,31,2026-02-05 02:54:55,detection,322.2,159.7,630.7,396.0
596,det_702ef8fe,green,0.794,31,2026-02-05 02:54:55,detection,318.4,159.8,626.6,395.7
593,det_5c2b31c8,defect,0.274,0,2026-02-05 02:54:54,detection,0.9,0.0,639.3,480.0
594,det_162cde3c,green,0.083,31,2026-02-05 02:54:54,detection,341.8,159.9,613.6,399.3
591,det_cd08a07e,defect,0.321,0,2026-02-05 02:54:53,detection,1.1,0.0,639.3,480.0
592,det_904c3f5b,defect,0.238,0,2026-02-05 02:54:53,detection,240.2,11.6,636.9,456.4
590,det_c046c938,red,0.736,12,2026-02-05 02:54:51,detection,335.3,150.0,640.0,403.6
588,det_64f30e2f,red,0.78,12,2026-02-05 02:54:50,detection,339.6,151.1,640.0,403.0
589,det_de7d01d0,red,0.81,12,2026-02-05 02:54:50,detection,337.3,150.8,640.0,406.3
586,det_fb77fcdc,red,0.767,12,2026-02-05 02:54:49,detection,339.7,151.7,640.0,404.0
587,det_f002a0f6,red,0.813,12,2026-02-05 02:54:49,detection,336.0,149.2,640.0,406.2
585,det_ee713bf4,red,0.76,12,2026-02-05 02:54:48,detection,337.1,150.2,640.0,405.0
583,det_39f48e57,red,0.802,12,2026-02-05 02:54:47,detection,335.8,148.7,640.0,407.5
584,det_fe792e71,red,0.772,12,2026-02-05 02:54:47,detection,339.3,150.9,640.0,404.5
582,det_e0b3b148,red,0.121,12,2026-02-05 02:54:46,detection,326.2,156.8,640.0,393.2
579,det_dff64774,defect,0.544,0,2026-02-05 02:54:45,detection,357.5,223.8,575.5,385.2
580,det_8a4753b6,defect,0.475,0,2026-02-05 02:54:45,detection,356.8,223.3,631.3,424.2
581,det_33c496c8,defect,0.546,0,2026-02-05 02:54:45,detection,351.1,161.7,546.2,337.9
577,det_f7153fbe,defect,0.293,0,2026-02-05 02:54:18,detection,538.8,233.6,640.0,480.0
578,det_d9b57d86,green,0.239,31,2026-02-05 02:54:18,detection,320.5,128.7,640.0,397.5
574,det_966cea22,green,0.804,31,2026-02-05 02:54:17,detection,325.9,128.3,638.5,381.1
575,det_42e996c3,green,0.813,31,2026-02-05 02:54:17,detection,323.6,126.8,639.4,382.9
576,det_dd12f78d,green,0.794,31,2026-02-05 02:54:17,detection,327.9,130.6,638.0,379.8
572,det_5b873e47,green,0.81,31,2026-02-05 02:54:16,detection,322.8,125.9,639.1,382.9
573,det_b461b37b,green,0.817,31,2026-02-05 02:54:16,detection,322.5,124.2,639.8,384.5
570,det_562d6347,green,0.81,31,2026-02-05 02:54:15,detection,321.1,122.8,640.0,385.6
571,det_46c5440c,green,0.813,31,2026-02-05 02:54:15,detection,326.3,129.1,638.5,381.1
568,det_29fd4199,green,0.778,31,2026-02-05 02:54:14,detection,328.8,129.3,637.2,378.6
569,det_60a7f406,green,0.785,31,2026-02-05 02:54:14,detection,326.5,131.3,637.7,379.0
567,det_242f8af0,green,0.821,31,2026-02-05 02:54:13,detection,328.5,128.6,638.8,381.0
564,det_eb506b6b,green,0.815,31,2026-02-05 02:54:12,detection,325.4,126.3,639.0,382.0
565,det_c5c2f8b5,green,0.807,31,2026-02-05 02:54:12,detection,322.0,124.3,639.9,384.7
566,det_8172f2d2,green,0.816,31,2026-02-05 02:54:12,detection,324.3,126.0,639.4,383.8
562,det_5f4631a5,green,0.811,31,2026-02-05 02:54:11,detection,325.1,127.4,639.1,382.0
563,det_f30d6dce,green,0.805,31,2026-02-05 02:54:11,detection,322.8,122.5,639.6,385.8
560,det_e297ca3a,green,0.799,31,2026-02-05 02:54:10,detection,325.4,126.6,638.7,381.8
561,det_2ca652a7,green,0.8,31,2026-02-05 02:54:10,detection,323.4,126.4,638.9,382.6
558,det_c9cc17cc,green,0.816,31,2026-02-05 02:54:09,detection,325.5,125.6,639.5,383.1
559,det_b67ae7c0,green,0.815,31,2026-02-05 02:54:09,detection,327.5,128.6,638.9,382.4
556,det_b89996c0,green,0.807,31,2026-02-05 02:54:08,detection,317.6,120.7,637.8,381.0
557,det_88752321,green,0.809,31,2026-02-05 02:54:08,detection,323.7,124.5,639.5,383.8
555,det_6acceb46,green,0.654,31,2026-02-05 02:54:07,detection,343.2,131.9,637.5,373.7
552,det_d8a58f46,defect,0.305,0,2026-02-05 02:54:06,detection,1.3,0.0,639.5,480.0
553,det_f0fa68e3,defect,0.257,0,2026-02-05 02:54:06,detection,212.8,0.0,637.4,466.9
554,det_243612c6,defect,0.212,0,2026-02-05 02:54:06,detection,440.7,113.7,576.9,276.7
549,det_75cc559a,defect,0.323,0,2026-02-05 02:54:05,detection,235.0,0.0,636.3,462.9
550,det_4c2ad4d6,defect,0.216,0,2026-02-05 02:54:05,detection,2.3,0.0,639.2,480.0
551,det_e92fb9e7,defect,0.228,0,2026-02-05 02:54:05,detection,235.7,0.0,636.6,459.3
548,det_54dc65dc,defect,0.251,0,2026-02-05 02:54:04,detection,1.1,0.0,639.5,480.0
545,det_c5cfd6f6,defect,0.382,0,2026-02-05 02:54:03,detection,1.4,0.0,639.2,480.0
546,det_c931a728,defect,0.238,0,2026-02-05 02:54:03,detection,217.6,0.0,637.3,471.4
547,det_2c8946d2,defect,0.263,0,2026-02-05 02:54:03,detection,1.6,0.0,639.1,480.0
542,det_35dbca7c,defect,0.25,0,2026-02-05 02:54:02,detection,1.4,0.0,639.5,480.0
543,det_502c8bfd,defect,0.352,0,2026-02-05 02:54:02,detection,1.2,0.0,638.5,480.0
544,det_fd49ba88,defect,0.278,0,2026-02-05 02:54:02,detection,224.4,2.0,638.7,476.7
541,det_135cf9d7,defect,0.216,0,2026-02-05 02:54:01,detection,1.5,0.0,639.5,480.0
539,det_40475330,red,0.338,12,2026-02-05 02:53:59,detection,221.3,186.5,510.0,412.9
540,det_f39dea4b,red,0.57,12,2026-02-05 02:53:59,detection,217.1,184.2,518.9,414.5
537,det_e7e0df84,red,0.19,12,2026-02-05 02:53:58,detection,221.7,187.8,506.7,411.7
538,det_6724d3f0,red,0.284,12,2026-02-05 02:53:58,detection,221.2,187.4,508.5,412.2
535,det_1e4c1f9f,red,0.084,12,2026-02-05 02:53:57,detection,222.1,187.0,512.1,411.0
536,det_f8ffcefb,red,0.27,12,2026-02-05 02:53:57,detection,219.5,186.9,509.5,413.3
533,det_50237342,red,0.179,12,2026-02-05 02:53:56,detection,220.4,185.3,514.9,412.4
534,det_6a8def5f,red,0.536,12,2026-02-05 02:53:56,detection,220.9,185.7,514.4,414.2
531,det_8532cfd8,red,0.395,12,2026-02-05 02:53:55,detection,219.2,184.8,516.0,413.2
532,det_fa7f822e,red,0.512,12,2026-02-05 02:53:55,detection,219.4,184.6,516.4,413.3
529,det_741277a3,red,0.187,12,2026-02-05 02:53:54,detection,221.1,187.1,508.0,412.5
530,det_a74f91e3,red,0.529,12,2026-02-05 02:53:54,detection,217.9,184.4,517.8,414.9
527,det_14ebcc42,red,0.486,12,2026-02-05 02:53:53,detection,221.6,186.9,510.2,413.0
528,det_46b3c019,red,0.198,12,2026-02-05 02:53:53,detection,221.3,188.8,506.1,411.9
526,det_6135d1ab,red,0.249,12,2026-02-05 02:53:52,detection,221.2,188.4,507.3,412.1
524,det_c90e06e2,red,0.538,12,2026-02-05 02:53:51,detection,218.9,185.4,514.0,414.0
525,det_81edb1f2,red,0.285,12,2026-02-05 02:53:51,detection,221.3,185.8,515.4,412.0
522,det_81cafa21,red,0.308,12,2026-02-05 02:53:50,detection,220.1,186.0,511.5,412.4
523,det_93a4be9f,red,0.519,12,2026-02-05 02:53:50,detection,215.7,184.5,517.9,415.4
520,det_ff56b121,red,0.459,12,2026-02-05 02:53:49,detection,220.5,186.7,512.5,413.7
521,det_df619cc6,red,0.191,12,2026-02-05 02:53:49,detection,222.2,188.0,505.5,411.1
519,det_7c61ba8a,red,0.203,12,2026-02-05 02:53:48,detection,223.5,189.0,504.0,410.1
517,det_ba719907,red,0.309,12,2026-02-05 02:53:47,detection,220.7,185.7,516.6,412.7
518,det_0bba06fa,red,0.14,12,2026-02-05 02:53:47,detection,220.3,187.1,507.7,412.3
515,det_72e2c306,red,0.248,12,2026-02-05 02:53:46,detection,220.8,186.8,509.3,412.7
516,det_cb4f57da,red,0.397,12,2026-02-05 02:53:46,detection,219.3,184.5,516.9,412.7
514,det_31ec5ce6,red,0.41,12,2026-02-05 02:53:45,detection,218.6,184.7,517.0,413.0
512,det_37d8516c,red,0.418,12,2026-02-05 02:53:44,detection,221.1,187.2,509.2,413.5
513,det_8d561bd1,red,0.538,12,2026-02-05 02:53:44,detection,219.9,184.3,515.5,413.8
505,det_bd681adc,red,0.335,12,2026-02-05 02:53:43,detection,221.1,184.5,509.9,412.9
506,det_d66cf7cb,red,0.296,12,2026-02-05 02:53:43,detection,0.0,215.0,116.4,383.4
507,det_226ba586,turning,0.266,24,2026-02-05 02:53:43,detection,0.0,215.4,116.3,374.8
508,det_3c2a463a,turning,0.206,24,2026-02-05 02:53:43,detection,0.0,212.9,122.0,469.1
509,det_bc0c37fb,red,0.139,12,2026-02-05 02:53:43,detection,0.1,346.3,144.3,480.0
510,det_1f019caa,red,0.123,12,2026-02-05 02:53:43,detection,0.1,213.0,123.8,469.5
511,det_9b6b84bf,red,0.558,12,2026-02-05 02:53:43,detection,221.4,185.8,516.4,414.4
501,det_0d7a9093,defect,0.522,0,2026-02-05 02:53:42,detection,92.1,210.9,334.6,479.6
502,det_582916a7,defect,0.314,0,2026-02-05 02:53:42,detection,195.3,176.7,470.3,346.4
503,det_ee8f2c6e,defect,0.272,0,2026-02-05 02:53:42,detection,10.9,167.1,252.0,432.5
504,det_7a5a856f,red,0.193,12,2026-02-05 02:53:42,detection,223.7,187.7,511.5,412.2
498,det_9f61483e,defect,0.578,0,2026-02-05 02:53:40,detection,490.1,243.6,639.6,413.9
499,det_558c647b,defect,0.354,0,2026-02-05 02:53:40,detection,438.1,242.4,640.0,431.3
500,det_df4b2b2b,defect,0.245,0,2026-02-05 02:53:40,detection,437.4,232.0,640.0,431.6
496,det_6e3ee1d5,defect,0.207,0,2026-02-05 02:53:39,detection,414.7,230.1,616.1,420.2
497,det_4e948f38,defect,0.205,0,2026-02-05 02:53:39,detection,363.8,198.6,621.9,408.1
495,det_24199e46,defect,0.372,0,2026-02-05 02:53:38,detection,411.6,256.9,587.5,466.6
492,det_368f09b0,defect,0.249,0,2026-02-05 02:53:37,detection,1.1,0.0,639.4,480.0
493,det_6fb5094b,defect,0.223,0,2026-02-05 02:53:37,detection,229.2,1.0,638.1,463.4
494,det_c2b6f286,defect,0.259,0,2026-02-05 02:53:37,detection,243.0,23.0,638.0,466.4
491,det_8f71fe44,defect,0.364,0,2026-02-05 02:53:36,detection,1.1,0.0,639.4,480.0
490,det_6cda4e10,defect,0.254,0,2026-02-05 02:53:35,detection,1.2,0.0,639.0,480.0
489,det_74f1ed16,defect,0.257,0,2026-02-05 02:53:33,detection,0.8,0.0,639.5,480.0
488,det_26dc3950,breaker,0.764,29,2026-02-05 02:53:19,detection,383.6,180.3,538.4,322.0
487,det_9c22a495,breaker,0.764,29,2026-02-05 02:53:18,detection,383.6,180.3,538.4,322.0
486,det_357429f4,breaker,0.764,29,2026-02-05 02:53:12,detection,383.6,180.3,538.4,322.0
485,det_705fd264,breaker,0.764,29,2026-02-05 02:53:07,detection,383.6,180.3,538.4,322.0
484,det_d28e0398,red,0.293,12,2026-02-05 02:49:43,detection,335.5,196.3,531.7,343.2
483,det_8661d01c,red,0.293,12,2026-02-05 02:49:38,detection,335.5,196.3,531.7,343.2
482,det_242db34f,defect,0.206,0,2026-02-05 02:49:06,detection,464.3,210.0,592.8,336.0
481,det_b1436e6e,defect,0.206,0,2026-02-05 02:49:00,detection,464.3,210.0,592.8,336.0
480,det_f38101c1,red,0.719,12,2026-02-05 02:48:14,detection,376.3,177.7,558.2,335.1
479,det_f96c00fa,defect,0.502,0,2026-02-05 02:34:52,detection,306.8,93.2,517.9,263.7
478,det_936c611a,defect,0.502,0,2026-02-05 02:34:46,detection,306.8,93.2,517.9,263.7
477,det_b03bde65,red,0.738,12,2026-02-05 02:34:38,detection,300.9,69.0,575.8,262.8
476,det_a529e7c0,red,0.738,12,2026-02-05 02:34:33,detection,300.9,69.0,575.8,262.8
475,det_386c29a6,turning,0.74,24,2026-02-05 02:34:23,detection,258.7,109.9,456.2,279.1
474,det_52fbc38d,turning,0.74,24,2026-02-05 02:34:18,detection,258.7,109.9,456.2,279.1
473,det_8022d741,breaker,0.807,29,2026-02-05 02:34:07,detection,292.0,129.9,451.0,291.4
472,det_43286f5c,breaker,0.807,29,2026-02-05 02:34:01,detection,292.0,129.9,451.0,291.4
471,det_2b0c9a90,green,0.825,31,2026-02-05 02:33:49,detection,221.6,102.5,455.3,278.3
470,det_51a91c71,green,0.825,31,2026-02-05 02:33:44,detection,221.6,102.5,455.3,278.3
469,det_6d42932e,turning,0.706,24,2026-02-05 02:33:14,detection,327.1,145.6,526.0,303.2
467,det_7993b1e1,red,0.318,12,2026-02-05 02:33:04,detection,336.1,128.9,515.5,289.5
468,det_dc4405eb,turning,0.156,24,2026-02-05 02:33:04,detection,336.8,128.1,515.2,289.3
466,det_680ca12d,breaker,0.762,29,2026-02-05 02:32:54,detection,415.5,98.0,607.7,270.2
465,det_086e8030,breaker,0.762,29,2026-02-05 02:32:48,detection,415.5,98.0,607.7,270.2
464,det_9dc33a93,green,0.712,31,2026-02-05 02:32:39,detection,269.2,42.3,532.9,237.4
463,det_e06fe7e3,green,0.712,31,2026-02-05 02:32:34,detection,269.2,42.3,532.9,237.4
462,det_97bee3fd,green,0.723,31,2026-02-05 02:31:21,detection,246.7,9.7,539.2,222.3
461,det_063944ad,breaker,0.695,29,2026-02-05 02:29:16,detection,307.6,125.1,482.9,284.7
460,det_7a4e8886,breaker,0.695,29,2026-02-05 02:29:11,detection,307.6,125.1,482.9,284.7
459,det_128960ac,breaker,0.695,29,2026-02-05 02:29:06,detection,307.6,125.1,482.9,284.7
458,det_dc57894c,breaker,0.695,29,2026-02-05 02:29:00,detection,307.6,125.1,482.9,284.7
457,det_a3cf53bc,breaker,0.695,29,2026-02-05 02:28:55,detection,307.6,125.1,482.9,284.7
456,det_2f536895,breaker,0.695,29,2026-02-05 02:28:49,detection,307.6,125.1,482.9,284.7
455,det_df78f87e,breaker,0.695,29,2026-02-05 02:28:44,detection,307.6,125.1,482.9,284.7
454,det_de0df086,breaker,0.695,29,2026-02-05 02:28:38,detection,307.6,125.1,482.9,284.7
453,det_2cb8fde5,breaker,0.695,29,2026-02-05 02:28:33,detection,307.6,125.1,482.9,284.7
452,det_67915da5,breaker,0.695,29,2026-02-05 02:28:27,detection,307.6,125.1,482.9,284.7
451,det_39b80b62,breaker,0.695,29,2026-02-05 02:28:22,detection,307.6,125.1,482.9,284.7
450,det_0d9100a4,breaker,0.695,29,2026-02-05 02:28:16,detection,307.6,125.1,482.9,284.7
449,det_54a85af3,green,0.709,31,2026-02-05 02:27:51,detection,203.5,64.1,454.3,254.4
448,det_32ef27d1,turning,0.482,24,2026-02-05 02:27:41,detection,190.3,53.7,432.9,248.6
447,det_7e39c9c3,turning,0.482,24,2026-02-05 02:27:35,detection,190.3,53.7,432.9,248.6
446,det_1706eb1d,turning,0.707,24,2026-02-05 02:27:28,detection,190.0,54.3,432.4,247.7
445,det_3e8540a3,turning,0.707,24,2026-02-05 02:27:22,detection,190.0,54.3,432.4,247.7
444,det_dd89df8e,red,0.675,12,2026-02-05 02:27:04,detection,249.4,122.9,466.4,292.4
443,det_12a91e2c,red,0.675,12,2026-02-05 02:26:58,detection,249.4,122.9,466.4,292.4
442,det_318671f0,red,0.387,12,2026-02-05 02:26:42,detection,211.4,108.1,399.8,287.2
441,det_6ab9afdf,defect,0.56,0,2026-02-05 02:26:26,detection,208.6,89.4,420.7,262.3
440,det_83e14415,red,0.621,12,2026-02-05 02:26:10,detection,250.2,42.8,526.0,252.2
439,det_a4aefab0,red,0.661,12,2026-02-05 02:26:05,detection,249.8,42.5,527.6,253.1
438,det_22c41bbb,red,0.661,12,2026-02-05 02:26:00,detection,249.8,42.5,527.6,253.1
437,det_70096f5a,red,0.368,12,2026-02-05 02:20:46,detection,93.8,81.6,350.2,280.1
436,det_efc44a25,red,0.43,12,2026-02-05 02:20:38,detection,93.4,81.2,350.8,280.5
434,det_b6072a72,turning,0.239,24,2026-02-05 02:20:34,detection,99.5,83.8,345.5,274.4
435,det_9677afaa,red,0.194,12,2026-02-05 02:20:34,detection,97.3,82.8,348.0,278.5
432,det_10ec1bea,turning,0.239,24,2026-02-05 02:20:29,detection,99.5,83.8,345.5,274.4
433,det_2b6daf3f,red,0.194,12,2026-02-05 02:20:29,detection,97.3,82.8,348.0,278.5
431,det_89b8c2a4,red,0.442,12,2026-02-05 02:20:17,detection,98.1,82.2,351.9,279.8
430,det_a9de10f4,red,0.666,12,2026-02-05 02:20:13,detection,101.9,79.6,371.6,283.4
429,det_ee0b4bad,defect,0.408,0,2026-02-05 02:19:28,detection,203.7,90.9,274.9,163.4
428,det_91e04c4a,defect,0.325,0,2026-02-05 02:15:08,detection,233.6,91.5,378.0,228.4
427,det_9d8f6602,red,0.36,12,2026-02-04 17:34:04,detection,79.5,53.1,277.8,230.7
426,det_b1a45af1,red,0.36,12,2026-02-04 17:33:58,detection,79.5,53.1,277.8,230.7
425,det_b9227a65,red,0.36,12,2026-02-04 17:33:53,detection,79.5,53.1,277.8,230.7
424,det_80cc0e1c,red,0.36,12,2026-02-04 17:33:47,detection,79.5,53.1,277.8,230.7
423,det_54caa607,red,0.36,12,2026-02-04 17:33:41,detection,79.5,53.1,277.8,230.7
422,det_118e4b65,red,0.36,12,2026-02-04 17:33:36,detection,79.5,53.1,277.8,230.7
421,det_28d6122b,turning,0.507,24,2026-02-04 17:32:53,detection,110.4,72.7,294.9,248.5
420,det_0357328a,turning,0.507,24,2026-02-04 17:32:47,detection,110.4,72.7,294.9,248.5
419,det_b659773c,turning,0.507,24,2026-02-04 17:32:42,detection,110.4,72.7,294.9,248.5
418,det_80840ddc,red,0.362,12,2026-02-04 17:32:21,detection,111.6,69.5,284.1,242.1
417,det_ddd87ebf,green,0.41,31,2026-02-04 17:32:03,detection,95.6,33.4,348.4,213.4
416,det_abdd8a25,green,0.41,31,2026-02-04 17:31:57,detection,95.6,33.4,348.4,213.4
415,det_62e3faca,green,0.41,31,2026-02-04 17:31:52,detection,95.6,33.4,348.4,213.4
414,det_db8629a8,red,0.777,12,2026-02-04 17:29:26,detection,261.4,95.6,430.8,240.5
413,det_a925b311,red,0.777,12,2026-02-04 17:29:21,detection,261.4,95.6,430.8,240.5
412,det_a85f343d,red,0.777,12,2026-02-04 17:29:15,detection,261.4,95.6,430.8,240.5
411,det_6f76c7a1,red,0.777,12,2026-02-04 17:29:10,detection,261.4,95.6,430.8,240.5
410,det_c6cc5a64,red,0.605,12,2026-02-04 17:28:59,detection,215.5,0.0,427.7,165.9
409,det_5fc8f8c9,red,0.605,12,2026-02-04 17:28:54,detection,215.5,0.0,427.7,165.9
408,det_6f8d99b4,red,0.803,12,2026-02-04 17:28:47,detection,254.7,0.0,470.6,171.0
407,det_5ed67ae5,red,0.803,12,2026-02-04 17:28:42,detection,254.7,0.0,470.6,171.0
406,det_80427a44,red,0.138,12,2026-02-04 17:28:35,detection,280.6,83.8,439.4,234.8
405,det_cd6a81e5,red,0.76,12,2026-02-04 17:28:26,detection,267.0,90.3,442.2,232.2
404,det_bb044df5,red,0.198,12,2026-02-04 17:28:13,detection,243.1,56.2,447.0,227.5
403,det_f4aaafb3,turning,0.752,24,2026-02-04 17:28:05,detection,251.3,108.5,395.8,252.8
402,det_539490d2,turning,0.752,24,2026-02-04 17:27:59,detection,251.3,108.5,395.8,252.8
401,det_ac5ad4f4,red,0.564,12,2026-02-04 17:27:42,detection,263.5,33.3,444.7,211.3
400,det_bbc9481f,breaker,0.642,29,2026-02-04 17:27:27,detection,260.9,73.4,467.3,248.5
399,det_ba6c4b45,green,0.734,31,2026-02-04 17:27:20,detection,276.0,33.6,455.3,216.3
398,det_8168cba8,green,0.734,31,2026-02-04 17:27:14,detection,276.0,33.6,455.3,216.3
397,det_f49d8568,turning,0.635,24,2026-02-04 17:26:34,detection,328.5,64.8,511.5,230.2
396,det_c211741b,turning,0.635,24,2026-02-04 17:26:29,detection,328.5,64.8,511.5,230.2
395,det_dd1cf2a2,turning,0.635,24,2026-02-04 17:26:23,detection,328.5,64.8,511.5,230.2
394,det_fb7aa85b,green,0.763,31,2026-02-04 17:26:00,detection,253.2,24.5,489.5,201.2
393,det_ea145f29,green,0.718,31,2026-02-04 17:25:52,detection,238.3,0.0,488.5,168.4
392,det_16513b36,green,0.635,31,2026-02-04 17:25:46,detection,239.7,0.0,487.6,169.0
390,det_85af2105,green,0.561,31,2026-02-04 17:25:30,detection,254.6,125.4,431.6,261.7
391,det_b77f16cf,breaker,0.385,29,2026-02-04 17:25:30,detection,254.0,125.9,429.0,263.0
389,det_f8c8f3fe,turning,0.877,24,2026-02-04 17:25:21,detection,280.1,470.9,596.7,782.6
387,det_dcf5fb83,green,0.554,31,2026-02-04 17:25:19,detection,255.3,124.1,431.9,262.7
388,det_3bb84cae,breaker,0.416,29,2026-02-04 17:25:19,detection,254.6,124.8,429.6,263.7
386,det_191fd996,turning,0.877,24,2026-02-04 17:25:18,detection,280.1,470.9,596.7,782.6
385,det_34b3f6b4,turning,0.877,24,2026-02-04 17:25:14,detection,280.1,470.9,596.7,782.6
384,det_4f0f2933,turning,0.877,24,2026-02-04 17:25:08,detection,280.1,470.9,596.7,782.6
383,det_7088e345,turning,0.877,24,2026-02-04 17:25:03,detection,280.1,470.9,596.7,782.6
380,det_165843ac,turning,0.877,24,2026-02-04 17:24:58,detection,280.1,470.9,596.7,782.6
381,det_03ddcf92,green,0.417,31,2026-02-04 17:24:58,detection,281.0,83.1,467.1,259.7
382,det_ba5e0dd5,breaker,0.354,29,2026-02-04 17:24:58,detection,281.1,83.3,468.4,260.8
379,det_5d4fa425,turning,0.877,24,2026-02-04 17:24:57,detection,280.1,470.9,596.7,782.6
378,det_59ffc2e5,turning,0.877,24,2026-02-04 17:24:51,detection,280.1,470.9,596.7,782.6
376,det_e848925d,turning,0.877,24,2026-02-04 17:24:48,detection,280.1,470.9,596.7,782.6
377,det_8997932d,breaker,0.699,29,2026-02-04 17:24:48,detection,285.6,114.4,467.6,271.6
375,det_a7c13cc1,turning,0.877,24,2026-02-04 17:24:43,detection,280.1,470.9,596.7,782.6
374,det_431cd12f,turning,0.877,24,2026-02-04 17:24:37,detection,280.1,470.9,596.7,782.6
372,det_56353d12,turning,0.877,24,2026-02-04 17:24:33,detection,280.1,470.9,596.7,782.6
373,det_e7919e06,breaker,0.642,29,2026-02-04 17:24:33,detection,270.8,105.3,436.9,269.4
370,det_2a3df44b,turning,0.877,24,2026-02-04 17:24:27,detection,280.1,470.9,596.7,782.6
371,det_d81185e0,breaker,0.642,29,2026-02-04 17:24:27,detection,270.8,105.3,436.9,269.4
369,det_bc421fd9,turning,0.877,24,2026-02-04 17:24:24,detection,280.1,470.9,596.7,782.6
367,det_36135bf8,turning,0.877,24,2026-02-04 17:24:20,detection,280.1,470.9,596.7,782.6
368,det_2c984d2a,turning,0.641,24,2026-02-04 17:24:20,detection,325.9,104.8,462.6,260.6
365,det_e9f77eb8,turning,0.877,24,2026-02-04 17:24:14,detection,280.1,470.9,596.7,782.6
366,det_e428316c,turning,0.641,24,2026-02-04 17:24:14,detection,325.9,104.8,462.6,260.6
363,det_4b8a168c,turning,0.877,24,2026-02-04 17:24:08,detection,280.1,470.9,596.7,782.6
364,det_a5377059,turning,0.641,24,2026-02-04 17:24:08,detection,325.9,104.8,462.6,260.6
362,det_00df0429,turning,0.877,24,2026-02-04 17:24:04,detection,280.1,470.9,596.7,782.6
361,det_adc5a9a9,turning,0.877,24,2026-02-04 17:23:59,detection,280.1,470.9,596.7,782.6
359,det_d53cc545,turning,0.877,24,2026-02-04 17:23:56,detection,280.1,470.9,596.7,782.6
360,det_4ab5778b,red,0.251,12,2026-02-04 17:23:56,detection,256.0,70.8,427.4,230.9
358,det_799c5728,turning,0.877,24,2026-02-04 17:23:54,detection,280.1,470.9,596.7,782.6
357,det_11834701,turning,0.877,24,2026-02-04 17:23:48,detection,280.1,470.9,596.7,782.6
355,det_ca3a801d,turning,0.877,24,2026-02-04 17:23:45,detection,280.1,470.9,596.7,782.6
356,det_3a51f413,red,0.686,12,2026-02-04 17:23:45,detection,308.8,137.8,472.4,282.8
354,det_ae46692c,turning,0.877,24,2026-02-04 17:23:40,detection,280.1,470.9,596.7,782.6
353,det_853cfb96,turning,0.877,24,2026-02-04 17:23:34,detection,280.1,470.9,596.7,782.6
352,det_1bfc4eab,turning,0.877,24,2026-02-04 17:23:29,detection,280.1,470.9,596.7,782.6
351,det_191a9036,defect,0.46,0,2026-02-04 17:23:26,detection,343.8,124.8,474.6,263.3
350,det_14ce25db,turning,0.877,24,2026-02-04 17:23:25,detection,280.1,470.9,596.7,782.6
349,det_83b053a1,turning,0.877,24,2026-02-04 17:23:24,detection,280.1,470.9,596.7,782.6
348,det_c9be68b2,turning,0.877,24,2026-02-04 17:23:19,detection,280.1,470.9,596.7,782.6
347,det_4fcd1261,turning,0.877,24,2026-02-04 17:23:13,detection,280.1,470.9,596.7,782.6
346,det_fab44ab0,turning,0.877,24,2026-02-04 17:23:07,detection,280.1,470.9,596.7,782.6
345,det_4c6f3a37,turning,0.877,24,2026-02-04 17:23:02,detection,280.1,470.9,596.7,782.6
344,det_2f870dbb,turning,0.877,24,2026-02-04 17:22:56,detection,280.1,470.9,596.7,782.6
343,det_e0a639f2,turning,0.877,24,2026-02-04 17:22:51,detection,280.1,470.9,596.7,782.6
342,det_f24bb0b1,turning,0.877,24,2026-02-04 17:22:45,detection,280.1,470.9,596.7,782.6
341,det_92db51ab,turning,0.877,24,2026-02-04 17:22:40,detection,280.1,470.9,596.7,782.6
340,det_b803901b,red,0.404,12,2026-02-04 17:22:37,detection,253.3,150.2,396.6,278.6
338,det_ede22037,turning,0.877,24,2026-02-04 17:22:36,detection,280.1,470.9,596.7,782.6
339,det_d510152a,turning,0.877,24,2026-02-04 17:22:36,detection,280.1,470.9,596.7,782.6
337,det_f501d5cc,turning,0.877,24,2026-02-04 17:22:30,detection,280.1,470.9,596.7,782.6
336,det_ac376707,turning,0.877,24,2026-02-04 17:22:25,detection,280.1,470.9,596.7,782.6
335,det_ff74aff9,turning,0.877,24,2026-02-04 17:22:19,detection,280.1,470.9,596.7,782.6
334,det_8510236e,turning,0.877,24,2026-02-04 17:22:14,detection,280.1,470.9,596.7,782.6
333,det_ad704cf0,turning,0.877,24,2026-02-04 17:22:08,detection,280.1,470.9,596.7,782.6
332,det_74e0da67,turning,0.877,24,2026-02-04 17:22:03,detection,280.1,470.9,596.7,782.6
331,det_647d84b6,turning,0.877,24,2026-02-04 17:21:56,detection,280.1,470.9,596.7,782.6
329,det_5417f508,turning,0.877,24,2026-02-04 17:21:55,detection,280.1,470.9,596.7,782.6
330,det_0113eb8e,turning,0.74,24,2026-02-04 17:21:55,detection,231.7,167.2,367.4,287.1
328,det_65e8cb6f,turning,0.877,24,2026-02-04 17:21:53,detection,280.1,470.9,596.7,782.6
326,det_ed96002c,turning,0.877,24,2026-02-04 17:21:49,detection,280.1,470.9,596.7,782.6
327,det_a24855f3,turning,0.691,24,2026-02-04 17:21:49,detection,232.0,168.5,363.6,286.0
325,det_fe6d6f8b,turning,0.877,24,2026-02-04 17:21:45,detection,280.1,470.9,596.7,782.6
324,det_e29a8a57,turning,0.877,24,2026-02-04 17:21:40,detection,280.1,470.9,596.7,782.6
322,det_188248c2,turning,0.877,24,2026-02-04 17:21:38,detection,280.1,470.9,596.7,782.6
323,det_28205b79,red,0.305,12,2026-02-04 17:21:38,detection,237.5,149.5,405.7,273.5
320,det_022140fb,turning,0.877,24,2026-02-04 17:21:32,detection,280.1,470.9,596.7,782.6
321,det_1c3609ec,red,0.305,12,2026-02-04 17:21:32,detection,237.5,149.5,405.7,273.5
319,det_0206fcd6,turning,0.877,24,2026-02-04 17:21:31,detection,280.1,470.9,596.7,782.6
318,det_a38005dc,turning,0.877,24,2026-02-04 17:21:25,detection,280.1,470.9,596.7,782.6
317,det_73b43689,turning,0.877,24,2026-02-04 17:21:20,detection,280.1,470.9,596.7,782.6
316,det_09958709,turning,0.877,24,2026-02-04 17:21:14,detection,280.1,470.9,596.7,782.6
315,det_4e2202b2,turning,0.877,24,2026-02-04 17:21:08,detection,280.1,470.9,596.7,782.6
314,det_eb15621f,turning,0.877,24,2026-02-04 17:21:03,detection,280.1,470.9,596.7,782.6
313,det_10d61985,turning,0.877,24,2026-02-04 17:20:57,detection,280.1,470.9,596.7,782.6
312,det_3fad31ab,turning,0.877,24,2026-02-04 17:20:52,detection,280.1,470.9,596.7,782.6
311,det_40185c47,turning,0.877,24,2026-02-04 17:20:46,detection,280.1,470.9,596.7,782.6
310,det_100c38fb,turning,0.877,24,2026-02-04 17:20:40,detection,280.1,470.9,596.7,782.6
309,det_be05b091,turning,0.877,24,2026-02-04 17:20:35,detection,280.1,470.9,596.7,782.6
308,det_39a00834,turning,0.877,24,2026-02-04 17:20:29,detection,280.1,470.9,596.7,782.6
307,det_58cfc183,turning,0.877,24,2026-02-04 17:20:24,detection,280.1,470.9,596.7,782.6
306,det_2344f235,turning,0.877,24,2026-02-04 17:20:18,detection,280.1,470.9,596.7,782.6
305,det_b1a5567c,turning,0.877,24,2026-02-04 17:20:12,detection,280.1,470.9,596.7,782.6
304,det_c53018b8,turning,0.877,24,2026-02-04 17:20:07,detection,280.1,470.9,596.7,782.6
303,det_077bcaf4,turning,0.877,24,2026-02-04 17:20:01,detection,280.1,470.9,596.7,782.6
302,det_c0c4488b,turning,0.877,24,2026-02-04 17:19:55,detection,280.1,470.9,596.7,782.6
301,det_522d427a,red,0.787,12,2026-02-04 17:19:53,detection,300.5,517.1,687.9,892.5
300,det_f62bb35f,red,0.787,12,2026-02-04 17:19:47,detection,300.5,517.1,687.9,892.5
299,det_23c68f5d,green,0.792,31,2026-02-04 17:19:42,detection,296.1,448.8,680.2,811.6
298,det_4222a515,green,0.792,31,2026-02-04 17:19:37,detection,296.1,448.8,680.2,811.6
297,det_e2a09d9d,green,0.792,31,2026-02-04 17:19:31,detection,296.1,448.8,680.2,811.6
296,det_943ce19c,turning,0.765,24,2026-02-04 17:18:51,detection,388.2,571.3,807.9,983.6
295,det_c0fede2c,turning,0.765,24,2026-02-04 17:18:45,detection,388.2,571.3,807.9,983.6
294,det_ba5b9899,turning,0.806,24,2026-02-04 17:18:44,detection,250.0,506.8,599.7,864.7
293,det_cf2432bc,turning,0.806,24,2026-02-04 17:18:38,detection,250.0,506.8,599.7,864.7
292,det_f4d4289c,turning,0.877,24,2026-02-04 17:18:34,detection,280.1,470.9,596.7,782.6
291,det_5e6678f2,red,0.787,12,2026-02-04 17:18:30,detection,300.5,517.1,687.9,892.5
290,det_6d2dbf4c,green,0.792,31,2026-02-04 17:18:28,detection,296.1,448.8,680.2,811.6
289,det_aa8e447d,green,0.792,31,2026-02-04 17:18:23,detection,296.1,448.8,680.2,811.6
288,det_da032746,red,0.386,12,2026-02-04 17:18:02,detection,237.7,149.8,406.6,275.2
287,det_f24fbe14,defect,0.479,0,2026-02-04 17:17:23,detection,251.6,132.4,382.8,263.0
286,det_9f00be91,defect,0.369,0,2026-02-04 17:16:32,detection,299.9,122.1,451.0,263.2
285,det_990b196f,defect,0.369,0,2026-02-04 17:16:27,detection,299.9,122.1,451.0,263.2
284,det_7f2fd6c7,defect,0.369,0,2026-02-04 17:16:21,detection,299.9,122.1,451.0,263.2
283,det_718f9db8,defect,0.369,0,2026-02-04 17:16:16,detection,299.9,122.1,451.0,263.2
282,det_6175d477,defect,0.369,0,2026-02-04 17:16:10,detection,299.9,122.1,451.0,263.2
281,det_29b15ba8,defect,0.478,0,2026-02-04 17:15:34,detection,269.6,126.5,401.1,258.3
280,det_5af62f92,defect,0.478,0,2026-02-04 17:15:28,detection,269.6,126.5,401.1,258.3
279,det_b0183afb,defect,0.303,0,2026-02-04 17:14:53,detection,282.9,95.2,418.7,226.1
278,det_81b9fae7,defect,0.405,0,2026-02-04 17:13:18,detection,236.3,111.7,378.7,258.8
277,det_f23f32da,defect,0.405,0,2026-02-04 17:13:12,detection,236.3,111.7,378.7,258.8
276,det_0bcf244e,turning,0.379,24,2026-02-04 17:12:06,detection,242.2,110.7,385.9,265.6
275,det_88f3afbc,turning,0.379,24,2026-02-04 17:12:01,detection,242.2,110.7,385.9,265.6
274,det_dae34d86,turning,0.379,24,2026-02-04 17:11:55,detection,242.2,110.7,385.9,265.6
273,det_16336267,turning,0.379,24,2026-02-04 17:11:50,detection,242.2,110.7,385.9,265.6
272,det_836aee3a,turning,0.379,24,2026-02-04 17:11:44,detection,242.2,110.7,385.9,265.6
271,det_2b34bbd5,turning,0.379,24,2026-02-04 17:11:39,detection,242.2,110.7,385.9,265.6
270,det_4a8cd804,turning,0.272,24,2026-02-04 17:11:35,detection,260.4,79.3,409.6,240.2
269,det_c0cbd749,turning,0.272,24,2026-02-04 17:11:29,detection,260.4,79.3,409.6,240.2
268,det_cfb82e32,turning,0.272,24,2026-02-04 17:11:24,detection,260.4,79.3,409.6,240.2
267,det_035436f9,breaker,0.859,29,2026-02-04 17:11:09,detection,270.0,7.3,443.1,169.0
266,det_7a9c403f,breaker,0.859,29,2026-02-04 17:11:03,detection,270.0,7.3,443.1,169.0
265,det_b53a5995,breaker,0.859,29,2026-02-04 17:10:58,detection,270.0,7.3,443.1,169.0
264,det_592977e0,breaker,0.375,29,2026-02-04 17:10:54,detection,266.0,79.2,451.2,284.8
263,det_829f0786,breaker,0.375,29,2026-02-04 17:10:49,detection,266.0,79.2,451.2,284.8
262,det_e8253238,breaker,0.375,29,2026-02-04 17:10:43,detection,266.0,79.2,451.2,284.8
261,det_16925804,breaker,0.375,29,2026-02-04 17:10:38,detection,266.0,79.2,451.2,284.8
260,det_5816f66d,defect,0.315,0,2026-02-04 17:08:31,detection,265.6,90.7,406.0,257.4
259,det_e9befc07,green,0.826,31,2026-02-04 17:08:24,detection,216.7,124.0,443.1,306.9
258,det_b9c1bfb0,green,0.826,31,2026-02-04 17:08:19,detection,216.7,124.0,443.1,306.9
257,det_249f3d93,red,0.387,12,2026-02-04 17:02:49,detection,274.5,15.8,425.4,166.6
256,det_aa21f47f,red,0.387,12,2026-02-04 17:02:43,detection,274.5,15.8,425.4,166.6
255,det_749b3f9b,turning,0.264,24,2026-02-04 17:02:11,detection,249.0,4.0,401.3,160.7
254,det_7d83abc3,turning,0.264,24,2026-02-04 17:02:06,detection,249.0,4.0,401.3,160.7
253,det_9df2c69c,turning,0.765,24,2026-02-04 16:59:34,detection,388.2,571.3,807.9,983.6
252,det_db3a1d85,turning,0.765,24,2026-02-04 16:59:29,detection,388.2,571.3,807.9,983.6
251,det_c1771925,turning,0.765,24,2026-02-04 16:59:23,detection,388.2,571.3,807.9,983.6
250,det_aa1aaa70,turning,0.765,24,2026-02-04 16:59:17,detection,388.2,571.3,807.9,983.6
249,det_c4a4246d,turning,0.765,24,2026-02-04 16:59:12,detection,388.2,571.3,807.9,983.6
248,det_04a4c185,turning,0.765,24,2026-02-04 16:59:06,detection,388.2,571.3,807.9,983.6
247,det_e355a657,red,0.839,12,2026-02-04 16:58:59,detection,277.0,530.4,623.9,859.5
246,det_d8bb2a66,red,0.839,12,2026-02-04 16:58:53,detection,277.0,530.4,623.9,859.5
245,det_df93e7db,red,0.839,12,2026-02-04 16:58:47,detection,277.0,530.4,623.9,859.5
244,det_c289256a,red,0.839,12,2026-02-04 16:58:42,detection,277.0,530.4,623.9,859.5
243,det_0d202f2c,red,0.839,12,2026-02-04 16:58:36,detection,277.0,530.4,623.9,859.5
242,det_4033bc53,red,0.839,12,2026-02-04 16:58:30,detection,277.0,530.4,623.9,859.5
241,det_ae7c17ff,red,0.839,12,2026-02-04 16:58:25,detection,277.0,530.4,623.9,859.5
240,det_66b3fd71,red,0.839,12,2026-02-04 16:58:19,detection,277.0,530.4,623.9,859.5
239,det_730823fa,red,0.839,12,2026-02-04 16:58:14,detection,277.0,530.4,623.9,859.5
238,det_ac72e5e9,red,0.839,12,2026-02-04 16:58:08,detection,277.0,530.4,623.9,859.5
237,det_9eebb675,red,0.839,12,2026-02-04 16:58:03,detection,277.0,530.4,623.9,859.5
236,det_1e551457,red,0.839,12,2026-02-04 16:57:57,detection,277.0,530.4,623.9,859.5
235,det_d1928390,red,0.839,12,2026-02-04 16:57:52,detection,277.0,530.4,623.9,859.5
234,det_68b5bd95,red,0.839,12,2026-02-04 16:57:46,detection,277.0,530.4,623.9,859.5
233,det_4ccc3874,red,0.839,12,2026-02-04 16:57:41,detection,277.0,530.4,623.9,859.5
232,det_e50dcf67,red,0.839,12,2026-02-04 16:57:35,detection,277.0,530.4,623.9,859.5
231,det_195c31e7,red,0.839,12,2026-02-04 16:57:30,detection,277.0,530.4,623.9,859.5
230,det_dbc145cc,red,0.839,12,2026-02-04 16:57:17,detection,277.0,530.4,623.9,859.5
229,det_b66c7522,red,0.839,12,2026-02-04 16:57:11,detection,277.0,530.4,623.9,859.5
228,det_0527b3da,defect,0.804,0,2026-02-04 16:52:59,detection,993.7,1514.9,1568.2,2071.4
227,det_6cb8c85d,defect,0.804,0,2026-02-04 16:52:53,detection,993.7,1514.9,1568.2,2071.4
226,det_86759f5c,defect,0.804,0,2026-02-04 16:52:47,detection,993.7,1514.9,1568.2,2071.4
225,det_d7feed5e,defect,0.804,0,2026-02-04 16:52:44,detection,993.7,1514.9,1568.2,2071.4
223,det_91b51b1b,defect,0.804,0,2026-02-04 16:52:38,detection,993.7,1514.9,1568.2,2071.4
224,det_4ac013d0,defect,0.804,0,2026-02-04 16:52:38,detection,993.7,1514.9,1568.2,2071.4
221,det_cfb7706d,defect,0.804,0,2026-02-04 16:52:32,detection,993.7,1514.9,1568.2,2071.4
222,det_d3600640,red,0.252,12,2026-02-04 16:52:32,detection,109.9,123.7,339.6,290.9
220,det_1285f4f5,defect,0.804,0,2026-02-04 16:52:29,detection,993.7,1514.9,1568.2,2071.4
218,det_3e649de9,defect,0.804,0,2026-02-04 16:52:25,detection,993.7,1514.9,1568.2,2071.4
219,det_a52dcc86,red,0.115,12,2026-02-04 16:52:25,detection,152.1,123.3,379.8,287.2
217,det_89a40bbd,defect,0.804,0,2026-02-04 16:52:22,detection,993.7,1514.9,1568.2,2071.4
216,det_66e78412,defect,0.804,0,2026-02-04 16:52:16,detection,993.7,1514.9,1568.2,2071.4
215,det_d715c089,defect,0.804,0,2026-02-04 16:52:13,detection,993.7,1514.9,1568.2,2071.4
214,det_859a6c2f,defect,0.804,0,2026-02-04 16:52:10,detection,993.7,1514.9,1568.2,2071.4
213,det_a6358cb4,defect,0.804,0,2026-02-04 16:52:07,detection,993.7,1514.9,1568.2,2071.4
212,det_ae5b2603,defect,0.804,0,2026-02-04 16:52:01,detection,993.7,1514.9,1568.2,2071.4
211,det_6ced341a,defect,0.804,0,2026-02-04 16:51:55,detection,993.7,1514.9,1568.2,2071.4
210,det_ee17405f,defect,0.804,0,2026-02-04 16:51:51,detection,993.7,1514.9,1568.2,2071.4
209,det_d2268a27,red,0.305,12,2026-02-04 16:51:48,detection,227.6,143.1,428.7,286.1
208,det_410b1031,defect,0.804,0,2026-02-04 16:51:47,detection,993.7,1514.9,1568.2,2071.4
207,det_09960db6,red,0.305,12,2026-02-04 16:51:42,detection,227.6,143.1,428.7,286.1
206,det_e57c7029,defect,0.804,0,2026-02-04 16:51:41,detection,993.7,1514.9,1568.2,2071.4
205,det_6fb3c3a3,red,0.305,12,2026-02-04 16:51:36,detection,227.6,143.1,428.7,286.1
204,det_afa7ed5d,defect,0.804,0,2026-02-04 16:51:35,detection,993.7,1514.9,1568.2,2071.4
203,det_ce676594,red,0.305,12,2026-02-04 16:51:31,detection,227.6,143.1,428.7,286.1
202,det_b8aae99a,red,0.305,12,2026-02-04 16:51:26,detection,227.6,143.1,428.7,286.1
201,det_61437d92,red,0.305,12,2026-02-04 16:51:20,detection,227.6,143.1,428.7,286.1
200,det_1c971914,red,0.305,12,2026-02-04 16:51:15,detection,227.6,143.1,428.7,286.1
199,det_c9995241,red,0.305,12,2026-02-04 16:51:09,detection,227.6,143.1,428.7,286.1
198,det_779c554a,red,0.305,12,2026-02-04 16:51:04,detection,227.6,143.1,428.7,286.1
197,det_02f9c096,red,0.305,12,2026-02-04 16:50:58,detection,227.6,143.1,428.7,286.1
196,det_b204502d,red,0.305,12,2026-02-04 16:50:53,detection,227.6,143.1,428.7,286.1
194,det_ff4243fa,defect,0.391,0,2026-02-04 16:49:31,detection,282.8,95.6,409.6,251.6
195,det_1d57b6b6,defect,0.161,0,2026-02-04 16:49:31,detection,325.6,156.0,385.0,206.1
192,det_84266e55,defect,0.391,0,2026-02-04 16:49:26,detection,282.8,95.6,409.6,251.6
193,det_75a53c69,defect,0.161,0,2026-02-04 16:49:26,detection,325.6,156.0,385.0,206.1
190,det_ee6e777f,defect,0.391,0,2026-02-04 16:49:20,detection,282.8,95.6,409.6,251.6
191,det_1843e49b,defect,0.161,0,2026-02-04 16:49:20,detection,325.6,156.0,385.0,206.1
188,det_fe7f4760,defect,0.391,0,2026-02-04 16:49:15,detection,282.8,95.6,409.6,251.6
189,det_14e92368,defect,0.161,0,2026-02-04 16:49:15,detection,325.6,156.0,385.0,206.1
186,det_0c335a84,defect,0.391,0,2026-02-04 16:49:09,detection,282.8,95.6,409.6,251.6
187,det_347e37e0,defect,0.161,0,2026-02-04 16:49:09,detection,325.6,156.0,385.0,206.1
185,det_8f13ae1b,breaker,0.81,29,2026-02-04 16:47:56,detection,221.5,78.2,400.8,282.2
184,det_e13a028e,breaker,0.81,29,2026-02-04 16:47:51,detection,221.5,78.2,400.8,282.2
183,det_cdbefacc,breaker,0.81,29,2026-02-04 16:47:45,detection,221.5,78.2,400.8,282.2
182,det_de39ca64,breaker,0.81,29,2026-02-04 16:47:40,detection,221.5,78.2,400.8,282.2
181,det_30e00e6e,green,0.484,31,2026-02-04 16:47:23,detection,253.2,100.4,427.8,284.2
180,det_fb8e05b3,green,0.484,31,2026-02-04 16:47:17,detection,253.2,100.4,427.8,284.2
179,det_2c25ae55,green,0.484,31,2026-02-04 16:47:12,detection,253.2,100.4,427.8,284.2
178,det_aaf4213f,green,0.484,31,2026-02-04 16:47:06,detection,253.2,100.4,427.8,284.2
177,det_a689e601,green,0.484,31,2026-02-04 16:47:01,detection,253.2,100.4,427.8,284.2
176,det_d700e884,green,0.484,31,2026-02-04 16:46:55,detection,253.2,100.4,427.8,284.2
175,det_81e3fa1c,turning,0.364,24,2026-02-04 16:46:19,detection,302.0,108.1,450.6,267.5
174,det_f7e95a9e,turning,0.364,24,2026-02-04 16:46:14,detection,302.0,108.1,450.6,267.5
173,det_9f955a20,red,0.527,12,2026-02-04 16:44:51,detection,283.3,122.8,487.6,295.3
172,det_81cb41b4,red,0.527,12,2026-02-04 16:44:46,detection,283.3,122.8,487.6,295.3
171,det_4f75c35b,red,0.527,12,2026-02-04 16:44:40,detection,283.3,122.8,487.6,295.3
170,det_db422f7c,red,0.527,12,2026-02-04 16:44:34,detection,283.3,122.8,487.6,295.3
169,det_42eb5cee,red,0.527,12,2026-02-04 16:44:29,detection,283.3,122.8,487.6,295.3
168,det_c4952ecb,red,0.527,12,2026-02-04 16:44:23,detection,283.3,122.8,487.6,295.3
167,det_916d0222,red,0.527,12,2026-02-04 16:44:18,detection,283.3,122.8,487.6,295.3
166,det_b47a633c,red,0.139,12,2026-02-04 16:39:46,detection,277.5,167.9,513.9,383.7
165,det_57f3b288,red,0.123,12,2026-02-04 16:39:36,detection,278.7,170.4,511.8,382.6
164,det_5b130519,red,0.461,12,2026-02-04 16:39:28,detection,293.1,167.9,561.4,398.8
163,det_3d08cf33,red,0.262,12,2026-02-04 16:39:15,detection,290.6,123.1,491.6,293.0
162,det_d7eeb991,red,0.262,12,2026-02-04 16:39:13,detection,290.6,123.1,491.6,293.0
161,det_627f1b64,red,0.262,12,2026-02-04 16:39:08,detection,290.6,123.1,491.6,293.0
160,det_357bfcab,red,0.262,12,2026-02-04 16:39:02,detection,290.6,123.1,491.6,293.0
159,det_ec1b790c,red,0.118,12,2026-02-04 16:38:32,detection,289.7,170.8,516.1,380.7
158,det_8739044a,red,0.119,12,2026-02-04 16:38:21,detection,283.6,167.7,522.5,383.1
157,det_4223a91c,red,0.562,12,2026-02-04 16:38:20,detection,270.5,161.4,539.9,392.3
156,det_c6e2e4ff,red,0.132,12,2026-02-04 16:37:30,detection,285.2,167.5,518.4,382.9
155,det_2ba32ba7,red,0.101,12,2026-02-04 16:37:27,detection,286.4,169.3,517.1,382.0
154,det_910f87e3,red,0.182,12,2026-02-04 16:37:17,detection,285.5,168.5,518.6,383.4
153,det_4f4cd341,defect,0.199,0,2026-02-04 16:37:10,detection,269.2,397.1,350.3,480.0
152,det_87ec701a,red,0.198,12,2026-02-04 16:36:49,detection,257.3,260.7,482.5,473.3
151,det_42e3cf5f,red,0.178,12,2026-02-04 16:36:36,detection,276.2,197.7,455.5,362.0
150,det_6cf02b0f,red,0.178,12,2026-02-04 16:36:32,detection,276.2,197.7,455.5,362.0
149,det_f9e98119,red,0.178,12,2026-02-04 16:36:26,detection,276.2,197.7,455.5,362.0
148,det_42ce8ce5,defect,0.797,0,2026-02-04 16:34:25,detection,1.6,0.0,1600.0,1204.0
147,det_3dd08f16,defect,0.797,0,2026-02-04 16:34:19,detection,1.6,0.0,1600.0,1204.0
146,det_d3a8e740,defect,0.797,0,2026-02-04 16:34:12,detection,1.6,0.0,1600.0,1204.0
145,det_708ed359,defect,0.797,0,2026-02-04 16:34:06,detection,1.6,0.0,1600.0,1204.0
144,det_08e6902e,defect,0.797,0,2026-02-04 16:34:00,detection,1.6,0.0,1600.0,1204.0
143,det_a6475f1b,defect,0.797,0,2026-02-04 16:33:54,detection,1.6,0.0,1600.0,1204.0
142,det_7af6b41e,defect,0.797,0,2026-02-04 16:33:48,detection,1.6,0.0,1600.0,1204.0
141,det_dde2f67a,defect,0.797,0,2026-02-04 16:33:42,detection,1.6,0.0,1600.0,1204.0
140,det_b5396582,defect,0.797,0,2026-02-04 16:33:36,detection,1.6,0.0,1600.0,1204.0
139,det_58509d1c,defect,0.797,0,2026-02-04 16:33:31,detection,1.6,0.0,1600.0,1204.0
138,det_d89142f5,defect,0.797,0,2026-02-04 16:33:25,detection,1.6,0.0,1600.0,1204.0
137,det_bc5f7398,defect,0.797,0,2026-02-04 16:33:19,detection,1.6,0.0,1600.0,1204.0
136,det_4b65ee3d,defect,0.797,0,2026-02-04 16:33:13,detection,1.6,0.0,1600.0,1204.0
135,det_df93782c,defect,0.797,0,2026-02-04 16:33:07,detection,1.6,0.0,1600.0,1204.0
134,det_a8b481d2,defect,0.797,0,2026-02-04 16:33:02,detection,1.6,0.0,1600.0,1204.0
133,det_0d208b93,defect,0.797,0,2026-02-04 16:32:56,detection,1.6,0.0,1600.0,1204.0
132,det_d06d7806,defect,0.797,0,2026-02-04 16:32:50,detection,1.6,0.0,1600.0,1204.0
131,det_99d6695a,defect,0.797,0,2026-02-04 16:32:44,detection,1.6,0.0,1600.0,1204.0
130,det_86642b41,defect,0.797,0,2026-02-04 16:32:39,detection,1.6,0.0,1600.0,1204.0
129,det_9c4b7683,defect,0.797,0,2026-02-04 16:32:33,detection,1.6,0.0,1600.0,1204.0
128,det_b09d1027,defect,0.797,0,2026-02-04 16:32:27,detection,1.6,0.0,1600.0,1204.0
127,det_87d78642,defect,0.797,0,2026-02-04 16:32:21,detection,1.6,0.0,1600.0,1204.0
126,det_8cfe158f,defect,0.797,0,2026-02-04 16:32:15,detection,1.6,0.0,1600.0,1204.0
125,det_968984b5,defect,0.797,0,2026-02-04 16:32:10,detection,1.6,0.0,1600.0,1204.0
124,det_4c31ddb1,defect,0.797,0,2026-02-04 16:32:03,detection,1.6,0.0,1600.0,1204.0
123,det_264332e0,defect,0.797,0,2026-02-04 16:31:57,detection,1.6,0.0,1600.0,1204.0
122,det_17374deb,defect,0.797,0,2026-02-04 16:31:52,detection,1.6,0.0,1600.0,1204.0
121,det_9ff719ec,defect,0.797,0,2026-02-04 16:31:46,detection,1.6,0.0,1600.0,1204.0
120,det_7381b374,defect,0.797,0,2026-02-04 16:31:40,detection,1.6,0.0,1600.0,1204.0
119,det_36e74593,defect,0.797,0,2026-02-04 16:31:34,detection,1.6,0.0,1600.0,1204.0
118,det_71fbad10,defect,0.797,0,2026-02-04 16:31:29,detection,1.6,0.0,1600.0,1204.0
117,det_b443033e,defect,0.797,0,2026-02-04 16:31:23,detection,1.6,0.0,1600.0,1204.0
116,det_fc06cf90,defect,0.797,0,2026-02-04 16:31:17,detection,1.6,0.0,1600.0,1204.0
115,det_393815a0,defect,0.797,0,2026-02-04 16:31:11,detection,1.6,0.0,1600.0,1204.0
114,det_0a196c20,defect,0.797,0,2026-02-04 16:31:05,detection,1.6,0.0,1600.0,1204.0
113,det_17525c71,defect,0.797,0,2026-02-04 16:30:59,detection,1.6,0.0,1600.0,1204.0
112,det_80c7c318,defect,0.797,0,2026-02-04 16:30:53,detection,1.6,0.0,1600.0,1204.0
111,det_f5a28a87,defect,0.797,0,2026-02-04 16:30:51,detection,1.6,0.0,1600.0,1204.0
110,det_8755cb5f,defect,0.797,0,2026-02-04 16:30:45,detection,1.6,0.0,1600.0,1204.0
109,det_4c67ccb9,defect,0.797,0,2026-02-04 16:30:39,detection,1.6,0.0,1600.0,1204.0
108,det_c598e48a,defect,0.797,0,2026-02-04 16:30:34,detection,1.6,0.0,1600.0,1204.0
107,det_d04329ed,defect,0.797,0,2026-02-04 16:30:28,detection,1.6,0.0,1600.0,1204.0
106,det_78c2747a,red,0.451,12,2026-02-04 16:16:29,detection,249.7,202.4,504.3,398.2
105,det_e990b5b5,red,0.451,12,2026-02-04 16:16:23,detection,249.7,202.4,504.3,398.2
104,det_5bb3d47f,red,0.451,12,2026-02-04 16:16:18,detection,249.7,202.4,504.3,398.2
103,det_5c9c74c2,green,0.807,31,2026-02-04 16:16:09,detection,242.3,197.8,485.5,411.0
102,det_ba0abd52,green,0.807,31,2026-02-04 16:16:03,detection,242.3,197.8,485.5,411.0
101,det_0cac2f1f,green,0.807,31,2026-02-04 16:15:58,detection,242.3,197.8,485.5,411.0
100,det_07e25d45,green,0.807,31,2026-02-04 16:15:52,detection,242.3,197.8,485.5,411.0
99,det_45403ff8,defect,0.376,0,2026-02-04 16:15:45,detection,252.1,147.4,437.2,364.5
98,det_c8d44a01,defect,0.376,0,2026-02-04 16:15:40,detection,252.1,147.4,437.2,364.5
97,det_d3bcf0b7,defect,0.376,0,2026-02-04 16:15:34,detection,252.1,147.4,437.2,364.5
95,det_b5b9f615,turning,0.138,24,2026-02-04 16:14:47,detection,194.1,113.5,336.6,278.5
96,det_15782238,defect,0.104,0,2026-02-04 16:14:47,detection,194.7,113.3,336.8,278.1
94,det_8e27511f,red,0.124,12,2026-02-04 16:08:03,detection,268.6,150.9,459.2,290.8
93,det_475cd303,red,0.124,12,2026-02-04 16:07:57,detection,268.6,150.9,459.2,290.8
92,det_108c812f,red,0.124,12,2026-02-04 16:07:52,detection,268.6,150.9,459.2,290.8
91,det_d5638a37,red,0.124,12,2026-02-04 16:07:46,detection,268.6,150.9,459.2,290.8
90,det_8c2d8de7,red,0.124,12,2026-02-04 16:07:41,detection,268.6,150.9,459.2,290.8
89,det_36e4c6ec,red,0.124,12,2026-02-04 16:07:35,detection,268.6,150.9,459.2,290.8
88,det_c4c11feb,green,0.807,31,2026-02-04 16:04:25,detection,199.1,100.2,472.8,304.5
87,det_fe2716fb,green,0.807,31,2026-02-04 16:04:20,detection,199.1,100.2,472.8,304.5
86,det_fc0c5957,green,0.807,31,2026-02-04 16:04:14,detection,199.1,100.2,472.8,304.5
85,det_a600f5b4,green,0.807,31,2026-02-04 16:04:09,detection,199.1,100.2,472.8,304.5
84,det_62bd7def,green,0.807,31,2026-02-04 16:04:03,detection,199.1,100.2,472.8,304.5
83,det_0b2a7427,green,0.807,31,2026-02-04 16:03:57,detection,199.1,100.2,472.8,304.5
82,det_e7365349,green,0.807,31,2026-02-04 16:03:52,detection,199.1,100.2,472.8,304.5
81,det_a9ad2afe,green,0.807,31,2026-02-04 16:03:46,detection,199.1,100.2,472.8,304.5
80,det_e7b75e75,green,0.807,31,2026-02-04 16:03:41,detection,199.1,100.2,472.8,304.5
79,det_ed76e5d5,green,0.807,31,2026-02-04 16:03:35,detection,199.1,100.2,472.8,304.5
78,det_af7630d3,green,0.807,31,2026-02-04 16:03:30,detection,199.1,100.2,472.8,304.5
77,det_74e56c7c,breaker,0.667,29,2026-02-04 16:03:23,detection,246.0,49.5,483.8,315.1
76,det_98ef43b5,breaker,0.667,29,2026-02-04 16:03:17,detection,246.0,49.5,483.8,315.1
73,det_6b912a55,defect,0.484,0,2026-02-04 16:02:01,detection,3.2,0.0,650.6,488.0
74,det_1a6e05dd,red,0.192,12,2026-02-04 16:02:01,detection,218.6,0.0,472.6,82.8
75,det_8b89502b,defect,0.125,0,2026-02-04 16:02:01,detection,219.8,0.0,471.2,83.7
72,det_8e26b34c,turning,0.538,24,2026-02-04 16:01:23,detection,276.5,205.4,459.3,404.3
71,det_982b488f,turning,0.538,24,2026-02-04 16:01:18,detection,276.5,205.4,459.3,404.3
70,det_da18582b,turning,0.538,24,2026-02-04 16:01:12,detection,276.5,205.4,459.3,404.3
69,det_774944e8,turning,0.538,24,2026-02-04 16:01:07,detection,276.5,205.4,459.3,404.3
68,det_a9707d93,turning,0.51,24,2026-02-04 15:55:42,detection,451.0,564.7,898.0,994.7
67,det_7869ae16,turning,0.51,24,2026-02-04 15:55:37,detection,451.0,564.7,898.0,994.7
66,det_0e919152,turning,0.51,24,2026-02-04 15:55:31,detection,451.0,564.7,898.0,994.7
65,det_99a99590,turning,0.51,24,2026-02-04 15:55:25,detection,451.0,564.7,898.0,994.7
64,det_93612509,turning,0.51,24,2026-02-04 15:55:20,detection,451.0,564.7,898.0,994.7
63,det_5bc7c7ae,turning,0.51,24,2026-02-04 15:55:14,detection,451.0,564.7,898.0,994.7
62,det_67d6b318,turning,0.51,24,2026-02-04 15:55:09,detection,451.0,564.7,898.0,994.7
61,det_a16e006f,turning,0.51,24,2026-02-04 15:55:03,detection,451.0,564.7,898.0,994.7
60,det_b73ab8bc,turning,0.51,24,2026-02-04 15:54:58,detection,451.0,564.7,898.0,994.7
59,det_e1acb1fe,turning,0.51,24,2026-02-04 15:54:52,detection,451.0,564.7,898.0,994.7
58,det_d9fae4c3,turning,0.51,24,2026-02-04 15:54:47,detection,451.0,564.7,898.0,994.7
57,det_fef600ab,turning,0.51,24,2026-02-04 15:54:41,detection,451.0,564.7,898.0,994.7
56,det_88ba0977,turning,0.51,24,2026-02-04 15:54:36,detection,451.0,564.7,898.0,994.7
55,det_5093af7e,turning,0.51,24,2026-02-04 15:54:30,detection,451.0,564.7,898.0,994.7
54,det_5cb797c0,turning,0.51,24,2026-02-04 15:54:25,detection,451.0,564.7,898.0,994.7
53,det_9493bf86,turning,0.51,24,2026-02-04 15:54:19,detection,451.0,564.7,898.0,994.7
52,det_8c60f1bf,turning,0.51,24,2026-02-04 15:54:14,detection,451.0,564.7,898.0,994.7
51,det_1faaa74c,turning,0.51,24,2026-02-04 15:54:08,detection,451.0,564.7,898.0,994.7
50,det_c2938637,turning,0.51,24,2026-02-04 15:54:03,detection,451.0,564.7,898.0,994.7
49,det_af43c878,turning,0.51,24,2026-02-04 15:53:57,detection,451.0,564.7,898.0,994.7
48,det_3f31e1ed,turning,0.51,24,2026-02-04 15:53:52,detection,451.0,564.7,898.0,994.7
47,det_56b0bf39,turning,0.51,24,2026-02-04 15:53:46,detection,451.0,564.7,898.0,994.7
46,det_c33ed4b3,turning,0.51,24,2026-02-04 15:53:41,detection,451.0,564.7,898.0,994.7
45,det_f6bc9f16,turning,0.51,24,2026-02-04 15:53:35,detection,451.0,564.7,898.0,994.7
44,det_df244629,turning,0.51,24,2026-02-04 15:53:30,detection,451.0,564.7,898.0,994.7
43,det_f8453d60,turning,0.51,24,2026-02-04 15:53:24,detection,451.0,564.7,898.0,994.7
42,det_cb4008b9,turning,0.51,24,2026-02-04 15:53:19,detection,451.0,564.7,898.0,994.7
41,det_a135bb69,turning,0.51,24,2026-02-04 15:53:13,detection,451.0,564.7,898.0,994.7
40,det_8fe4557c,turning,0.51,24,2026-02-04 15:53:08,detection,451.0,564.7,898.0,994.7
39,det_be62f18f,turning,0.51,24,2026-02-04 15:53:02,detection,451.0,564.7,898.0,994.7
38,det_9f7df148,turning,0.51,24,2026-02-04 15:52:56,detection,451.0,564.7,898.0,994.7
37,det_c53b6cfd,defect,0.527,0,2026-02-04 15:41:31,detection,180.1,144.7,326.1,273.6
36,det_dd178371,defect,0.527,0,2026-02-04 15:41:25,detection,180.1,144.7,326.1,273.6
35,det_ec20e9ac,defect,0.527,0,2026-02-04 15:41:20,detection,180.1,144.7,326.1,273.6
34,det_f1815673,defect,0.527,0,2026-02-04 15:41:14,detection,180.1,144.7,326.1,273.6
33,det_237a307a,defect,0.527,0,2026-02-04 15:41:09,detection,180.1,144.7,326.1,273.6
32,det_9e36ed98,defect,0.527,0,2026-02-04 15:41:03,detection,180.1,144.7,326.1,273.6
31,det_825c4dc6,defect,0.558,0,2026-02-04 15:40:54,detection,180.7,144.5,326.2,273.7
30,det_f63f09f4,defect,0.558,0,2026-02-04 15:40:49,detection,180.7,144.5,326.2,273.7
29,det_2f8b2c50,defect,0.558,0,2026-02-04 15:40:43,detection,180.7,144.5,326.2,273.7
28,det_5e177c53,defect,0.558,0,2026-02-04 15:40:37,detection,180.7,144.5,326.2,273.7
27,det_2ff053a8,defect,0.558,0,2026-02-04 15:40:32,detection,180.7,144.5,326.2,273.7
26,det_ea4fc05a,defect,0.558,0,2026-02-04 15:40:26,detection,180.7,144.5,326.2,273.7
25,det_46b5b0ee,defect,0.558,0,2026-02-04 15:40:21,detection,180.7,144.5,326.2,273.7
24,det_240e583a,defect,0.558,0,2026-02-04 15:40:15,detection,180.7,144.5,326.2,273.7
23,det_fd0d7ef4,defect,0.558,0,2026-02-04 15:40:10,detection,180.7,144.5,326.2,273.7
22,det_7f4b339a,defect,0.558,0,2026-02-04 15:40:04,detection,180.7,144.5,326.2,273.7
21,det_20ad75f9,turning,0.802,24,2026-02-04 15:40:01,detection,170.2,140.9,320.5,276.8
20,det_52176aba,turning,0.802,24,2026-02-04 15:39:56,detection,170.2,140.9,320.5,276.8
19,det_50fb7833,turning,0.802,24,2026-02-04 15:39:50,detection,170.2,140.9,320.5,276.8
18,det_11d76568,turning,0.802,24,2026-02-04 15:39:45,detection,170.2,140.9,320.5,276.8
17,det_7c4cd015,turning,0.802,24,2026-02-04 15:39:39,detection,170.2,140.9,320.5,276.8
16,det_af6d4628,turning,0.802,24,2026-02-04 15:39:34,detection,170.2,140.9,320.5,276.8
15,det_db93aff5,turning,0.802,24,2026-02-04 15:39:28,detection,170.2,140.9,320.5,276.8
14,det_8846a0cd,breaker,0.374,29,2026-02-04 15:35:19,detection,191.8,140.4,337.8,305.1
13,det_b59421b4,breaker,0.374,29,2026-02-04 15:35:12,detection,191.8,140.4,337.8,305.1
12,det_85488772,breaker,0.374,29,2026-02-04 15:35:06,detection,191.8,140.4,337.8,305.1
11,det_861d1ae7,breaker,0.374,29,2026-02-04 15:35:01,detection,191.8,140.4,337.8,305.1
10,det_a2dc1003,breaker,0.374,29,2026-02-04 15:34:55,detection,191.8,140.4,337.8,305.1
9,det_18c427d0,green,0.653,31,2026-02-04 15:33:35,detection,175.9,89.2,327.2,249.4
8,det_51fd8ecb,green,0.653,31,2026-02-04 15:33:29,detection,175.9,89.2,327.2,249.4
7,det_cc6624b7,green,0.653,31,2026-02-04 15:33:23,detection,175.9,89.2,327.2,249.4
6,det_f496f138,green,0.653,31,2026-02-04 15:33:18,detection,175.9,89.2,327.2,249.4
5,det_4b839c10,green,0.653,31,2026-02-04 15:33:12,detection,175.9,89.2,327.2,249.4
4,det_5d29da65,green,0.477,31,2026-02-04 15:27:23,detection,164.0,106.7,311.5,269.5
3,det_f0730543,green,0.477,31,2026-02-04 15:27:17,detection,164.0,106.7,311.5,269.5
2,det_83ccf0f0,green,0.477,31,2026-02-04 15:27:12,detection,164.0,106.7,311.5,269.5
1,det_8201c2f3,green,0.477,31,2026-02-04 15:27:06,detection,164.0,106.7,311.5,269.5
