2026-07-29 20:08:33.033 Uvicorn server started on :::8501

  You can now view your Streamlit app in your browser.

  Local URL: http://localhost:8501
  Network URL: http://192.168.8.109:8501

2026-07-29 20:08:35.653 Please replace `use_container_width` with `width`.

`use_container_width` will be removed after 2025-12-31.

For `use_container_width=True`, use `width='stretch'`. For `use_container_width=False`, use `width='content'`.
2026-07-29 20:08:35.824 Please replace `use_container_width` with `width`.

`use_container_width` will be removed after 2025-12-31.

For `use_container_width=True`, use `width='stretch'`. For `use_container_width=False`, use `width='content'`.
2026-07-29 20:08:36.881 Uncaught app execution
Traceback (most recent call last):
  File "D:\Research\Tomato_Projet_five_class--Deplyment-Model--Tomato-Research--\.venv\Lib\site-packages\streamlit\runtime\scriptrunner\exec_code.py", line 129, in exec_func_with_error_handling
    result = func()
             ^^^^^^
  File "D:\Research\Tomato_Projet_five_class--Deplyment-Model--Tomato-Research--\.venv\Lib\site-packages\streamlit\runtime\scriptrunner\script_runner.py", line 807, in code_to_exec
    exec(code, module.__dict__)  # noqa: S102
    ^^^^^^^^^^^^^^^^^^^^^^^^^^^
  File "D:\Research\Tomato_Projet_five_class--Deplyment-Model--Tomato-Research--\dashboard_app.py", line 197, in <module>
    render_kpis(kpi_placeholder)
  File "D:\Research\Tomato_Projet_five_class--Deplyment-Model--Tomato-Research--\dashboard_app.py", line 182, in render_kpis
    fig = go.Figure(data=[go.Pie(labels=labels, values=values,
                          ^^^^^^^^^^^^^^^^^^^^^^^^^^^^^^^^^^^^
  File "D:\Research\Tomato_Projet_five_class--Deplyment-Model--Tomato-Research--\.venv\Lib\site-packages\plotly\graph_objs\_pie.py", line 2023, in __init__
    self._set_property("labels", arg, labels)
  File "D:\Research\Tomato_Projet_five_class--Deplyment-Model--Tomato-Research--\.venv\Lib\site-packages\plotly\basedatatypes.py", line 4403, in _set_property
    _set_property_provided_value(self, name, arg, provided)
  File "D:\Research\Tomato_Projet_five_class--Deplyment-Model--Tomato-Research--\.venv\Lib\site-packages\plotly\basedatatypes.py", line 398, in _set_property_provided_value
    obj[name] = val
    ~~~^^^^^^
  File "D:\Research\Tomato_Projet_five_class--Deplyment-Model--Tomato-Research--\.venv\Lib\site-packages\plotly\basedatatypes.py", line 4932, in __setitem__
    self._set_prop(prop, value)
  File "D:\Research\Tomato_Projet_five_class--Deplyment-Model--Tomato-Research--\.venv\Lib\site-packages\plotly\basedatatypes.py", line 5271, in _set_prop
    val = validator.validate_coerce(val)
          ^^^^^^^^^^^^^^^^^^^^^^^^^^^^^^
  File "D:\Research\Tomato_Projet_five_class--Deplyment-Model--Tomato-Research--\.venv\Lib\site-packages\_plotly_utils\basevalidators.py", line 419, in validate_coerce
    elif is_homogeneous_array(v):
         ^^^^^^^^^^^^^^^^^^^^^^^
  File "D:\Research\Tomato_Projet_five_class--Deplyment-Model--Tomato-Research--\.venv\Lib\site-packages\_plotly_utils\basevalidators.py", line 199, in is_homogeneous_array
    or (pd and isinstance(v, (pd.Series, pd.Index)))
                              ^^^^^^^^^
AttributeError: partially initialized module 'pandas' has no attribute 'Series' (most likely due to a circular import)
2026-07-29 20:09:04.124 Please replace `use_container_width` with `width`.

`use_container_width` will be removed after 2025-12-31.

For `use_container_width=True`, use `width='stretch'`. For `use_container_width=False`, use `width='content'`.
2026-07-29 20:09:04.124 Please replace `use_container_width` with `width`.

`use_container_width` will be removed after 2025-12-31.

For `use_container_width=True`, use `width='stretch'`. For `use_container_width=False`, use `width='content'`.
2026-07-29 20:09:12.051 Please replace `use_container_width` with `width`.

`use_container_width` will be removed after 2025-12-31.

For `use_container_width=True`, use `width='stretch'`. For `use_container_width=False`, use `width='content'`.
2026-07-29 20:09:12.088 Please replace `use_container_width` with `width`.

`use_container_width` will be removed after 2025-12-31.

For `use_container_width=True`, use `width='stretch'`. For `use_container_width=False`, use `width='content'`.
2026-07-29 20:09:12.089 Please replace `use_container_width` with `width`.

`use_container_width` will be removed after 2025-12-31.

For `use_container_width=True`, use `width='stretch'`. For `use_container_width=False`, use `width='content'`.
2026-07-29 20:09:12.139 Please replace `use_container_width` with `width`.

`use_container_width` will be removed after 2025-12-31.

For `use_container_width=True`, use `width='stretch'`. For `use_container_width=False`, use `width='content'`.
2026-07-29 20:09:12.190 Please replace `use_container_width` with `width`.

`use_container_width` will be removed after 2025-12-31.

For `use_container_width=True`, use `width='stretch'`. For `use_container_width=False`, use `width='content'`.
2026-07-29 20:09:12.233 Please replace `use_container_width` with `width`.

`use_container_width` will be removed after 2025-12-31.

For `use_container_width=True`, use `width='stretch'`. For `use_container_width=False`, use `width='content'`.
2026-07-29 20:09:12.281 Please replace `use_container_width` with `width`.

`use_container_width` will be removed after 2025-12-31.

For `use_container_width=True`, use `width='stretch'`. For `use_container_width=False`, use `width='content'`.
2026-07-29 20:09:12.331 Please replace `use_container_width` with `width`.

`use_container_width` will be removed after 2025-12-31.

For `use_container_width=True`, use `width='stretch'`. For `use_container_width=False`, use `width='content'`.
2026-07-29 20:09:12.376 Please replace `use_container_width` with `width`.

`use_container_width` will be removed after 2025-12-31.

For `use_container_width=True`, use `width='stretch'`. For `use_container_width=False`, use `width='content'`.
2026-07-29 20:09:12.439 Please replace `use_container_width` with `width`.

`use_container_width` will be removed after 2025-12-31.

For `use_container_width=True`, use `width='stretch'`. For `use_container_width=False`, use `width='content'`.
2026-07-29 20:09:12.483 Please replace `use_container_width` with `width`.

`use_container_width` will be removed after 2025-12-31.

For `use_container_width=True`, use `width='stretch'`. For `use_container_width=False`, use `width='content'`.
2026-07-29 20:09:12.535 Please replace `use_container_width` with `width`.

`use_container_width` will be removed after 2025-12-31.

For `use_container_width=True`, use `width='stretch'`. For `use_container_width=False`, use `width='content'`.
2026-07-29 20:09:12.581 Please replace `use_container_width` with `width`.

`use_container_width` will be removed after 2025-12-31.

For `use_container_width=True`, use `width='stretch'`. For `use_container_width=False`, use `width='content'`.
2026-07-29 20:09:12.631 Please replace `use_container_width` with `width`.

`use_container_width` will be removed after 2025-12-31.

For `use_container_width=True`, use `width='stretch'`. For `use_container_width=False`, use `width='content'`.
2026-07-29 20:09:12.680 Please replace `use_container_width` with `width`.

`use_container_width` will be removed after 2025-12-31.

For `use_container_width=True`, use `width='stretch'`. For `use_container_width=False`, use `width='content'`.
2026-07-29 20:09:12.729 Please replace `use_container_width` with `width`.

`use_container_width` will be removed after 2025-12-31.

For `use_container_width=True`, use `width='stretch'`. For `use_container_width=False`, use `width='content'`.
2026-07-29 20:09:12.779 Please replace `use_container_width` with `width`.

`use_container_width` will be removed after 2025-12-31.

For `use_container_width=True`, use `width='stretch'`. For `use_container_width=False`, use `width='content'`.
2026-07-29 20:09:12.826 Please replace `use_container_width` with `width`.

`use_container_width` will be removed after 2025-12-31.

For `use_container_width=True`, use `width='stretch'`. For `use_container_width=False`, use `width='content'`.
2026-07-29 20:09:12.876 Please replace `use_container_width` with `width`.

`use_container_width` will be removed after 2025-12-31.

For `use_container_width=True`, use `width='stretch'`. For `use_container_width=False`, use `width='content'`.
2026-07-29 20:09:12.922 Please replace `use_container_width` with `width`.

`use_container_width` will be removed after 2025-12-31.

For `use_container_width=True`, use `width='stretch'`. For `use_container_width=False`, use `width='content'`.
2026-07-29 20:09:12.971 Please replace `use_container_width` with `width`.

`use_container_width` will be removed after 2025-12-31.

For `use_container_width=True`, use `width='stretch'`. For `use_container_width=False`, use `width='content'`.
2026-07-29 20:09:13.022 Please replace `use_container_width` with `width`.

`use_container_width` will be removed after 2025-12-31.

For `use_container_width=True`, use `width='stretch'`. For `use_container_width=False`, use `width='content'`.
2026-07-29 20:09:13.066 Please replace `use_container_width` with `width`.

`use_container_width` will be removed after 2025-12-31.

For `use_container_width=True`, use `width='stretch'`. For `use_container_width=False`, use `width='content'`.
2026-07-29 20:09:13.117 Please replace `use_container_width` with `width`.

`use_container_width` will be removed after 2025-12-31.

For `use_container_width=True`, use `width='stretch'`. For `use_container_width=False`, use `width='content'`.
2026-07-29 20:09:13.127 Please replace `use_container_width` with `width`.

`use_container_width` will be removed after 2025-12-31.

For `use_container_width=True`, use `width='stretch'`. For `use_container_width=False`, use `width='content'`.
2026-07-29 20:09:13.128 Please replace `use_container_width` with `width`.

`use_container_width` will be removed after 2025-12-31.

For `use_container_width=True`, use `width='stretch'`. For `use_container_width=False`, use `width='content'`.
2026-07-29 20:09:13.175 Please replace `use_container_width` with `width`.

`use_container_width` will be removed after 2025-12-31.

For `use_container_width=True`, use `width='stretch'`. For `use_container_width=False`, use `width='content'`.
2026-07-29 20:09:13.216 Please replace `use_container_width` with `width`.

`use_container_width` will be removed after 2025-12-31.

For `use_container_width=True`, use `width='stretch'`. For `use_container_width=False`, use `width='content'`.
2026-07-29 20:09:13.265 Please replace `use_container_width` with `width`.

`use_container_width` will be removed after 2025-12-31.

For `use_container_width=True`, use `width='stretch'`. For `use_container_width=False`, use `width='content'`.
2026-07-29 20:09:13.314 Please replace `use_container_width` with `width`.

`use_container_width` will be removed after 2025-12-31.

For `use_container_width=True`, use `width='stretch'`. For `use_container_width=False`, use `width='content'`.
2026-07-29 20:09:13.362 Please replace `use_container_width` with `width`.

`use_container_width` will be removed after 2025-12-31.

For `use_container_width=True`, use `width='stretch'`. For `use_container_width=False`, use `width='content'`.
2026-07-29 20:09:13.409 Please replace `use_container_width` with `width`.

`use_container_width` will be removed after 2025-12-31.

For `use_container_width=True`, use `width='stretch'`. For `use_container_width=False`, use `width='content'`.
2026-07-29 20:09:13.455 Please replace `use_container_width` with `width`.

`use_container_width` will be removed after 2025-12-31.

For `use_container_width=True`, use `width='stretch'`. For `use_container_width=False`, use `width='content'`.
2026-07-29 20:09:13.499 Please replace `use_container_width` with `width`.

`use_container_width` will be removed after 2025-12-31.

For `use_container_width=True`, use `width='stretch'`. For `use_container_width=False`, use `width='content'`.
2026-07-29 20:09:13.549 Please replace `use_container_width` with `width`.

`use_container_width` will be removed after 2025-12-31.

For `use_container_width=True`, use `width='stretch'`. For `use_container_width=False`, use `width='content'`.
2026-07-29 20:09:13.595 Please replace `use_container_width` with `width`.

`use_container_width` will be removed after 2025-12-31.

For `use_container_width=True`, use `width='stretch'`. For `use_container_width=False`, use `width='content'`.
2026-07-29 20:09:13.643 Please replace `use_container_width` with `width`.

`use_container_width` will be removed after 2025-12-31.

For `use_container_width=True`, use `width='stretch'`. For `use_container_width=False`, use `width='content'`.
2026-07-29 20:09:13.690 Please replace `use_container_width` with `width`.

`use_container_width` will be removed after 2025-12-31.

For `use_container_width=True`, use `width='stretch'`. For `use_container_width=False`, use `width='content'`.
2026-07-29 20:09:13.730 Please replace `use_container_width` with `width`.

`use_container_width` will be removed after 2025-12-31.

For `use_container_width=True`, use `width='stretch'`. For `use_container_width=False`, use `width='content'`.
2026-07-29 20:09:13.780 Please replace `use_container_width` with `width`.

`use_container_width` will be removed after 2025-12-31.

For `use_container_width=True`, use `width='stretch'`. For `use_container_width=False`, use `width='content'`.
2026-07-29 20:09:13.827 Please replace `use_container_width` with `width`.

`use_container_width` will be removed after 2025-12-31.

For `use_container_width=True`, use `width='stretch'`. For `use_container_width=False`, use `width='content'`.
2026-07-29 20:09:13.869 Please replace `use_container_width` with `width`.

`use_container_width` will be removed after 2025-12-31.

For `use_container_width=True`, use `width='stretch'`. For `use_container_width=False`, use `width='content'`.
2026-07-29 20:09:13.914 Please replace `use_container_width` with `width`.

`use_container_width` will be removed after 2025-12-31.

For `use_container_width=True`, use `width='stretch'`. For `use_container_width=False`, use `width='content'`.
2026-07-29 20:09:13.955 Please replace `use_container_width` with `width`.

`use_container_width` will be removed after 2025-12-31.

For `use_container_width=True`, use `width='stretch'`. For `use_container_width=False`, use `width='content'`.
2026-07-29 20:09:14.004 Please replace `use_container_width` with `width`.

`use_container_width` will be removed after 2025-12-31.

For `use_container_width=True`, use `width='stretch'`. For `use_container_width=False`, use `width='content'`.
2026-07-29 20:09:14.044 Please replace `use_container_width` with `width`.

`use_container_width` will be removed after 2025-12-31.

For `use_container_width=True`, use `width='stretch'`. For `use_container_width=False`, use `width='content'`.
2026-07-29 20:09:14.090 Please replace `use_container_width` with `width`.

`use_container_width` will be removed after 2025-12-31.

For `use_container_width=True`, use `width='stretch'`. For `use_container_width=False`, use `width='content'`.
2026-07-29 20:09:14.134 Please replace `use_container_width` with `width`.

`use_container_width` will be removed after 2025-12-31.

For `use_container_width=True`, use `width='stretch'`. For `use_container_width=False`, use `width='content'`.
2026-07-29 20:09:14.144 Please replace `use_container_width` with `width`.

`use_container_width` will be removed after 2025-12-31.

For `use_container_width=True`, use `width='stretch'`. For `use_container_width=False`, use `width='content'`.
2026-07-29 20:09:14.146 Please replace `use_container_width` with `width`.

`use_container_width` will be removed after 2025-12-31.

For `use_container_width=True`, use `width='stretch'`. For `use_container_width=False`, use `width='content'`.
2026-07-29 20:09:14.191 Please replace `use_container_width` with `width`.

`use_container_width` will be removed after 2025-12-31.

For `use_container_width=True`, use `width='stretch'`. For `use_container_width=False`, use `width='content'`.
2026-07-29 20:09:14.240 Please replace `use_container_width` with `width`.

`use_container_width` will be removed after 2025-12-31.

For `use_container_width=True`, use `width='stretch'`. For `use_container_width=False`, use `width='content'`.
2026-07-29 20:09:14.282 Please replace `use_container_width` with `width`.

`use_container_width` will be removed after 2025-12-31.

For `use_container_width=True`, use `width='stretch'`. For `use_container_width=False`, use `width='content'`.
2026-07-29 20:09:14.330 Please replace `use_container_width` with `width`.

`use_container_width` will be removed after 2025-12-31.

For `use_container_width=True`, use `width='stretch'`. For `use_container_width=False`, use `width='content'`.
2026-07-29 20:09:14.378 Please replace `use_container_width` with `width`.

`use_container_width` will be removed after 2025-12-31.

For `use_container_width=True`, use `width='stretch'`. For `use_container_width=False`, use `width='content'`.
2026-07-29 20:09:14.426 Please replace `use_container_width` with `width`.

`use_container_width` will be removed after 2025-12-31.

For `use_container_width=True`, use `width='stretch'`. For `use_container_width=False`, use `width='content'`.
2026-07-29 20:09:14.470 Please replace `use_container_width` with `width`.

`use_container_width` will be removed after 2025-12-31.

For `use_container_width=True`, use `width='stretch'`. For `use_container_width=False`, use `width='content'`.
2026-07-29 20:09:14.518 Please replace `use_container_width` with `width`.

`use_container_width` will be removed after 2025-12-31.

For `use_container_width=True`, use `width='stretch'`. For `use_container_width=False`, use `width='content'`.
2026-07-29 20:09:14.566 Please replace `use_container_width` with `width`.

`use_container_width` will be removed after 2025-12-31.

For `use_container_width=True`, use `width='stretch'`. For `use_container_width=False`, use `width='content'`.
2026-07-29 20:09:14.608 Please replace `use_container_width` with `width`.

`use_container_width` will be removed after 2025-12-31.

For `use_container_width=True`, use `width='stretch'`. For `use_container_width=False`, use `width='content'`.
2026-07-29 20:09:14.651 Please replace `use_container_width` with `width`.

`use_container_width` will be removed after 2025-12-31.

For `use_container_width=True`, use `width='stretch'`. For `use_container_width=False`, use `width='content'`.
2026-07-29 20:09:14.695 Please replace `use_container_width` with `width`.

`use_container_width` will be removed after 2025-12-31.

For `use_container_width=True`, use `width='stretch'`. For `use_container_width=False`, use `width='content'`.
2026-07-29 20:09:14.737 Please replace `use_container_width` with `width`.

`use_container_width` will be removed after 2025-12-31.

For `use_container_width=True`, use `width='stretch'`. For `use_container_width=False`, use `width='content'`.
2026-07-29 20:09:14.779 Please replace `use_container_width` with `width`.

`use_container_width` will be removed after 2025-12-31.

For `use_container_width=True`, use `width='stretch'`. For `use_container_width=False`, use `width='content'`.
2026-07-29 20:09:14.828 Please replace `use_container_width` with `width`.

`use_container_width` will be removed after 2025-12-31.

For `use_container_width=True`, use `width='stretch'`. For `use_container_width=False`, use `width='content'`.
2026-07-29 20:09:14.878 Please replace `use_container_width` with `width`.

`use_container_width` will be removed after 2025-12-31.

For `use_container_width=True`, use `width='stretch'`. For `use_container_width=False`, use `width='content'`.
2026-07-29 20:09:14.927 Please replace `use_container_width` with `width`.

`use_container_width` will be removed after 2025-12-31.

For `use_container_width=True`, use `width='stretch'`. For `use_container_width=False`, use `width='content'`.
2026-07-29 20:09:14.974 Please replace `use_container_width` with `width`.

`use_container_width` will be removed after 2025-12-31.

For `use_container_width=True`, use `width='stretch'`. For `use_container_width=False`, use `width='content'`.
2026-07-29 20:09:15.015 Please replace `use_container_width` with `width`.

`use_container_width` will be removed after 2025-12-31.

For `use_container_width=True`, use `width='stretch'`. For `use_container_width=False`, use `width='content'`.
2026-07-29 20:09:15.070 Please replace `use_container_width` with `width`.

`use_container_width` will be removed after 2025-12-31.

For `use_container_width=True`, use `width='stretch'`. For `use_container_width=False`, use `width='content'`.
2026-07-29 20:09:15.113 Please replace `use_container_width` with `width`.

`use_container_width` will be removed after 2025-12-31.

For `use_container_width=True`, use `width='stretch'`. For `use_container_width=False`, use `width='content'`.
2026-07-29 20:09:15.162 Please replace `use_container_width` with `width`.

`use_container_width` will be removed after 2025-12-31.

For `use_container_width=True`, use `width='stretch'`. For `use_container_width=False`, use `width='content'`.
2026-07-29 20:09:15.172 Please replace `use_container_width` with `width`.

`use_container_width` will be removed after 2025-12-31.

For `use_container_width=True`, use `width='stretch'`. For `use_container_width=False`, use `width='content'`.
2026-07-29 20:09:15.173 Please replace `use_container_width` with `width`.

`use_container_width` will be removed after 2025-12-31.

For `use_container_width=True`, use `width='stretch'`. For `use_container_width=False`, use `width='content'`.
2026-07-29 20:09:15.219 Please replace `use_container_width` with `width`.

`use_container_width` will be removed after 2025-12-31.

For `use_container_width=True`, use `width='stretch'`. For `use_container_width=False`, use `width='content'`.
2026-07-29 20:09:15.264 Please replace `use_container_width` with `width`.

`use_container_width` will be removed after 2025-12-31.

For `use_container_width=True`, use `width='stretch'`. For `use_container_width=False`, use `width='content'`.
2026-07-29 20:09:15.306 Please replace `use_container_width` with `width`.

`use_container_width` will be removed after 2025-12-31.

For `use_container_width=True`, use `width='stretch'`. For `use_container_width=False`, use `width='content'`.
2026-07-29 20:09:15.346 Please replace `use_container_width` with `width`.

`use_container_width` will be removed after 2025-12-31.

For `use_container_width=True`, use `width='stretch'`. For `use_container_width=False`, use `width='content'`.
2026-07-29 20:09:15.396 Please replace `use_container_width` with `width`.

`use_container_width` will be removed after 2025-12-31.

For `use_container_width=True`, use `width='stretch'`. For `use_container_width=False`, use `width='content'`.
2026-07-29 20:09:15.441 Please replace `use_container_width` with `width`.

`use_container_width` will be removed after 2025-12-31.

For `use_container_width=True`, use `width='stretch'`. For `use_container_width=False`, use `width='content'`.
2026-07-29 20:09:15.491 Please replace `use_container_width` with `width`.

`use_container_width` will be removed after 2025-12-31.

For `use_container_width=True`, use `width='stretch'`. For `use_container_width=False`, use `width='content'`.
2026-07-29 20:09:15.531 Please replace `use_container_width` with `width`.

`use_container_width` will be removed after 2025-12-31.

For `use_container_width=True`, use `width='stretch'`. For `use_container_width=False`, use `width='content'`.
2026-07-29 20:09:15.575 Please replace `use_container_width` with `width`.

`use_container_width` will be removed after 2025-12-31.

For `use_container_width=True`, use `width='stretch'`. For `use_container_width=False`, use `width='content'`.
2026-07-29 20:09:15.617 Please replace `use_container_width` with `width`.

`use_container_width` will be removed after 2025-12-31.

For `use_container_width=True`, use `width='stretch'`. For `use_container_width=False`, use `width='content'`.
2026-07-29 20:09:15.666 Please replace `use_container_width` with `width`.

`use_container_width` will be removed after 2025-12-31.

For `use_container_width=True`, use `width='stretch'`. For `use_container_width=False`, use `width='content'`.
2026-07-29 20:09:15.713 Please replace `use_container_width` with `width`.

`use_container_width` will be removed after 2025-12-31.

For `use_container_width=True`, use `width='stretch'`. For `use_container_width=False`, use `width='content'`.
2026-07-29 20:09:15.764 Please replace `use_container_width` with `width`.

`use_container_width` will be removed after 2025-12-31.

For `use_container_width=True`, use `width='stretch'`. For `use_container_width=False`, use `width='content'`.
2026-07-29 20:09:15.809 Please replace `use_container_width` with `width`.

`use_container_width` will be removed after 2025-12-31.

For `use_container_width=True`, use `width='stretch'`. For `use_container_width=False`, use `width='content'`.
2026-07-29 20:09:15.857 Please replace `use_container_width` with `width`.

`use_container_width` will be removed after 2025-12-31.

For `use_container_width=True`, use `width='stretch'`. For `use_container_width=False`, use `width='content'`.
2026-07-29 20:09:15.908 Please replace `use_container_width` with `width`.

`use_container_width` will be removed after 2025-12-31.

For `use_container_width=True`, use `width='stretch'`. For `use_container_width=False`, use `width='content'`.
2026-07-29 20:09:15.952 Please replace `use_container_width` with `width`.

`use_container_width` will be removed after 2025-12-31.

For `use_container_width=True`, use `width='stretch'`. For `use_container_width=False`, use `width='content'`.
2026-07-29 20:09:15.999 Please replace `use_container_width` with `width`.

`use_container_width` will be removed after 2025-12-31.

For `use_container_width=True`, use `width='stretch'`. For `use_container_width=False`, use `width='content'`.
2026-07-29 20:09:16.042 Please replace `use_container_width` with `width`.

`use_container_width` will be removed after 2025-12-31.

For `use_container_width=True`, use `width='stretch'`. For `use_container_width=False`, use `width='content'`.
2026-07-29 20:09:16.095 Please replace `use_container_width` with `width`.

`use_container_width` will be removed after 2025-12-31.

For `use_container_width=True`, use `width='stretch'`. For `use_container_width=False`, use `width='content'`.
2026-07-29 20:09:16.145 Please replace `use_container_width` with `width`.

`use_container_width` will be removed after 2025-12-31.

For `use_container_width=True`, use `width='stretch'`. For `use_container_width=False`, use `width='content'`.
2026-07-29 20:09:16.196 Please replace `use_container_width` with `width`.

`use_container_width` will be removed after 2025-12-31.

For `use_container_width=True`, use `width='stretch'`. For `use_container_width=False`, use `width='content'`.
2026-07-29 20:09:16.207 Please replace `use_container_width` with `width`.

`use_container_width` will be removed after 2025-12-31.

For `use_container_width=True`, use `width='stretch'`. For `use_container_width=False`, use `width='content'`.
2026-07-29 20:09:16.209 Please replace `use_container_width` with `width`.

`use_container_width` will be removed after 2025-12-31.

For `use_container_width=True`, use `width='stretch'`. For `use_container_width=False`, use `width='content'`.
2026-07-29 20:09:16.261 Please replace `use_container_width` with `width`.

`use_container_width` will be removed after 2025-12-31.

For `use_container_width=True`, use `width='stretch'`. For `use_container_width=False`, use `width='content'`.
2026-07-29 20:09:16.307 Please replace `use_container_width` with `width`.

`use_container_width` will be removed after 2025-12-31.

For `use_container_width=True`, use `width='stretch'`. For `use_container_width=False`, use `width='content'`.
2026-07-29 20:09:16.358 Please replace `use_container_width` with `width`.

`use_container_width` will be removed after 2025-12-31.

For `use_container_width=True`, use `width='stretch'`. For `use_container_width=False`, use `width='content'`.
2026-07-29 20:09:16.404 Please replace `use_container_width` with `width`.

`use_container_width` will be removed after 2025-12-31.

For `use_container_width=True`, use `width='stretch'`. For `use_container_width=False`, use `width='content'`.
2026-07-29 20:09:16.455 Please replace `use_container_width` with `width`.

`use_container_width` will be removed after 2025-12-31.

For `use_container_width=True`, use `width='stretch'`. For `use_container_width=False`, use `width='content'`.
2026-07-29 20:09:16.505 Please replace `use_container_width` with `width`.

`use_container_width` will be removed after 2025-12-31.

For `use_container_width=True`, use `width='stretch'`. For `use_container_width=False`, use `width='content'`.
2026-07-29 20:09:16.556 Please replace `use_container_width` with `width`.

`use_container_width` will be removed after 2025-12-31.

For `use_container_width=True`, use `width='stretch'`. For `use_container_width=False`, use `width='content'`.
2026-07-29 20:09:16.604 Please replace `use_container_width` with `width`.

`use_container_width` will be removed after 2025-12-31.

For `use_container_width=True`, use `width='stretch'`. For `use_container_width=False`, use `width='content'`.
2026-07-29 20:09:16.657 Please replace `use_container_width` with `width`.

`use_container_width` will be removed after 2025-12-31.

For `use_container_width=True`, use `width='stretch'`. For `use_container_width=False`, use `width='content'`.
2026-07-29 20:09:16.705 Please replace `use_container_width` with `width`.

`use_container_width` will be removed after 2025-12-31.

For `use_container_width=True`, use `width='stretch'`. For `use_container_width=False`, use `width='content'`.
2026-07-29 20:09:16.756 Please replace `use_container_width` with `width`.

`use_container_width` will be removed after 2025-12-31.

For `use_container_width=True`, use `width='stretch'`. For `use_container_width=False`, use `width='content'`.
2026-07-29 20:09:16.810 Please replace `use_container_width` with `width`.

`use_container_width` will be removed after 2025-12-31.

For `use_container_width=True`, use `width='stretch'`. For `use_container_width=False`, use `width='content'`.
2026-07-29 20:09:16.862 Please replace `use_container_width` with `width`.

`use_container_width` will be removed after 2025-12-31.

For `use_container_width=True`, use `width='stretch'`. For `use_container_width=False`, use `width='content'`.
2026-07-29 20:09:16.914 Please replace `use_container_width` with `width`.

`use_container_width` will be removed after 2025-12-31.

For `use_container_width=True`, use `width='stretch'`. For `use_container_width=False`, use `width='content'`.
2026-07-29 20:09:16.963 Please replace `use_container_width` with `width`.

`use_container_width` will be removed after 2025-12-31.

For `use_container_width=True`, use `width='stretch'`. For `use_container_width=False`, use `width='content'`.
2026-07-29 20:09:17.012 Please replace `use_container_width` with `width`.

`use_container_width` will be removed after 2025-12-31.

For `use_container_width=True`, use `width='stretch'`. For `use_container_width=False`, use `width='content'`.
2026-07-29 20:09:17.063 Please replace `use_container_width` with `width`.

`use_container_width` will be removed after 2025-12-31.

For `use_container_width=True`, use `width='stretch'`. For `use_container_width=False`, use `width='content'`.
2026-07-29 20:09:17.111 Please replace `use_container_width` with `width`.

`use_container_width` will be removed after 2025-12-31.

For `use_container_width=True`, use `width='stretch'`. For `use_container_width=False`, use `width='content'`.
2026-07-29 20:09:17.162 Please replace `use_container_width` with `width`.

`use_container_width` will be removed after 2025-12-31.

For `use_container_width=True`, use `width='stretch'`. For `use_container_width=False`, use `width='content'`.
2026-07-29 20:09:17.217 Please replace `use_container_width` with `width`.

`use_container_width` will be removed after 2025-12-31.

For `use_container_width=True`, use `width='stretch'`. For `use_container_width=False`, use `width='content'`.
2026-07-29 20:09:17.229 Please replace `use_container_width` with `width`.

`use_container_width` will be removed after 2025-12-31.

For `use_container_width=True`, use `width='stretch'`. For `use_container_width=False`, use `width='content'`.
2026-07-29 20:09:17.230 Please replace `use_container_width` with `width`.

`use_container_width` will be removed after 2025-12-31.

For `use_container_width=True`, use `width='stretch'`. For `use_container_width=False`, use `width='content'`.
2026-07-29 20:09:17.275 Please replace `use_container_width` with `width`.

`use_container_width` will be removed after 2025-12-31.

For `use_container_width=True`, use `width='stretch'`. For `use_container_width=False`, use `width='content'`.
2026-07-29 20:09:17.327 Please replace `use_container_width` with `width`.

`use_container_width` will be removed after 2025-12-31.

For `use_container_width=True`, use `width='stretch'`. For `use_container_width=False`, use `width='content'`.
2026-07-29 20:09:17.377 Please replace `use_container_width` with `width`.

`use_container_width` will be removed after 2025-12-31.

For `use_container_width=True`, use `width='stretch'`. For `use_container_width=False`, use `width='content'`.
2026-07-29 20:09:17.427 Please replace `use_container_width` with `width`.

`use_container_width` will be removed after 2025-12-31.

For `use_container_width=True`, use `width='stretch'`. For `use_container_width=False`, use `width='content'`.
2026-07-29 20:09:17.478 Please replace `use_container_width` with `width`.

`use_container_width` will be removed after 2025-12-31.

For `use_container_width=True`, use `width='stretch'`. For `use_container_width=False`, use `width='content'`.
2026-07-29 20:09:17.531 Please replace `use_container_width` with `width`.

`use_container_width` will be removed after 2025-12-31.

For `use_container_width=True`, use `width='stretch'`. For `use_container_width=False`, use `width='content'`.
2026-07-29 20:09:17.579 Please replace `use_container_width` with `width`.

`use_container_width` will be removed after 2025-12-31.

For `use_container_width=True`, use `width='stretch'`. For `use_container_width=False`, use `width='content'`.
2026-07-29 20:09:17.628 Please replace `use_container_width` with `width`.

`use_container_width` will be removed after 2025-12-31.

For `use_container_width=True`, use `width='stretch'`. For `use_container_width=False`, use `width='content'`.
2026-07-29 20:09:17.681 Please replace `use_container_width` with `width`.

`use_container_width` will be removed after 2025-12-31.

For `use_container_width=True`, use `width='stretch'`. For `use_container_width=False`, use `width='content'`.
2026-07-29 20:09:17.729 Please replace `use_container_width` with `width`.

`use_container_width` will be removed after 2025-12-31.

For `use_container_width=True`, use `width='stretch'`. For `use_container_width=False`, use `width='content'`.
2026-07-29 20:09:17.780 Please replace `use_container_width` with `width`.

`use_container_width` will be removed after 2025-12-31.

For `use_container_width=True`, use `width='stretch'`. For `use_container_width=False`, use `width='content'`.
2026-07-29 20:09:17.833 Please replace `use_container_width` with `width`.

`use_container_width` will be removed after 2025-12-31.

For `use_container_width=True`, use `width='stretch'`. For `use_container_width=False`, use `width='content'`.
2026-07-29 20:09:17.884 Please replace `use_container_width` with `width`.

`use_container_width` will be removed after 2025-12-31.

For `use_container_width=True`, use `width='stretch'`. For `use_container_width=False`, use `width='content'`.
2026-07-29 20:09:17.937 Please replace `use_container_width` with `width`.

`use_container_width` will be removed after 2025-12-31.

For `use_container_width=True`, use `width='stretch'`. For `use_container_width=False`, use `width='content'`.
2026-07-29 20:09:17.990 Please replace `use_container_width` with `width`.

`use_container_width` will be removed after 2025-12-31.

For `use_container_width=True`, use `width='stretch'`. For `use_container_width=False`, use `width='content'`.
2026-07-29 20:09:18.042 Please replace `use_container_width` with `width`.

`use_container_width` will be removed after 2025-12-31.

For `use_container_width=True`, use `width='stretch'`. For `use_container_width=False`, use `width='content'`.
2026-07-29 20:09:18.093 Please replace `use_container_width` with `width`.

`use_container_width` will be removed after 2025-12-31.

For `use_container_width=True`, use `width='stretch'`. For `use_container_width=False`, use `width='content'`.
2026-07-29 20:09:18.146 Please replace `use_container_width` with `width`.

`use_container_width` will be removed after 2025-12-31.

For `use_container_width=True`, use `width='stretch'`. For `use_container_width=False`, use `width='content'`.
2026-07-29 20:09:18.194 Please replace `use_container_width` with `width`.

`use_container_width` will be removed after 2025-12-31.

For `use_container_width=True`, use `width='stretch'`. For `use_container_width=False`, use `width='content'`.
2026-07-29 20:09:18.243 Please replace `use_container_width` with `width`.

`use_container_width` will be removed after 2025-12-31.

For `use_container_width=True`, use `width='stretch'`. For `use_container_width=False`, use `width='content'`.
2026-07-29 20:09:18.257 Please replace `use_container_width` with `width`.

`use_container_width` will be removed after 2025-12-31.

For `use_container_width=True`, use `width='stretch'`. For `use_container_width=False`, use `width='content'`.
2026-07-29 20:09:18.258 Please replace `use_container_width` with `width`.

`use_container_width` will be removed after 2025-12-31.

For `use_container_width=True`, use `width='stretch'`. For `use_container_width=False`, use `width='content'`.
2026-07-29 20:09:18.308 Please replace `use_container_width` with `width`.

`use_container_width` will be removed after 2025-12-31.

For `use_container_width=True`, use `width='stretch'`. For `use_container_width=False`, use `width='content'`.
2026-07-29 20:09:18.362 Please replace `use_container_width` with `width`.

`use_container_width` will be removed after 2025-12-31.

For `use_container_width=True`, use `width='stretch'`. For `use_container_width=False`, use `width='content'`.
2026-07-29 20:09:18.425 Please replace `use_container_width` with `width`.

`use_container_width` will be removed after 2025-12-31.

For `use_container_width=True`, use `width='stretch'`. For `use_container_width=False`, use `width='content'`.
2026-07-29 20:09:18.481 Please replace `use_container_width` with `width`.

`use_container_width` will be removed after 2025-12-31.

For `use_container_width=True`, use `width='stretch'`. For `use_container_width=False`, use `width='content'`.
2026-07-29 20:09:18.535 Please replace `use_container_width` with `width`.

`use_container_width` will be removed after 2025-12-31.

For `use_container_width=True`, use `width='stretch'`. For `use_container_width=False`, use `width='content'`.
2026-07-29 20:09:18.588 Please replace `use_container_width` with `width`.

`use_container_width` will be removed after 2025-12-31.

For `use_container_width=True`, use `width='stretch'`. For `use_container_width=False`, use `width='content'`.
2026-07-29 20:09:18.638 Please replace `use_container_width` with `width`.

`use_container_width` will be removed after 2025-12-31.

For `use_container_width=True`, use `width='stretch'`. For `use_container_width=False`, use `width='content'`.
2026-07-29 20:09:18.686 Please replace `use_container_width` with `width`.

`use_container_width` will be removed after 2025-12-31.

For `use_container_width=True`, use `width='stretch'`. For `use_container_width=False`, use `width='content'`.
2026-07-29 20:09:18.735 Please replace `use_container_width` with `width`.

`use_container_width` will be removed after 2025-12-31.

For `use_container_width=True`, use `width='stretch'`. For `use_container_width=False`, use `width='content'`.
2026-07-29 20:09:18.783 Please replace `use_container_width` with `width`.

`use_container_width` will be removed after 2025-12-31.

For `use_container_width=True`, use `width='stretch'`. For `use_container_width=False`, use `width='content'`.
2026-07-29 20:09:18.836 Please replace `use_container_width` with `width`.

`use_container_width` will be removed after 2025-12-31.

For `use_container_width=True`, use `width='stretch'`. For `use_container_width=False`, use `width='content'`.
2026-07-29 20:09:18.884 Please replace `use_container_width` with `width`.

`use_container_width` will be removed after 2025-12-31.

For `use_container_width=True`, use `width='stretch'`. For `use_container_width=False`, use `width='content'`.
2026-07-29 20:09:18.932 Please replace `use_container_width` with `width`.

`use_container_width` will be removed after 2025-12-31.

For `use_container_width=True`, use `width='stretch'`. For `use_container_width=False`, use `width='content'`.
2026-07-29 20:09:18.986 Please replace `use_container_width` with `width`.

`use_container_width` will be removed after 2025-12-31.

For `use_container_width=True`, use `width='stretch'`. For `use_container_width=False`, use `width='content'`.
2026-07-29 20:09:19.034 Please replace `use_container_width` with `width`.

`use_container_width` will be removed after 2025-12-31.

For `use_container_width=True`, use `width='stretch'`. For `use_container_width=False`, use `width='content'`.
2026-07-29 20:09:19.083 Please replace `use_container_width` with `width`.

`use_container_width` will be removed after 2025-12-31.

For `use_container_width=True`, use `width='stretch'`. For `use_container_width=False`, use `width='content'`.
2026-07-29 20:09:19.131 Please replace `use_container_width` with `width`.

`use_container_width` will be removed after 2025-12-31.

For `use_container_width=True`, use `width='stretch'`. For `use_container_width=False`, use `width='content'`.
2026-07-29 20:09:19.180 Please replace `use_container_width` with `width`.

`use_container_width` will be removed after 2025-12-31.

For `use_container_width=True`, use `width='stretch'`. For `use_container_width=False`, use `width='content'`.
2026-07-29 20:09:19.234 Please replace `use_container_width` with `width`.

`use_container_width` will be removed after 2025-12-31.

For `use_container_width=True`, use `width='stretch'`. For `use_container_width=False`, use `width='content'`.
2026-07-29 20:09:19.282 Please replace `use_container_width` with `width`.

`use_container_width` will be removed after 2025-12-31.

For `use_container_width=True`, use `width='stretch'`. For `use_container_width=False`, use `width='content'`.
2026-07-29 20:09:19.293 Please replace `use_container_width` with `width`.

`use_container_width` will be removed after 2025-12-31.

For `use_container_width=True`, use `width='stretch'`. For `use_container_width=False`, use `width='content'`.
2026-07-29 20:09:19.296 Please replace `use_container_width` with `width`.

`use_container_width` will be removed after 2025-12-31.

For `use_container_width=True`, use `width='stretch'`. For `use_container_width=False`, use `width='content'`.
2026-07-29 20:09:19.343 Please replace `use_container_width` with `width`.

`use_container_width` will be removed after 2025-12-31.

For `use_container_width=True`, use `width='stretch'`. For `use_container_width=False`, use `width='content'`.
2026-07-29 20:09:19.389 Please replace `use_container_width` with `width`.

`use_container_width` will be removed after 2025-12-31.

For `use_container_width=True`, use `width='stretch'`. For `use_container_width=False`, use `width='content'`.
2026-07-29 20:09:19.441 Please replace `use_container_width` with `width`.

`use_container_width` will be removed after 2025-12-31.

For `use_container_width=True`, use `width='stretch'`. For `use_container_width=False`, use `width='content'`.
2026-07-29 20:09:19.491 Please replace `use_container_width` with `width`.

`use_container_width` will be removed after 2025-12-31.

For `use_container_width=True`, use `width='stretch'`. For `use_container_width=False`, use `width='content'`.
2026-07-29 20:09:19.542 Please replace `use_container_width` with `width`.

`use_container_width` will be removed after 2025-12-31.

For `use_container_width=True`, use `width='stretch'`. For `use_container_width=False`, use `width='content'`.
2026-07-29 20:09:19.593 Please replace `use_container_width` with `width`.

`use_container_width` will be removed after 2025-12-31.

For `use_container_width=True`, use `width='stretch'`. For `use_container_width=False`, use `width='content'`.
2026-07-29 20:09:19.641 Please replace `use_container_width` with `width`.

`use_container_width` will be removed after 2025-12-31.

For `use_container_width=True`, use `width='stretch'`. For `use_container_width=False`, use `width='content'`.
2026-07-29 20:09:19.689 Please replace `use_container_width` with `width`.

`use_container_width` will be removed after 2025-12-31.

For `use_container_width=True`, use `width='stretch'`. For `use_container_width=False`, use `width='content'`.
2026-07-29 20:09:19.736 Please replace `use_container_width` with `width`.

`use_container_width` will be removed after 2025-12-31.

For `use_container_width=True`, use `width='stretch'`. For `use_container_width=False`, use `width='content'`.
2026-07-29 20:09:19.787 Please replace `use_container_width` with `width`.

`use_container_width` will be removed after 2025-12-31.

For `use_container_width=True`, use `width='stretch'`. For `use_container_width=False`, use `width='content'`.
2026-07-29 20:09:19.837 Please replace `use_container_width` with `width`.

`use_container_width` will be removed after 2025-12-31.

For `use_container_width=True`, use `width='stretch'`. For `use_container_width=False`, use `width='content'`.
2026-07-29 20:09:19.883 Please replace `use_container_width` with `width`.

`use_container_width` will be removed after 2025-12-31.

For `use_container_width=True`, use `width='stretch'`. For `use_container_width=False`, use `width='content'`.
2026-07-29 20:09:19.931 Please replace `use_container_width` with `width`.

`use_container_width` will be removed after 2025-12-31.

For `use_container_width=True`, use `width='stretch'`. For `use_container_width=False`, use `width='content'`.
2026-07-29 20:09:19.980 Please replace `use_container_width` with `width`.

`use_container_width` will be removed after 2025-12-31.

For `use_container_width=True`, use `width='stretch'`. For `use_container_width=False`, use `width='content'`.
2026-07-29 20:09:20.031 Please replace `use_container_width` with `width`.

`use_container_width` will be removed after 2025-12-31.

For `use_container_width=True`, use `width='stretch'`. For `use_container_width=False`, use `width='content'`.
2026-07-29 20:09:20.079 Please replace `use_container_width` with `width`.

`use_container_width` will be removed after 2025-12-31.

For `use_container_width=True`, use `width='stretch'`. For `use_container_width=False`, use `width='content'`.
2026-07-29 20:09:20.128 Please replace `use_container_width` with `width`.

`use_container_width` will be removed after 2025-12-31.

For `use_container_width=True`, use `width='stretch'`. For `use_container_width=False`, use `width='content'`.
2026-07-29 20:09:20.173 Please replace `use_container_width` with `width`.

`use_container_width` will be removed after 2025-12-31.

For `use_container_width=True`, use `width='stretch'`. For `use_container_width=False`, use `width='content'`.
2026-07-29 20:09:20.227 Please replace `use_container_width` with `width`.

`use_container_width` will be removed after 2025-12-31.

For `use_container_width=True`, use `width='stretch'`. For `use_container_width=False`, use `width='content'`.
2026-07-29 20:09:20.275 Please replace `use_container_width` with `width`.

`use_container_width` will be removed after 2025-12-31.

For `use_container_width=True`, use `width='stretch'`. For `use_container_width=False`, use `width='content'`.
2026-07-29 20:09:20.323 Please replace `use_container_width` with `width`.

`use_container_width` will be removed after 2025-12-31.

For `use_container_width=True`, use `width='stretch'`. For `use_container_width=False`, use `width='content'`.
2026-07-29 20:09:20.333 Please replace `use_container_width` with `width`.

`use_container_width` will be removed after 2025-12-31.

For `use_container_width=True`, use `width='stretch'`. For `use_container_width=False`, use `width='content'`.
2026-07-29 20:09:20.335 Please replace `use_container_width` with `width`.

`use_container_width` will be removed after 2025-12-31.

For `use_container_width=True`, use `width='stretch'`. For `use_container_width=False`, use `width='content'`.
2026-07-29 20:09:20.384 Please replace `use_container_width` with `width`.

`use_container_width` will be removed after 2025-12-31.

For `use_container_width=True`, use `width='stretch'`. For `use_container_width=False`, use `width='content'`.
2026-07-29 20:09:20.436 Please replace `use_container_width` with `width`.

`use_container_width` will be removed after 2025-12-31.

For `use_container_width=True`, use `width='stretch'`. For `use_container_width=False`, use `width='content'`.
2026-07-29 20:09:20.486 Please replace `use_container_width` with `width`.

`use_container_width` will be removed after 2025-12-31.

For `use_container_width=True`, use `width='stretch'`. For `use_container_width=False`, use `width='content'`.
2026-07-29 20:09:20.535 Please replace `use_container_width` with `width`.

`use_container_width` will be removed after 2025-12-31.

For `use_container_width=True`, use `width='stretch'`. For `use_container_width=False`, use `width='content'`.
2026-07-29 20:09:20.592 Please replace `use_container_width` with `width`.

`use_container_width` will be removed after 2025-12-31.

For `use_container_width=True`, use `width='stretch'`. For `use_container_width=False`, use `width='content'`.
2026-07-29 20:09:20.640 Please replace `use_container_width` with `width`.

`use_container_width` will be removed after 2025-12-31.

For `use_container_width=True`, use `width='stretch'`. For `use_container_width=False`, use `width='content'`.
2026-07-29 20:09:20.694 Please replace `use_container_width` with `width`.

`use_container_width` will be removed after 2025-12-31.

For `use_container_width=True`, use `width='stretch'`. For `use_container_width=False`, use `width='content'`.
2026-07-29 20:09:20.742 Please replace `use_container_width` with `width`.

`use_container_width` will be removed after 2025-12-31.

For `use_container_width=True`, use `width='stretch'`. For `use_container_width=False`, use `width='content'`.
2026-07-29 20:09:20.796 Please replace `use_container_width` with `width`.

`use_container_width` will be removed after 2025-12-31.

For `use_container_width=True`, use `width='stretch'`. For `use_container_width=False`, use `width='content'`.
2026-07-29 20:09:20.847 Please replace `use_container_width` with `width`.

`use_container_width` will be removed after 2025-12-31.

For `use_container_width=True`, use `width='stretch'`. For `use_container_width=False`, use `width='content'`.
2026-07-29 20:09:20.894 Please replace `use_container_width` with `width`.

`use_container_width` will be removed after 2025-12-31.

For `use_container_width=True`, use `width='stretch'`. For `use_container_width=False`, use `width='content'`.
2026-07-29 20:09:20.943 Please replace `use_container_width` with `width`.

`use_container_width` will be removed after 2025-12-31.

For `use_container_width=True`, use `width='stretch'`. For `use_container_width=False`, use `width='content'`.
2026-07-29 20:09:20.992 Please replace `use_container_width` with `width`.

`use_container_width` will be removed after 2025-12-31.

For `use_container_width=True`, use `width='stretch'`. For `use_container_width=False`, use `width='content'`.
2026-07-29 20:09:21.042 Please replace `use_container_width` with `width`.

`use_container_width` will be removed after 2025-12-31.

For `use_container_width=True`, use `width='stretch'`. For `use_container_width=False`, use `width='content'`.
2026-07-29 20:09:21.090 Please replace `use_container_width` with `width`.

`use_container_width` will be removed after 2025-12-31.

For `use_container_width=True`, use `width='stretch'`. For `use_container_width=False`, use `width='content'`.
2026-07-29 20:09:21.142 Please replace `use_container_width` with `width`.

`use_container_width` will be removed after 2025-12-31.

For `use_container_width=True`, use `width='stretch'`. For `use_container_width=False`, use `width='content'`.
2026-07-29 20:09:21.190 Please replace `use_container_width` with `width`.

`use_container_width` will be removed after 2025-12-31.

For `use_container_width=True`, use `width='stretch'`. For `use_container_width=False`, use `width='content'`.
2026-07-29 20:09:21.241 Please replace `use_container_width` with `width`.

`use_container_width` will be removed after 2025-12-31.

For `use_container_width=True`, use `width='stretch'`. For `use_container_width=False`, use `width='content'`.
2026-07-29 20:09:21.291 Please replace `use_container_width` with `width`.

`use_container_width` will be removed after 2025-12-31.

For `use_container_width=True`, use `width='stretch'`. For `use_container_width=False`, use `width='content'`.
2026-07-29 20:09:21.338 Please replace `use_container_width` with `width`.

`use_container_width` will be removed after 2025-12-31.

For `use_container_width=True`, use `width='stretch'`. For `use_container_width=False`, use `width='content'`.
2026-07-29 20:09:21.348 Please replace `use_container_width` with `width`.

`use_container_width` will be removed after 2025-12-31.

For `use_container_width=True`, use `width='stretch'`. For `use_container_width=False`, use `width='content'`.
2026-07-29 20:09:21.349 Please replace `use_container_width` with `width`.

`use_container_width` will be removed after 2025-12-31.

For `use_container_width=True`, use `width='stretch'`. For `use_container_width=False`, use `width='content'`.
2026-07-29 20:09:21.398 Please replace `use_container_width` with `width`.

`use_container_width` will be removed after 2025-12-31.

For `use_container_width=True`, use `width='stretch'`. For `use_container_width=False`, use `width='content'`.
2026-07-29 20:09:21.448 Please replace `use_container_width` with `width`.

`use_container_width` will be removed after 2025-12-31.

For `use_container_width=True`, use `width='stretch'`. For `use_container_width=False`, use `width='content'`.
2026-07-29 20:09:21.508 Please replace `use_container_width` with `width`.

`use_container_width` will be removed after 2025-12-31.

For `use_container_width=True`, use `width='stretch'`. For `use_container_width=False`, use `width='content'`.
2026-07-29 20:09:21.559 Please replace `use_container_width` with `width`.

`use_container_width` will be removed after 2025-12-31.

For `use_container_width=True`, use `width='stretch'`. For `use_container_width=False`, use `width='content'`.
2026-07-29 20:09:21.607 Please replace `use_container_width` with `width`.

`use_container_width` will be removed after 2025-12-31.

For `use_container_width=True`, use `width='stretch'`. For `use_container_width=False`, use `width='content'`.
2026-07-29 20:09:21.658 Please replace `use_container_width` with `width`.

`use_container_width` will be removed after 2025-12-31.

For `use_container_width=True`, use `width='stretch'`. For `use_container_width=False`, use `width='content'`.
2026-07-29 20:09:21.704 Please replace `use_container_width` with `width`.

`use_container_width` will be removed after 2025-12-31.

For `use_container_width=True`, use `width='stretch'`. For `use_container_width=False`, use `width='content'`.
2026-07-29 20:09:21.755 Please replace `use_container_width` with `width`.

`use_container_width` will be removed after 2025-12-31.

For `use_container_width=True`, use `width='stretch'`. For `use_container_width=False`, use `width='content'`.
2026-07-29 20:09:21.803 Please replace `use_container_width` with `width`.

`use_container_width` will be removed after 2025-12-31.

For `use_container_width=True`, use `width='stretch'`. For `use_container_width=False`, use `width='content'`.
2026-07-29 20:09:21.850 Please replace `use_container_width` with `width`.

`use_container_width` will be removed after 2025-12-31.

For `use_container_width=True`, use `width='stretch'`. For `use_container_width=False`, use `width='content'`.
2026-07-29 20:09:21.901 Please replace `use_container_width` with `width`.

`use_container_width` will be removed after 2025-12-31.

For `use_container_width=True`, use `width='stretch'`. For `use_container_width=False`, use `width='content'`.
2026-07-29 20:09:21.952 Please replace `use_container_width` with `width`.

`use_container_width` will be removed after 2025-12-31.

For `use_container_width=True`, use `width='stretch'`. For `use_container_width=False`, use `width='content'`.
2026-07-29 20:09:21.998 Please replace `use_container_width` with `width`.

`use_container_width` will be removed after 2025-12-31.

For `use_container_width=True`, use `width='stretch'`. For `use_container_width=False`, use `width='content'`.
2026-07-29 20:09:22.050 Please replace `use_container_width` with `width`.

`use_container_width` will be removed after 2025-12-31.

For `use_container_width=True`, use `width='stretch'`. For `use_container_width=False`, use `width='content'`.
2026-07-29 20:09:22.110 Please replace `use_container_width` with `width`.

`use_container_width` will be removed after 2025-12-31.

For `use_container_width=True`, use `width='stretch'`. For `use_container_width=False`, use `width='content'`.
2026-07-29 20:09:22.158 Please replace `use_container_width` with `width`.

`use_container_width` will be removed after 2025-12-31.

For `use_container_width=True`, use `width='stretch'`. For `use_container_width=False`, use `width='content'`.
2026-07-29 20:09:22.209 Please replace `use_container_width` with `width`.

`use_container_width` will be removed after 2025-12-31.

For `use_container_width=True`, use `width='stretch'`. For `use_container_width=False`, use `width='content'`.
2026-07-29 20:09:22.263 Please replace `use_container_width` with `width`.

`use_container_width` will be removed after 2025-12-31.

For `use_container_width=True`, use `width='stretch'`. For `use_container_width=False`, use `width='content'`.
2026-07-29 20:09:22.313 Please replace `use_container_width` with `width`.

`use_container_width` will be removed after 2025-12-31.

For `use_container_width=True`, use `width='stretch'`. For `use_container_width=False`, use `width='content'`.
2026-07-29 20:09:22.360 Please replace `use_container_width` with `width`.

`use_container_width` will be removed after 2025-12-31.

For `use_container_width=True`, use `width='stretch'`. For `use_container_width=False`, use `width='content'`.
2026-07-29 20:09:22.372 Please replace `use_container_width` with `width`.

`use_container_width` will be removed after 2025-12-31.

For `use_container_width=True`, use `width='stretch'`. For `use_container_width=False`, use `width='content'`.
2026-07-29 20:09:22.373 Please replace `use_container_width` with `width`.

`use_container_width` will be removed after 2025-12-31.

For `use_container_width=True`, use `width='stretch'`. For `use_container_width=False`, use `width='content'`.
2026-07-29 20:09:22.421 Please replace `use_container_width` with `width`.

`use_container_width` will be removed after 2025-12-31.

For `use_container_width=True`, use `width='stretch'`. For `use_container_width=False`, use `width='content'`.
2026-07-29 20:09:22.469 Please replace `use_container_width` with `width`.

`use_container_width` will be removed after 2025-12-31.

For `use_container_width=True`, use `width='stretch'`. For `use_container_width=False`, use `width='content'`.
2026-07-29 20:09:22.517 Please replace `use_container_width` with `width`.

`use_container_width` will be removed after 2025-12-31.

For `use_container_width=True`, use `width='stretch'`. For `use_container_width=False`, use `width='content'`.
2026-07-29 20:09:22.566 Please replace `use_container_width` with `width`.

`use_container_width` will be removed after 2025-12-31.

For `use_container_width=True`, use `width='stretch'`. For `use_container_width=False`, use `width='content'`.
2026-07-29 20:09:22.619 Please replace `use_container_width` with `width`.

`use_container_width` will be removed after 2025-12-31.

For `use_container_width=True`, use `width='stretch'`. For `use_container_width=False`, use `width='content'`.
2026-07-29 20:09:22.666 Please replace `use_container_width` with `width`.

`use_container_width` will be removed after 2025-12-31.

For `use_container_width=True`, use `width='stretch'`. For `use_container_width=False`, use `width='content'`.
2026-07-29 20:09:22.714 Please replace `use_container_width` with `width`.

`use_container_width` will be removed after 2025-12-31.

For `use_container_width=True`, use `width='stretch'`. For `use_container_width=False`, use `width='content'`.
2026-07-29 20:09:22.760 Please replace `use_container_width` with `width`.

`use_container_width` will be removed after 2025-12-31.

For `use_container_width=True`, use `width='stretch'`. For `use_container_width=False`, use `width='content'`.
2026-07-29 20:09:22.812 Please replace `use_container_width` with `width`.

`use_container_width` will be removed after 2025-12-31.

For `use_container_width=True`, use `width='stretch'`. For `use_container_width=False`, use `width='content'`.
2026-07-29 20:09:22.860 Please replace `use_container_width` with `width`.

`use_container_width` will be removed after 2025-12-31.

For `use_container_width=True`, use `width='stretch'`. For `use_container_width=False`, use `width='content'`.
2026-07-29 20:09:22.915 Please replace `use_container_width` with `width`.

`use_container_width` will be removed after 2025-12-31.

For `use_container_width=True`, use `width='stretch'`. For `use_container_width=False`, use `width='content'`.
2026-07-29 20:09:22.968 Please replace `use_container_width` with `width`.

`use_container_width` will be removed after 2025-12-31.

For `use_container_width=True`, use `width='stretch'`. For `use_container_width=False`, use `width='content'`.
2026-07-29 20:09:23.016 Please replace `use_container_width` with `width`.

`use_container_width` will be removed after 2025-12-31.

For `use_container_width=True`, use `width='stretch'`. For `use_container_width=False`, use `width='content'`.
2026-07-29 20:09:23.067 Please replace `use_container_width` with `width`.

`use_container_width` will be removed after 2025-12-31.

For `use_container_width=True`, use `width='stretch'`. For `use_container_width=False`, use `width='content'`.
2026-07-29 20:09:23.116 Please replace `use_container_width` with `width`.

`use_container_width` will be removed after 2025-12-31.

For `use_container_width=True`, use `width='stretch'`. For `use_container_width=False`, use `width='content'`.
2026-07-29 20:09:23.164 Please replace `use_container_width` with `width`.

`use_container_width` will be removed after 2025-12-31.

For `use_container_width=True`, use `width='stretch'`. For `use_container_width=False`, use `width='content'`.
2026-07-29 20:09:23.218 Please replace `use_container_width` with `width`.

`use_container_width` will be removed after 2025-12-31.

For `use_container_width=True`, use `width='stretch'`. For `use_container_width=False`, use `width='content'`.
2026-07-29 20:09:23.267 Please replace `use_container_width` with `width`.

`use_container_width` will be removed after 2025-12-31.

For `use_container_width=True`, use `width='stretch'`. For `use_container_width=False`, use `width='content'`.
2026-07-29 20:09:23.315 Please replace `use_container_width` with `width`.

`use_container_width` will be removed after 2025-12-31.

For `use_container_width=True`, use `width='stretch'`. For `use_container_width=False`, use `width='content'`.
2026-07-29 20:09:23.363 Please replace `use_container_width` with `width`.

`use_container_width` will be removed after 2025-12-31.

For `use_container_width=True`, use `width='stretch'`. For `use_container_width=False`, use `width='content'`.
2026-07-29 20:09:23.374 Please replace `use_container_width` with `width`.

`use_container_width` will be removed after 2025-12-31.

For `use_container_width=True`, use `width='stretch'`. For `use_container_width=False`, use `width='content'`.
2026-07-29 20:09:23.375 Please replace `use_container_width` with `width`.

`use_container_width` will be removed after 2025-12-31.

For `use_container_width=True`, use `width='stretch'`. For `use_container_width=False`, use `width='content'`.
2026-07-29 20:09:23.418 Please replace `use_container_width` with `width`.

`use_container_width` will be removed after 2025-12-31.

For `use_container_width=True`, use `width='stretch'`. For `use_container_width=False`, use `width='content'`.
2026-07-29 20:09:23.467 Please replace `use_container_width` with `width`.

`use_container_width` will be removed after 2025-12-31.

For `use_container_width=True`, use `width='stretch'`. For `use_container_width=False`, use `width='content'`.
2026-07-29 20:09:23.518 Please replace `use_container_width` with `width`.

`use_container_width` will be removed after 2025-12-31.

For `use_container_width=True`, use `width='stretch'`. For `use_container_width=False`, use `width='content'`.
2026-07-29 20:09:23.565 Please replace `use_container_width` with `width`.

`use_container_width` will be removed after 2025-12-31.

For `use_container_width=True`, use `width='stretch'`. For `use_container_width=False`, use `width='content'`.
2026-07-29 20:09:23.614 Please replace `use_container_width` with `width`.

`use_container_width` will be removed after 2025-12-31.

For `use_container_width=True`, use `width='stretch'`. For `use_container_width=False`, use `width='content'`.
2026-07-29 20:09:23.665 Please replace `use_container_width` with `width`.

`use_container_width` will be removed after 2025-12-31.

For `use_container_width=True`, use `width='stretch'`. For `use_container_width=False`, use `width='content'`.
2026-07-29 20:09:23.714 Please replace `use_container_width` with `width`.

`use_container_width` will be removed after 2025-12-31.

For `use_container_width=True`, use `width='stretch'`. For `use_container_width=False`, use `width='content'`.
2026-07-29 20:09:23.765 Please replace `use_container_width` with `width`.

`use_container_width` will be removed after 2025-12-31.

For `use_container_width=True`, use `width='stretch'`. For `use_container_width=False`, use `width='content'`.
2026-07-29 20:09:23.811 Please replace `use_container_width` with `width`.

`use_container_width` will be removed after 2025-12-31.

For `use_container_width=True`, use `width='stretch'`. For `use_container_width=False`, use `width='content'`.
2026-07-29 20:09:23.861 Please replace `use_container_width` with `width`.

`use_container_width` will be removed after 2025-12-31.

For `use_container_width=True`, use `width='stretch'`. For `use_container_width=False`, use `width='content'`.
2026-07-29 20:09:23.915 Please replace `use_container_width` with `width`.

`use_container_width` will be removed after 2025-12-31.

For `use_container_width=True`, use `width='stretch'`. For `use_container_width=False`, use `width='content'`.
2026-07-29 20:09:23.962 Please replace `use_container_width` with `width`.

`use_container_width` will be removed after 2025-12-31.

For `use_container_width=True`, use `width='stretch'`. For `use_container_width=False`, use `width='content'`.
2026-07-29 20:09:24.009 Please replace `use_container_width` with `width`.

`use_container_width` will be removed after 2025-12-31.

For `use_container_width=True`, use `width='stretch'`. For `use_container_width=False`, use `width='content'`.
2026-07-29 20:09:24.057 Please replace `use_container_width` with `width`.

`use_container_width` will be removed after 2025-12-31.

For `use_container_width=True`, use `width='stretch'`. For `use_container_width=False`, use `width='content'`.
2026-07-29 20:09:24.108 Please replace `use_container_width` with `width`.

`use_container_width` will be removed after 2025-12-31.

For `use_container_width=True`, use `width='stretch'`. For `use_container_width=False`, use `width='content'`.
2026-07-29 20:09:24.157 Please replace `use_container_width` with `width`.

`use_container_width` will be removed after 2025-12-31.

For `use_container_width=True`, use `width='stretch'`. For `use_container_width=False`, use `width='content'`.
2026-07-29 20:09:24.209 Please replace `use_container_width` with `width`.

`use_container_width` will be removed after 2025-12-31.

For `use_container_width=True`, use `width='stretch'`. For `use_container_width=False`, use `width='content'`.
2026-07-29 20:09:24.257 Please replace `use_container_width` with `width`.

`use_container_width` will be removed after 2025-12-31.

For `use_container_width=True`, use `width='stretch'`. For `use_container_width=False`, use `width='content'`.
2026-07-29 20:09:24.308 Please replace `use_container_width` with `width`.

`use_container_width` will be removed after 2025-12-31.

For `use_container_width=True`, use `width='stretch'`. For `use_container_width=False`, use `width='content'`.
2026-07-29 20:09:24.356 Please replace `use_container_width` with `width`.

`use_container_width` will be removed after 2025-12-31.

For `use_container_width=True`, use `width='stretch'`. For `use_container_width=False`, use `width='content'`.
2026-07-29 20:09:24.405 Please replace `use_container_width` with `width`.

`use_container_width` will be removed after 2025-12-31.

For `use_container_width=True`, use `width='stretch'`. For `use_container_width=False`, use `width='content'`.
2026-07-29 20:09:24.415 Please replace `use_container_width` with `width`.

`use_container_width` will be removed after 2025-12-31.

For `use_container_width=True`, use `width='stretch'`. For `use_container_width=False`, use `width='content'`.
2026-07-29 20:09:24.416 Please replace `use_container_width` with `width`.

`use_container_width` will be removed after 2025-12-31.

For `use_container_width=True`, use `width='stretch'`. For `use_container_width=False`, use `width='content'`.
2026-07-29 20:09:24.464 Please replace `use_container_width` with `width`.

`use_container_width` will be removed after 2025-12-31.

For `use_container_width=True`, use `width='stretch'`. For `use_container_width=False`, use `width='content'`.
2026-07-29 20:09:24.515 Please replace `use_container_width` with `width`.

`use_container_width` will be removed after 2025-12-31.

For `use_container_width=True`, use `width='stretch'`. For `use_container_width=False`, use `width='content'`.
2026-07-29 20:09:24.563 Please replace `use_container_width` with `width`.

`use_container_width` will be removed after 2025-12-31.

For `use_container_width=True`, use `width='stretch'`. For `use_container_width=False`, use `width='content'`.
2026-07-29 20:09:24.614 Please replace `use_container_width` with `width`.

`use_container_width` will be removed after 2025-12-31.

For `use_container_width=True`, use `width='stretch'`. For `use_container_width=False`, use `width='content'`.
2026-07-29 20:09:24.664 Please replace `use_container_width` with `width`.

`use_container_width` will be removed after 2025-12-31.

For `use_container_width=True`, use `width='stretch'`. For `use_container_width=False`, use `width='content'`.
2026-07-29 20:09:24.710 Please replace `use_container_width` with `width`.

`use_container_width` will be removed after 2025-12-31.

For `use_container_width=True`, use `width='stretch'`. For `use_container_width=False`, use `width='content'`.
2026-07-29 20:09:24.761 Please replace `use_container_width` with `width`.

`use_container_width` will be removed after 2025-12-31.

For `use_container_width=True`, use `width='stretch'`. For `use_container_width=False`, use `width='content'`.
2026-07-29 20:09:24.808 Please replace `use_container_width` with `width`.

`use_container_width` will be removed after 2025-12-31.

For `use_container_width=True`, use `width='stretch'`. For `use_container_width=False`, use `width='content'`.
2026-07-29 20:09:24.858 Please replace `use_container_width` with `width`.

`use_container_width` will be removed after 2025-12-31.

For `use_container_width=True`, use `width='stretch'`. For `use_container_width=False`, use `width='content'`.
2026-07-29 20:09:24.907 Please replace `use_container_width` with `width`.

`use_container_width` will be removed after 2025-12-31.

For `use_container_width=True`, use `width='stretch'`. For `use_container_width=False`, use `width='content'`.
2026-07-29 20:09:24.955 Please replace `use_container_width` with `width`.

`use_container_width` will be removed after 2025-12-31.

For `use_container_width=True`, use `width='stretch'`. For `use_container_width=False`, use `width='content'`.
2026-07-29 20:09:25.005 Please replace `use_container_width` with `width`.

`use_container_width` will be removed after 2025-12-31.

For `use_container_width=True`, use `width='stretch'`. For `use_container_width=False`, use `width='content'`.
2026-07-29 20:09:25.054 Please replace `use_container_width` with `width`.

`use_container_width` will be removed after 2025-12-31.

For `use_container_width=True`, use `width='stretch'`. For `use_container_width=False`, use `width='content'`.
2026-07-29 20:09:25.105 Please replace `use_container_width` with `width`.

`use_container_width` will be removed after 2025-12-31.

For `use_container_width=True`, use `width='stretch'`. For `use_container_width=False`, use `width='content'`.
2026-07-29 20:09:25.152 Please replace `use_container_width` with `width`.

`use_container_width` will be removed after 2025-12-31.

For `use_container_width=True`, use `width='stretch'`. For `use_container_width=False`, use `width='content'`.
2026-07-29 20:09:25.200 Please replace `use_container_width` with `width`.

`use_container_width` will be removed after 2025-12-31.

For `use_container_width=True`, use `width='stretch'`. For `use_container_width=False`, use `width='content'`.
2026-07-29 20:09:25.246 Please replace `use_container_width` with `width`.

`use_container_width` will be removed after 2025-12-31.

For `use_container_width=True`, use `width='stretch'`. For `use_container_width=False`, use `width='content'`.
2026-07-29 20:09:25.294 Please replace `use_container_width` with `width`.

`use_container_width` will be removed after 2025-12-31.

For `use_container_width=True`, use `width='stretch'`. For `use_container_width=False`, use `width='content'`.
2026-07-29 20:09:25.345 Please replace `use_container_width` with `width`.

`use_container_width` will be removed after 2025-12-31.

For `use_container_width=True`, use `width='stretch'`. For `use_container_width=False`, use `width='content'`.
2026-07-29 20:09:25.395 Please replace `use_container_width` with `width`.

`use_container_width` will be removed after 2025-12-31.

For `use_container_width=True`, use `width='stretch'`. For `use_container_width=False`, use `width='content'`.
2026-07-29 20:09:25.447 Please replace `use_container_width` with `width`.

`use_container_width` will be removed after 2025-12-31.

For `use_container_width=True`, use `width='stretch'`. For `use_container_width=False`, use `width='content'`.
2026-07-29 20:09:25.458 Please replace `use_container_width` with `width`.

`use_container_width` will be removed after 2025-12-31.

For `use_container_width=True`, use `width='stretch'`. For `use_container_width=False`, use `width='content'`.
2026-07-29 20:09:25.459 Please replace `use_container_width` with `width`.

`use_container_width` will be removed after 2025-12-31.

For `use_container_width=True`, use `width='stretch'`. For `use_container_width=False`, use `width='content'`.
2026-07-29 20:09:25.504 Please replace `use_container_width` with `width`.

`use_container_width` will be removed after 2025-12-31.

For `use_container_width=True`, use `width='stretch'`. For `use_container_width=False`, use `width='content'`.
2026-07-29 20:09:25.551 Please replace `use_container_width` with `width`.

`use_container_width` will be removed after 2025-12-31.

For `use_container_width=True`, use `width='stretch'`. For `use_container_width=False`, use `width='content'`.
2026-07-29 20:09:25.602 Please replace `use_container_width` with `width`.

`use_container_width` will be removed after 2025-12-31.

For `use_container_width=True`, use `width='stretch'`. For `use_container_width=False`, use `width='content'`.
2026-07-29 20:09:25.654 Please replace `use_container_width` with `width`.

`use_container_width` will be removed after 2025-12-31.

For `use_container_width=True`, use `width='stretch'`. For `use_container_width=False`, use `width='content'`.
2026-07-29 20:09:25.704 Please replace `use_container_width` with `width`.

`use_container_width` will be removed after 2025-12-31.

For `use_container_width=True`, use `width='stretch'`. For `use_container_width=False`, use `width='content'`.
2026-07-29 20:09:25.754 Please replace `use_container_width` with `width`.

`use_container_width` will be removed after 2025-12-31.

For `use_container_width=True`, use `width='stretch'`. For `use_container_width=False`, use `width='content'`.
2026-07-29 20:09:25.805 Please replace `use_container_width` with `width`.

`use_container_width` will be removed after 2025-12-31.

For `use_container_width=True`, use `width='stretch'`. For `use_container_width=False`, use `width='content'`.
2026-07-29 20:09:25.856 Please replace `use_container_width` with `width`.

`use_container_width` will be removed after 2025-12-31.

For `use_container_width=True`, use `width='stretch'`. For `use_container_width=False`, use `width='content'`.
2026-07-29 20:09:25.907 Please replace `use_container_width` with `width`.

`use_container_width` will be removed after 2025-12-31.

For `use_container_width=True`, use `width='stretch'`. For `use_container_width=False`, use `width='content'`.
2026-07-29 20:09:25.955 Please replace `use_container_width` with `width`.

`use_container_width` will be removed after 2025-12-31.

For `use_container_width=True`, use `width='stretch'`. For `use_container_width=False`, use `width='content'`.
2026-07-29 20:09:26.004 Please replace `use_container_width` with `width`.

`use_container_width` will be removed after 2025-12-31.

For `use_container_width=True`, use `width='stretch'`. For `use_container_width=False`, use `width='content'`.
2026-07-29 20:09:26.059 Please replace `use_container_width` with `width`.

`use_container_width` will be removed after 2025-12-31.

For `use_container_width=True`, use `width='stretch'`. For `use_container_width=False`, use `width='content'`.
2026-07-29 20:09:26.110 Please replace `use_container_width` with `width`.

`use_container_width` will be removed after 2025-12-31.

For `use_container_width=True`, use `width='stretch'`. For `use_container_width=False`, use `width='content'`.
2026-07-29 20:09:26.162 Please replace `use_container_width` with `width`.

`use_container_width` will be removed after 2025-12-31.

For `use_container_width=True`, use `width='stretch'`. For `use_container_width=False`, use `width='content'`.
2026-07-29 20:09:26.209 Please replace `use_container_width` with `width`.

`use_container_width` will be removed after 2025-12-31.

For `use_container_width=True`, use `width='stretch'`. For `use_container_width=False`, use `width='content'`.
2026-07-29 20:09:26.256 Please replace `use_container_width` with `width`.

`use_container_width` will be removed after 2025-12-31.

For `use_container_width=True`, use `width='stretch'`. For `use_container_width=False`, use `width='content'`.
2026-07-29 20:09:26.301 Please replace `use_container_width` with `width`.

`use_container_width` will be removed after 2025-12-31.

For `use_container_width=True`, use `width='stretch'`. For `use_container_width=False`, use `width='content'`.
2026-07-29 20:09:26.353 Please replace `use_container_width` with `width`.

`use_container_width` will be removed after 2025-12-31.

For `use_container_width=True`, use `width='stretch'`. For `use_container_width=False`, use `width='content'`.
2026-07-29 20:09:26.404 Please replace `use_container_width` with `width`.

`use_container_width` will be removed after 2025-12-31.

For `use_container_width=True`, use `width='stretch'`. For `use_container_width=False`, use `width='content'`.
2026-07-29 20:09:26.451 Please replace `use_container_width` with `width`.

`use_container_width` will be removed after 2025-12-31.

For `use_container_width=True`, use `width='stretch'`. For `use_container_width=False`, use `width='content'`.
2026-07-29 20:09:26.463 Please replace `use_container_width` with `width`.

`use_container_width` will be removed after 2025-12-31.

For `use_container_width=True`, use `width='stretch'`. For `use_container_width=False`, use `width='content'`.
2026-07-29 20:09:26.464 Please replace `use_container_width` with `width`.

`use_container_width` will be removed after 2025-12-31.

For `use_container_width=True`, use `width='stretch'`. For `use_container_width=False`, use `width='content'`.
2026-07-29 20:09:26.512 Please replace `use_container_width` with `width`.

`use_container_width` will be removed after 2025-12-31.

For `use_container_width=True`, use `width='stretch'`. For `use_container_width=False`, use `width='content'`.
2026-07-29 20:09:26.560 Please replace `use_container_width` with `width`.

`use_container_width` will be removed after 2025-12-31.

For `use_container_width=True`, use `width='stretch'`. For `use_container_width=False`, use `width='content'`.
2026-07-29 20:09:26.607 Please replace `use_container_width` with `width`.

`use_container_width` will be removed after 2025-12-31.

For `use_container_width=True`, use `width='stretch'`. For `use_container_width=False`, use `width='content'`.
2026-07-29 20:09:26.660 Please replace `use_container_width` with `width`.

`use_container_width` will be removed after 2025-12-31.

For `use_container_width=True`, use `width='stretch'`. For `use_container_width=False`, use `width='content'`.
2026-07-29 20:09:26.709 Please replace `use_container_width` with `width`.

`use_container_width` will be removed after 2025-12-31.

For `use_container_width=True`, use `width='stretch'`. For `use_container_width=False`, use `width='content'`.
2026-07-29 20:09:26.756 Please replace `use_container_width` with `width`.

`use_container_width` will be removed after 2025-12-31.

For `use_container_width=True`, use `width='stretch'`. For `use_container_width=False`, use `width='content'`.
2026-07-29 20:09:26.806 Please replace `use_container_width` with `width`.

`use_container_width` will be removed after 2025-12-31.

For `use_container_width=True`, use `width='stretch'`. For `use_container_width=False`, use `width='content'`.
2026-07-29 20:09:26.853 Please replace `use_container_width` with `width`.

`use_container_width` will be removed after 2025-12-31.

For `use_container_width=True`, use `width='stretch'`. For `use_container_width=False`, use `width='content'`.
2026-07-29 20:09:26.905 Please replace `use_container_width` with `width`.

`use_container_width` will be removed after 2025-12-31.

For `use_container_width=True`, use `width='stretch'`. For `use_container_width=False`, use `width='content'`.
2026-07-29 20:09:26.964 Please replace `use_container_width` with `width`.

`use_container_width` will be removed after 2025-12-31.

For `use_container_width=True`, use `width='stretch'`. For `use_container_width=False`, use `width='content'`.
2026-07-29 20:09:27.019 Please replace `use_container_width` with `width`.

`use_container_width` will be removed after 2025-12-31.

For `use_container_width=True`, use `width='stretch'`. For `use_container_width=False`, use `width='content'`.
2026-07-29 20:09:27.071 Please replace `use_container_width` with `width`.

`use_container_width` will be removed after 2025-12-31.

For `use_container_width=True`, use `width='stretch'`. For `use_container_width=False`, use `width='content'`.
2026-07-29 20:09:27.122 Please replace `use_container_width` with `width`.

`use_container_width` will be removed after 2025-12-31.

For `use_container_width=True`, use `width='stretch'`. For `use_container_width=False`, use `width='content'`.
2026-07-29 20:09:27.174 Please replace `use_container_width` with `width`.

`use_container_width` will be removed after 2025-12-31.

For `use_container_width=True`, use `width='stretch'`. For `use_container_width=False`, use `width='content'`.
2026-07-29 20:09:27.223 Please replace `use_container_width` with `width`.

`use_container_width` will be removed after 2025-12-31.

For `use_container_width=True`, use `width='stretch'`. For `use_container_width=False`, use `width='content'`.
2026-07-29 20:09:27.269 Please replace `use_container_width` with `width`.

`use_container_width` will be removed after 2025-12-31.

For `use_container_width=True`, use `width='stretch'`. For `use_container_width=False`, use `width='content'`.
2026-07-29 20:09:27.317 Please replace `use_container_width` with `width`.

`use_container_width` will be removed after 2025-12-31.

For `use_container_width=True`, use `width='stretch'`. For `use_container_width=False`, use `width='content'`.
2026-07-29 20:09:27.369 Please replace `use_container_width` with `width`.

`use_container_width` will be removed after 2025-12-31.

For `use_container_width=True`, use `width='stretch'`. For `use_container_width=False`, use `width='content'`.
2026-07-29 20:09:27.420 Please replace `use_container_width` with `width`.

`use_container_width` will be removed after 2025-12-31.

For `use_container_width=True`, use `width='stretch'`. For `use_container_width=False`, use `width='content'`.
2026-07-29 20:09:27.469 Please replace `use_container_width` with `width`.

`use_container_width` will be removed after 2025-12-31.

For `use_container_width=True`, use `width='stretch'`. For `use_container_width=False`, use `width='content'`.
2026-07-29 20:09:27.480 Please replace `use_container_width` with `width`.

`use_container_width` will be removed after 2025-12-31.

For `use_container_width=True`, use `width='stretch'`. For `use_container_width=False`, use `width='content'`.
2026-07-29 20:09:27.481 Please replace `use_container_width` with `width`.

`use_container_width` will be removed after 2025-12-31.

For `use_container_width=True`, use `width='stretch'`. For `use_container_width=False`, use `width='content'`.
2026-07-29 20:09:27.527 Please replace `use_container_width` with `width`.

`use_container_width` will be removed after 2025-12-31.

For `use_container_width=True`, use `width='stretch'`. For `use_container_width=False`, use `width='content'`.
2026-07-29 20:09:27.576 Please replace `use_container_width` with `width`.

`use_container_width` will be removed after 2025-12-31.

For `use_container_width=True`, use `width='stretch'`. For `use_container_width=False`, use `width='content'`.
2026-07-29 20:09:27.623 Please replace `use_container_width` with `width`.

`use_container_width` will be removed after 2025-12-31.

For `use_container_width=True`, use `width='stretch'`. For `use_container_width=False`, use `width='content'`.
2026-07-29 20:09:27.671 Please replace `use_container_width` with `width`.

`use_container_width` will be removed after 2025-12-31.

For `use_container_width=True`, use `width='stretch'`. For `use_container_width=False`, use `width='content'`.
2026-07-29 20:09:27.722 Please replace `use_container_width` with `width`.

`use_container_width` will be removed after 2025-12-31.

For `use_container_width=True`, use `width='stretch'`. For `use_container_width=False`, use `width='content'`.
2026-07-29 20:09:27.774 Please replace `use_container_width` with `width`.

`use_container_width` will be removed after 2025-12-31.

For `use_container_width=True`, use `width='stretch'`. For `use_container_width=False`, use `width='content'`.
2026-07-29 20:09:27.824 Please replace `use_container_width` with `width`.

`use_container_width` will be removed after 2025-12-31.

For `use_container_width=True`, use `width='stretch'`. For `use_container_width=False`, use `width='content'`.
2026-07-29 20:09:27.873 Please replace `use_container_width` with `width`.

`use_container_width` will be removed after 2025-12-31.

For `use_container_width=True`, use `width='stretch'`. For `use_container_width=False`, use `width='content'`.
2026-07-29 20:09:27.931 Please replace `use_container_width` with `width`.

`use_container_width` will be removed after 2025-12-31.

For `use_container_width=True`, use `width='stretch'`. For `use_container_width=False`, use `width='content'`.
2026-07-29 20:09:27.979 Please replace `use_container_width` with `width`.

`use_container_width` will be removed after 2025-12-31.

For `use_container_width=True`, use `width='stretch'`. For `use_container_width=False`, use `width='content'`.
2026-07-29 20:09:28.027 Please replace `use_container_width` with `width`.

`use_container_width` will be removed after 2025-12-31.

For `use_container_width=True`, use `width='stretch'`. For `use_container_width=False`, use `width='content'`.
2026-07-29 20:09:28.080 Please replace `use_container_width` with `width`.

`use_container_width` will be removed after 2025-12-31.

For `use_container_width=True`, use `width='stretch'`. For `use_container_width=False`, use `width='content'`.
2026-07-29 20:09:28.131 Please replace `use_container_width` with `width`.

`use_container_width` will be removed after 2025-12-31.

For `use_container_width=True`, use `width='stretch'`. For `use_container_width=False`, use `width='content'`.
2026-07-29 20:09:28.182 Please replace `use_container_width` with `width`.

`use_container_width` will be removed after 2025-12-31.

For `use_container_width=True`, use `width='stretch'`. For `use_container_width=False`, use `width='content'`.
2026-07-29 20:09:28.235 Please replace `use_container_width` with `width`.

`use_container_width` will be removed after 2025-12-31.

For `use_container_width=True`, use `width='stretch'`. For `use_container_width=False`, use `width='content'`.
2026-07-29 20:09:28.287 Please replace `use_container_width` with `width`.

`use_container_width` will be removed after 2025-12-31.

For `use_container_width=True`, use `width='stretch'`. For `use_container_width=False`, use `width='content'`.
2026-07-29 20:09:28.341 Please replace `use_container_width` with `width`.

`use_container_width` will be removed after 2025-12-31.

For `use_container_width=True`, use `width='stretch'`. For `use_container_width=False`, use `width='content'`.
2026-07-29 20:09:28.398 Please replace `use_container_width` with `width`.

`use_container_width` will be removed after 2025-12-31.

For `use_container_width=True`, use `width='stretch'`. For `use_container_width=False`, use `width='content'`.
2026-07-29 20:09:28.450 Please replace `use_container_width` with `width`.

`use_container_width` will be removed after 2025-12-31.

For `use_container_width=True`, use `width='stretch'`. For `use_container_width=False`, use `width='content'`.
2026-07-29 20:09:28.501 Please replace `use_container_width` with `width`.

`use_container_width` will be removed after 2025-12-31.

For `use_container_width=True`, use `width='stretch'`. For `use_container_width=False`, use `width='content'`.
2026-07-29 20:09:28.514 Please replace `use_container_width` with `width`.

`use_container_width` will be removed after 2025-12-31.

For `use_container_width=True`, use `width='stretch'`. For `use_container_width=False`, use `width='content'`.
2026-07-29 20:09:28.515 Please replace `use_container_width` with `width`.

`use_container_width` will be removed after 2025-12-31.

For `use_container_width=True`, use `width='stretch'`. For `use_container_width=False`, use `width='content'`.
2026-07-29 20:09:28.567 Please replace `use_container_width` with `width`.

`use_container_width` will be removed after 2025-12-31.

For `use_container_width=True`, use `width='stretch'`. For `use_container_width=False`, use `width='content'`.
2026-07-29 20:09:28.616 Please replace `use_container_width` with `width`.

`use_container_width` will be removed after 2025-12-31.

For `use_container_width=True`, use `width='stretch'`. For `use_container_width=False`, use `width='content'`.
2026-07-29 20:09:28.668 Please replace `use_container_width` with `width`.

`use_container_width` will be removed after 2025-12-31.

For `use_container_width=True`, use `width='stretch'`. For `use_container_width=False`, use `width='content'`.
2026-07-29 20:09:28.717 Please replace `use_container_width` with `width`.

`use_container_width` will be removed after 2025-12-31.

For `use_container_width=True`, use `width='stretch'`. For `use_container_width=False`, use `width='content'`.
2026-07-29 20:09:28.768 Please replace `use_container_width` with `width`.

`use_container_width` will be removed after 2025-12-31.

For `use_container_width=True`, use `width='stretch'`. For `use_container_width=False`, use `width='content'`.
2026-07-29 20:09:28.821 Please replace `use_container_width` with `width`.

`use_container_width` will be removed after 2025-12-31.

For `use_container_width=True`, use `width='stretch'`. For `use_container_width=False`, use `width='content'`.
2026-07-29 20:09:28.869 Please replace `use_container_width` with `width`.

`use_container_width` will be removed after 2025-12-31.

For `use_container_width=True`, use `width='stretch'`. For `use_container_width=False`, use `width='content'`.
2026-07-29 20:09:28.924 Please replace `use_container_width` with `width`.

`use_container_width` will be removed after 2025-12-31.

For `use_container_width=True`, use `width='stretch'`. For `use_container_width=False`, use `width='content'`.
2026-07-29 20:09:28.978 Please replace `use_container_width` with `width`.

`use_container_width` will be removed after 2025-12-31.

For `use_container_width=True`, use `width='stretch'`. For `use_container_width=False`, use `width='content'`.
2026-07-29 20:09:29.032 Please replace `use_container_width` with `width`.

`use_container_width` will be removed after 2025-12-31.

For `use_container_width=True`, use `width='stretch'`. For `use_container_width=False`, use `width='content'`.
2026-07-29 20:09:29.081 Please replace `use_container_width` with `width`.

`use_container_width` will be removed after 2025-12-31.

For `use_container_width=True`, use `width='stretch'`. For `use_container_width=False`, use `width='content'`.
2026-07-29 20:09:29.135 Please replace `use_container_width` with `width`.

`use_container_width` will be removed after 2025-12-31.

For `use_container_width=True`, use `width='stretch'`. For `use_container_width=False`, use `width='content'`.
2026-07-29 20:09:29.186 Please replace `use_container_width` with `width`.

`use_container_width` will be removed after 2025-12-31.

For `use_container_width=True`, use `width='stretch'`. For `use_container_width=False`, use `width='content'`.
2026-07-29 20:09:29.236 Please replace `use_container_width` with `width`.

`use_container_width` will be removed after 2025-12-31.

For `use_container_width=True`, use `width='stretch'`. For `use_container_width=False`, use `width='content'`.
2026-07-29 20:09:29.290 Please replace `use_container_width` with `width`.

`use_container_width` will be removed after 2025-12-31.

For `use_container_width=True`, use `width='stretch'`. For `use_container_width=False`, use `width='content'`.
2026-07-29 20:09:29.343 Please replace `use_container_width` with `width`.

`use_container_width` will be removed after 2025-12-31.

For `use_container_width=True`, use `width='stretch'`. For `use_container_width=False`, use `width='content'`.
2026-07-29 20:09:29.396 Please replace `use_container_width` with `width`.

`use_container_width` will be removed after 2025-12-31.

For `use_container_width=True`, use `width='stretch'`. For `use_container_width=False`, use `width='content'`.
2026-07-29 20:09:29.450 Please replace `use_container_width` with `width`.

`use_container_width` will be removed after 2025-12-31.

For `use_container_width=True`, use `width='stretch'`. For `use_container_width=False`, use `width='content'`.
2026-07-29 20:09:29.509 Please replace `use_container_width` with `width`.

`use_container_width` will be removed after 2025-12-31.

For `use_container_width=True`, use `width='stretch'`. For `use_container_width=False`, use `width='content'`.
2026-07-29 20:09:29.522 Please replace `use_container_width` with `width`.

`use_container_width` will be removed after 2025-12-31.

For `use_container_width=True`, use `width='stretch'`. For `use_container_width=False`, use `width='content'`.
2026-07-29 20:09:29.523 Please replace `use_container_width` with `width`.

`use_container_width` will be removed after 2025-12-31.

For `use_container_width=True`, use `width='stretch'`. For `use_container_width=False`, use `width='content'`.
2026-07-29 20:09:29.573 Please replace `use_container_width` with `width`.

`use_container_width` will be removed after 2025-12-31.

For `use_container_width=True`, use `width='stretch'`. For `use_container_width=False`, use `width='content'`.
2026-07-29 20:09:29.623 Please replace `use_container_width` with `width`.

`use_container_width` will be removed after 2025-12-31.

For `use_container_width=True`, use `width='stretch'`. For `use_container_width=False`, use `width='content'`.
2026-07-29 20:09:29.672 Please replace `use_container_width` with `width`.

`use_container_width` will be removed after 2025-12-31.

For `use_container_width=True`, use `width='stretch'`. For `use_container_width=False`, use `width='content'`.
2026-07-29 20:09:29.720 Please replace `use_container_width` with `width`.

`use_container_width` will be removed after 2025-12-31.

For `use_container_width=True`, use `width='stretch'`. For `use_container_width=False`, use `width='content'`.
2026-07-29 20:09:29.768 Please replace `use_container_width` with `width`.

`use_container_width` will be removed after 2025-12-31.

For `use_container_width=True`, use `width='stretch'`. For `use_container_width=False`, use `width='content'`.
2026-07-29 20:09:29.822 Please replace `use_container_width` with `width`.

`use_container_width` will be removed after 2025-12-31.

For `use_container_width=True`, use `width='stretch'`. For `use_container_width=False`, use `width='content'`.
2026-07-29 20:09:29.871 Please replace `use_container_width` with `width`.

`use_container_width` will be removed after 2025-12-31.

For `use_container_width=True`, use `width='stretch'`. For `use_container_width=False`, use `width='content'`.
2026-07-29 20:09:29.931 Please replace `use_container_width` with `width`.

`use_container_width` will be removed after 2025-12-31.

For `use_container_width=True`, use `width='stretch'`. For `use_container_width=False`, use `width='content'`.
2026-07-29 20:09:29.979 Please replace `use_container_width` with `width`.

`use_container_width` will be removed after 2025-12-31.

For `use_container_width=True`, use `width='stretch'`. For `use_container_width=False`, use `width='content'`.
2026-07-29 20:09:30.029 Please replace `use_container_width` with `width`.

`use_container_width` will be removed after 2025-12-31.

For `use_container_width=True`, use `width='stretch'`. For `use_container_width=False`, use `width='content'`.
2026-07-29 20:09:30.077 Please replace `use_container_width` with `width`.

`use_container_width` will be removed after 2025-12-31.

For `use_container_width=True`, use `width='stretch'`. For `use_container_width=False`, use `width='content'`.
2026-07-29 20:09:30.127 Please replace `use_container_width` with `width`.

`use_container_width` will be removed after 2025-12-31.

For `use_container_width=True`, use `width='stretch'`. For `use_container_width=False`, use `width='content'`.
2026-07-29 20:09:30.180 Please replace `use_container_width` with `width`.

`use_container_width` will be removed after 2025-12-31.

For `use_container_width=True`, use `width='stretch'`. For `use_container_width=False`, use `width='content'`.
2026-07-29 20:09:30.235 Please replace `use_container_width` with `width`.

`use_container_width` will be removed after 2025-12-31.

For `use_container_width=True`, use `width='stretch'`. For `use_container_width=False`, use `width='content'`.
2026-07-29 20:09:30.287 Please replace `use_container_width` with `width`.

`use_container_width` will be removed after 2025-12-31.

For `use_container_width=True`, use `width='stretch'`. For `use_container_width=False`, use `width='content'`.
2026-07-29 20:09:30.336 Please replace `use_container_width` with `width`.

`use_container_width` will be removed after 2025-12-31.

For `use_container_width=True`, use `width='stretch'`. For `use_container_width=False`, use `width='content'`.
2026-07-29 20:09:30.389 Please replace `use_container_width` with `width`.

`use_container_width` will be removed after 2025-12-31.

For `use_container_width=True`, use `width='stretch'`. For `use_container_width=False`, use `width='content'`.
2026-07-29 20:09:30.443 Please replace `use_container_width` with `width`.

`use_container_width` will be removed after 2025-12-31.

For `use_container_width=True`, use `width='stretch'`. For `use_container_width=False`, use `width='content'`.
2026-07-29 20:09:30.494 Please replace `use_container_width` with `width`.

`use_container_width` will be removed after 2025-12-31.

For `use_container_width=True`, use `width='stretch'`. For `use_container_width=False`, use `width='content'`.
2026-07-29 20:09:30.546 Please replace `use_container_width` with `width`.

`use_container_width` will be removed after 2025-12-31.

For `use_container_width=True`, use `width='stretch'`. For `use_container_width=False`, use `width='content'`.
2026-07-29 20:09:30.559 Please replace `use_container_width` with `width`.

`use_container_width` will be removed after 2025-12-31.

For `use_container_width=True`, use `width='stretch'`. For `use_container_width=False`, use `width='content'`.
2026-07-29 20:09:30.560 Please replace `use_container_width` with `width`.

`use_container_width` will be removed after 2025-12-31.

For `use_container_width=True`, use `width='stretch'`. For `use_container_width=False`, use `width='content'`.
2026-07-29 20:09:30.604 Please replace `use_container_width` with `width`.

`use_container_width` will be removed after 2025-12-31.

For `use_container_width=True`, use `width='stretch'`. For `use_container_width=False`, use `width='content'`.
2026-07-29 20:09:30.659 Please replace `use_container_width` with `width`.

`use_container_width` will be removed after 2025-12-31.

For `use_container_width=True`, use `width='stretch'`. For `use_container_width=False`, use `width='content'`.
2026-07-29 20:09:30.708 Please replace `use_container_width` with `width`.

`use_container_width` will be removed after 2025-12-31.

For `use_container_width=True`, use `width='stretch'`. For `use_container_width=False`, use `width='content'`.
2026-07-29 20:09:30.760 Please replace `use_container_width` with `width`.

`use_container_width` will be removed after 2025-12-31.

For `use_container_width=True`, use `width='stretch'`. For `use_container_width=False`, use `width='content'`.
2026-07-29 20:09:30.813 Please replace `use_container_width` with `width`.

`use_container_width` will be removed after 2025-12-31.

For `use_container_width=True`, use `width='stretch'`. For `use_container_width=False`, use `width='content'`.
2026-07-29 20:09:30.864 Please replace `use_container_width` with `width`.

`use_container_width` will be removed after 2025-12-31.

For `use_container_width=True`, use `width='stretch'`. For `use_container_width=False`, use `width='content'`.
2026-07-29 20:09:30.914 Please replace `use_container_width` with `width`.

`use_container_width` will be removed after 2025-12-31.

For `use_container_width=True`, use `width='stretch'`. For `use_container_width=False`, use `width='content'`.
2026-07-29 20:09:30.965 Please replace `use_container_width` with `width`.

`use_container_width` will be removed after 2025-12-31.

For `use_container_width=True`, use `width='stretch'`. For `use_container_width=False`, use `width='content'`.
2026-07-29 20:09:31.015 Please replace `use_container_width` with `width`.

`use_container_width` will be removed after 2025-12-31.

For `use_container_width=True`, use `width='stretch'`. For `use_container_width=False`, use `width='content'`.
2026-07-29 20:09:31.068 Please replace `use_container_width` with `width`.

`use_container_width` will be removed after 2025-12-31.

For `use_container_width=True`, use `width='stretch'`. For `use_container_width=False`, use `width='content'`.
2026-07-29 20:09:31.119 Please replace `use_container_width` with `width`.

`use_container_width` will be removed after 2025-12-31.

For `use_container_width=True`, use `width='stretch'`. For `use_container_width=False`, use `width='content'`.
2026-07-29 20:09:31.170 Please replace `use_container_width` with `width`.

`use_container_width` will be removed after 2025-12-31.

For `use_container_width=True`, use `width='stretch'`. For `use_container_width=False`, use `width='content'`.
2026-07-29 20:09:31.218 Please replace `use_container_width` with `width`.

`use_container_width` will be removed after 2025-12-31.

For `use_container_width=True`, use `width='stretch'`. For `use_container_width=False`, use `width='content'`.
2026-07-29 20:09:31.270 Please replace `use_container_width` with `width`.

`use_container_width` will be removed after 2025-12-31.

For `use_container_width=True`, use `width='stretch'`. For `use_container_width=False`, use `width='content'`.
2026-07-29 20:09:31.319 Please replace `use_container_width` with `width`.

`use_container_width` will be removed after 2025-12-31.

For `use_container_width=True`, use `width='stretch'`. For `use_container_width=False`, use `width='content'`.
2026-07-29 20:09:31.368 Please replace `use_container_width` with `width`.

`use_container_width` will be removed after 2025-12-31.

For `use_container_width=True`, use `width='stretch'`. For `use_container_width=False`, use `width='content'`.
2026-07-29 20:09:31.418 Please replace `use_container_width` with `width`.

`use_container_width` will be removed after 2025-12-31.

For `use_container_width=True`, use `width='stretch'`. For `use_container_width=False`, use `width='content'`.
2026-07-29 20:09:31.473 Please replace `use_container_width` with `width`.

`use_container_width` will be removed after 2025-12-31.

For `use_container_width=True`, use `width='stretch'`. For `use_container_width=False`, use `width='content'`.
2026-07-29 20:09:31.527 Please replace `use_container_width` with `width`.

`use_container_width` will be removed after 2025-12-31.

For `use_container_width=True`, use `width='stretch'`. For `use_container_width=False`, use `width='content'`.
2026-07-29 20:09:31.576 Please replace `use_container_width` with `width`.

`use_container_width` will be removed after 2025-12-31.

For `use_container_width=True`, use `width='stretch'`. For `use_container_width=False`, use `width='content'`.
2026-07-29 20:09:31.589 Please replace `use_container_width` with `width`.

`use_container_width` will be removed after 2025-12-31.

For `use_container_width=True`, use `width='stretch'`. For `use_container_width=False`, use `width='content'`.
2026-07-29 20:09:31.590 Please replace `use_container_width` with `width`.

`use_container_width` will be removed after 2025-12-31.

For `use_container_width=True`, use `width='stretch'`. For `use_container_width=False`, use `width='content'`.
2026-07-29 20:09:31.639 Please replace `use_container_width` with `width`.

`use_container_width` will be removed after 2025-12-31.

For `use_container_width=True`, use `width='stretch'`. For `use_container_width=False`, use `width='content'`.
2026-07-29 20:09:31.694 Please replace `use_container_width` with `width`.

`use_container_width` will be removed after 2025-12-31.

For `use_container_width=True`, use `width='stretch'`. For `use_container_width=False`, use `width='content'`.
2026-07-29 20:09:31.746 Please replace `use_container_width` with `width`.

`use_container_width` will be removed after 2025-12-31.

For `use_container_width=True`, use `width='stretch'`. For `use_container_width=False`, use `width='content'`.
2026-07-29 20:09:31.799 Please replace `use_container_width` with `width`.

`use_container_width` will be removed after 2025-12-31.

For `use_container_width=True`, use `width='stretch'`. For `use_container_width=False`, use `width='content'`.
2026-07-29 20:09:31.848 Please replace `use_container_width` with `width`.

`use_container_width` will be removed after 2025-12-31.

For `use_container_width=True`, use `width='stretch'`. For `use_container_width=False`, use `width='content'`.
2026-07-29 20:09:31.902 Please replace `use_container_width` with `width`.

`use_container_width` will be removed after 2025-12-31.

For `use_container_width=True`, use `width='stretch'`. For `use_container_width=False`, use `width='content'`.
2026-07-29 20:09:31.952 Please replace `use_container_width` with `width`.

`use_container_width` will be removed after 2025-12-31.

For `use_container_width=True`, use `width='stretch'`. For `use_container_width=False`, use `width='content'`.
2026-07-29 20:09:32.006 Please replace `use_container_width` with `width`.

`use_container_width` will be removed after 2025-12-31.

For `use_container_width=True`, use `width='stretch'`. For `use_container_width=False`, use `width='content'`.
2026-07-29 20:09:32.056 Please replace `use_container_width` with `width`.

`use_container_width` will be removed after 2025-12-31.

For `use_container_width=True`, use `width='stretch'`. For `use_container_width=False`, use `width='content'`.
2026-07-29 20:09:32.105 Please replace `use_container_width` with `width`.

`use_container_width` will be removed after 2025-12-31.

For `use_container_width=True`, use `width='stretch'`. For `use_container_width=False`, use `width='content'`.
2026-07-29 20:09:32.153 Please replace `use_container_width` with `width`.

`use_container_width` will be removed after 2025-12-31.

For `use_container_width=True`, use `width='stretch'`. For `use_container_width=False`, use `width='content'`.
2026-07-29 20:09:32.207 Please replace `use_container_width` with `width`.

`use_container_width` will be removed after 2025-12-31.

For `use_container_width=True`, use `width='stretch'`. For `use_container_width=False`, use `width='content'`.
2026-07-29 20:09:32.257 Please replace `use_container_width` with `width`.

`use_container_width` will be removed after 2025-12-31.

For `use_container_width=True`, use `width='stretch'`. For `use_container_width=False`, use `width='content'`.
2026-07-29 20:09:32.306 Please replace `use_container_width` with `width`.

`use_container_width` will be removed after 2025-12-31.

For `use_container_width=True`, use `width='stretch'`. For `use_container_width=False`, use `width='content'`.
2026-07-29 20:09:32.356 Please replace `use_container_width` with `width`.

`use_container_width` will be removed after 2025-12-31.

For `use_container_width=True`, use `width='stretch'`. For `use_container_width=False`, use `width='content'`.
2026-07-29 20:09:32.404 Please replace `use_container_width` with `width`.

`use_container_width` will be removed after 2025-12-31.

For `use_container_width=True`, use `width='stretch'`. For `use_container_width=False`, use `width='content'`.
2026-07-29 20:09:32.456 Please replace `use_container_width` with `width`.

`use_container_width` will be removed after 2025-12-31.

For `use_container_width=True`, use `width='stretch'`. For `use_container_width=False`, use `width='content'`.
2026-07-29 20:09:32.507 Please replace `use_container_width` with `width`.

`use_container_width` will be removed after 2025-12-31.

For `use_container_width=True`, use `width='stretch'`. For `use_container_width=False`, use `width='content'`.
2026-07-29 20:09:32.560 Please replace `use_container_width` with `width`.

`use_container_width` will be removed after 2025-12-31.

For `use_container_width=True`, use `width='stretch'`. For `use_container_width=False`, use `width='content'`.
2026-07-29 20:09:32.614 Please replace `use_container_width` with `width`.

`use_container_width` will be removed after 2025-12-31.

For `use_container_width=True`, use `width='stretch'`. For `use_container_width=False`, use `width='content'`.
2026-07-29 20:09:32.626 Please replace `use_container_width` with `width`.

`use_container_width` will be removed after 2025-12-31.

For `use_container_width=True`, use `width='stretch'`. For `use_container_width=False`, use `width='content'`.
2026-07-29 20:09:32.627 Please replace `use_container_width` with `width`.

`use_container_width` will be removed after 2025-12-31.

For `use_container_width=True`, use `width='stretch'`. For `use_container_width=False`, use `width='content'`.
2026-07-29 20:09:32.677 Please replace `use_container_width` with `width`.

`use_container_width` will be removed after 2025-12-31.

For `use_container_width=True`, use `width='stretch'`. For `use_container_width=False`, use `width='content'`.
2026-07-29 20:09:32.726 Please replace `use_container_width` with `width`.

`use_container_width` will be removed after 2025-12-31.

For `use_container_width=True`, use `width='stretch'`. For `use_container_width=False`, use `width='content'`.
2026-07-29 20:09:32.778 Please replace `use_container_width` with `width`.

`use_container_width` will be removed after 2025-12-31.

For `use_container_width=True`, use `width='stretch'`. For `use_container_width=False`, use `width='content'`.
2026-07-29 20:09:32.827 Please replace `use_container_width` with `width`.

`use_container_width` will be removed after 2025-12-31.

For `use_container_width=True`, use `width='stretch'`. For `use_container_width=False`, use `width='content'`.
2026-07-29 20:09:32.880 Please replace `use_container_width` with `width`.

`use_container_width` will be removed after 2025-12-31.

For `use_container_width=True`, use `width='stretch'`. For `use_container_width=False`, use `width='content'`.
2026-07-29 20:09:32.934 Please replace `use_container_width` with `width`.

`use_container_width` will be removed after 2025-12-31.

For `use_container_width=True`, use `width='stretch'`. For `use_container_width=False`, use `width='content'`.
2026-07-29 20:09:32.988 Please replace `use_container_width` with `width`.

`use_container_width` will be removed after 2025-12-31.

For `use_container_width=True`, use `width='stretch'`. For `use_container_width=False`, use `width='content'`.
2026-07-29 20:09:33.036 Please replace `use_container_width` with `width`.

`use_container_width` will be removed after 2025-12-31.

For `use_container_width=True`, use `width='stretch'`. For `use_container_width=False`, use `width='content'`.
2026-07-29 20:09:33.090 Please replace `use_container_width` with `width`.

`use_container_width` will be removed after 2025-12-31.

For `use_container_width=True`, use `width='stretch'`. For `use_container_width=False`, use `width='content'`.
2026-07-29 20:09:33.139 Please replace `use_container_width` with `width`.

`use_container_width` will be removed after 2025-12-31.

For `use_container_width=True`, use `width='stretch'`. For `use_container_width=False`, use `width='content'`.
2026-07-29 20:09:33.187 Please replace `use_container_width` with `width`.

`use_container_width` will be removed after 2025-12-31.

For `use_container_width=True`, use `width='stretch'`. For `use_container_width=False`, use `width='content'`.
2026-07-29 20:09:33.238 Please replace `use_container_width` with `width`.

`use_container_width` will be removed after 2025-12-31.

For `use_container_width=True`, use `width='stretch'`. For `use_container_width=False`, use `width='content'`.
2026-07-29 20:09:33.290 Please replace `use_container_width` with `width`.

`use_container_width` will be removed after 2025-12-31.

For `use_container_width=True`, use `width='stretch'`. For `use_container_width=False`, use `width='content'`.
2026-07-29 20:09:33.341 Please replace `use_container_width` with `width`.

`use_container_width` will be removed after 2025-12-31.

For `use_container_width=True`, use `width='stretch'`. For `use_container_width=False`, use `width='content'`.
2026-07-29 20:09:33.394 Please replace `use_container_width` with `width`.

`use_container_width` will be removed after 2025-12-31.

For `use_container_width=True`, use `width='stretch'`. For `use_container_width=False`, use `width='content'`.
2026-07-29 20:09:33.443 Please replace `use_container_width` with `width`.

`use_container_width` will be removed after 2025-12-31.

For `use_container_width=True`, use `width='stretch'`. For `use_container_width=False`, use `width='content'`.
2026-07-29 20:09:33.497 Please replace `use_container_width` with `width`.

`use_container_width` will be removed after 2025-12-31.

For `use_container_width=True`, use `width='stretch'`. For `use_container_width=False`, use `width='content'`.
2026-07-29 20:09:33.547 Please replace `use_container_width` with `width`.

`use_container_width` will be removed after 2025-12-31.

For `use_container_width=True`, use `width='stretch'`. For `use_container_width=False`, use `width='content'`.
2026-07-29 20:09:33.600 Please replace `use_container_width` with `width`.

`use_container_width` will be removed after 2025-12-31.

For `use_container_width=True`, use `width='stretch'`. For `use_container_width=False`, use `width='content'`.
2026-07-29 20:09:33.649 Please replace `use_container_width` with `width`.

`use_container_width` will be removed after 2025-12-31.

For `use_container_width=True`, use `width='stretch'`. For `use_container_width=False`, use `width='content'`.
2026-07-29 20:09:33.661 Please replace `use_container_width` with `width`.

`use_container_width` will be removed after 2025-12-31.

For `use_container_width=True`, use `width='stretch'`. For `use_container_width=False`, use `width='content'`.
2026-07-29 20:09:33.662 Please replace `use_container_width` with `width`.

`use_container_width` will be removed after 2025-12-31.

For `use_container_width=True`, use `width='stretch'`. For `use_container_width=False`, use `width='content'`.
2026-07-29 20:09:33.707 Please replace `use_container_width` with `width`.

`use_container_width` will be removed after 2025-12-31.

For `use_container_width=True`, use `width='stretch'`. For `use_container_width=False`, use `width='content'`.
2026-07-29 20:09:33.756 Please replace `use_container_width` with `width`.

`use_container_width` will be removed after 2025-12-31.

For `use_container_width=True`, use `width='stretch'`. For `use_container_width=False`, use `width='content'`.
2026-07-29 20:09:33.811 Please replace `use_container_width` with `width`.

`use_container_width` will be removed after 2025-12-31.

For `use_container_width=True`, use `width='stretch'`. For `use_container_width=False`, use `width='content'`.
2026-07-29 20:09:33.865 Please replace `use_container_width` with `width`.

`use_container_width` will be removed after 2025-12-31.

For `use_container_width=True`, use `width='stretch'`. For `use_container_width=False`, use `width='content'`.
2026-07-29 20:09:33.913 Please replace `use_container_width` with `width`.

`use_container_width` will be removed after 2025-12-31.

For `use_container_width=True`, use `width='stretch'`. For `use_container_width=False`, use `width='content'`.
2026-07-29 20:09:33.962 Please replace `use_container_width` with `width`.

`use_container_width` will be removed after 2025-12-31.

For `use_container_width=True`, use `width='stretch'`. For `use_container_width=False`, use `width='content'`.
2026-07-29 20:09:34.014 Please replace `use_container_width` with `width`.

`use_container_width` will be removed after 2025-12-31.

For `use_container_width=True`, use `width='stretch'`. For `use_container_width=False`, use `width='content'`.
2026-07-29 20:09:34.063 Please replace `use_container_width` with `width`.

`use_container_width` will be removed after 2025-12-31.

For `use_container_width=True`, use `width='stretch'`. For `use_container_width=False`, use `width='content'`.
2026-07-29 20:09:34.112 Please replace `use_container_width` with `width`.

`use_container_width` will be removed after 2025-12-31.

For `use_container_width=True`, use `width='stretch'`. For `use_container_width=False`, use `width='content'`.
2026-07-29 20:09:34.162 Please replace `use_container_width` with `width`.

`use_container_width` will be removed after 2025-12-31.

For `use_container_width=True`, use `width='stretch'`. For `use_container_width=False`, use `width='content'`.
2026-07-29 20:09:34.210 Please replace `use_container_width` with `width`.

`use_container_width` will be removed after 2025-12-31.

For `use_container_width=True`, use `width='stretch'`. For `use_container_width=False`, use `width='content'`.
2026-07-29 20:09:34.264 Please replace `use_container_width` with `width`.

`use_container_width` will be removed after 2025-12-31.

For `use_container_width=True`, use `width='stretch'`. For `use_container_width=False`, use `width='content'`.
2026-07-29 20:09:34.314 Please replace `use_container_width` with `width`.

`use_container_width` will be removed after 2025-12-31.

For `use_container_width=True`, use `width='stretch'`. For `use_container_width=False`, use `width='content'`.
2026-07-29 20:09:34.363 Please replace `use_container_width` with `width`.

`use_container_width` will be removed after 2025-12-31.

For `use_container_width=True`, use `width='stretch'`. For `use_container_width=False`, use `width='content'`.
2026-07-29 20:09:34.413 Please replace `use_container_width` with `width`.

`use_container_width` will be removed after 2025-12-31.

For `use_container_width=True`, use `width='stretch'`. For `use_container_width=False`, use `width='content'`.
2026-07-29 20:09:34.463 Please replace `use_container_width` with `width`.

`use_container_width` will be removed after 2025-12-31.

For `use_container_width=True`, use `width='stretch'`. For `use_container_width=False`, use `width='content'`.
2026-07-29 20:09:34.511 Please replace `use_container_width` with `width`.

`use_container_width` will be removed after 2025-12-31.

For `use_container_width=True`, use `width='stretch'`. For `use_container_width=False`, use `width='content'`.
2026-07-29 20:09:34.562 Please replace `use_container_width` with `width`.

`use_container_width` will be removed after 2025-12-31.

For `use_container_width=True`, use `width='stretch'`. For `use_container_width=False`, use `width='content'`.
2026-07-29 20:09:34.615 Please replace `use_container_width` with `width`.

`use_container_width` will be removed after 2025-12-31.

For `use_container_width=True`, use `width='stretch'`. For `use_container_width=False`, use `width='content'`.
2026-07-29 20:09:34.667 Please replace `use_container_width` with `width`.

`use_container_width` will be removed after 2025-12-31.

For `use_container_width=True`, use `width='stretch'`. For `use_container_width=False`, use `width='content'`.
2026-07-29 20:09:34.680 Please replace `use_container_width` with `width`.

`use_container_width` will be removed after 2025-12-31.

For `use_container_width=True`, use `width='stretch'`. For `use_container_width=False`, use `width='content'`.
2026-07-29 20:09:34.682 Please replace `use_container_width` with `width`.

`use_container_width` will be removed after 2025-12-31.

For `use_container_width=True`, use `width='stretch'`. For `use_container_width=False`, use `width='content'`.
2026-07-29 20:09:34.729 Please replace `use_container_width` with `width`.

`use_container_width` will be removed after 2025-12-31.

For `use_container_width=True`, use `width='stretch'`. For `use_container_width=False`, use `width='content'`.
2026-07-29 20:09:34.778 Please replace `use_container_width` with `width`.

`use_container_width` will be removed after 2025-12-31.

For `use_container_width=True`, use `width='stretch'`. For `use_container_width=False`, use `width='content'`.
2026-07-29 20:09:34.831 Please replace `use_container_width` with `width`.

`use_container_width` will be removed after 2025-12-31.

For `use_container_width=True`, use `width='stretch'`. For `use_container_width=False`, use `width='content'`.
2026-07-29 20:09:34.879 Please replace `use_container_width` with `width`.

`use_container_width` will be removed after 2025-12-31.

For `use_container_width=True`, use `width='stretch'`. For `use_container_width=False`, use `width='content'`.
2026-07-29 20:09:34.929 Please replace `use_container_width` with `width`.

`use_container_width` will be removed after 2025-12-31.

For `use_container_width=True`, use `width='stretch'`. For `use_container_width=False`, use `width='content'`.
2026-07-29 20:09:34.982 Please replace `use_container_width` with `width`.

`use_container_width` will be removed after 2025-12-31.

For `use_container_width=True`, use `width='stretch'`. For `use_container_width=False`, use `width='content'`.
2026-07-29 20:09:35.032 Please replace `use_container_width` with `width`.

`use_container_width` will be removed after 2025-12-31.

For `use_container_width=True`, use `width='stretch'`. For `use_container_width=False`, use `width='content'`.
2026-07-29 20:09:35.086 Please replace `use_container_width` with `width`.

`use_container_width` will be removed after 2025-12-31.

For `use_container_width=True`, use `width='stretch'`. For `use_container_width=False`, use `width='content'`.
2026-07-29 20:09:35.141 Please replace `use_container_width` with `width`.

`use_container_width` will be removed after 2025-12-31.

For `use_container_width=True`, use `width='stretch'`. For `use_container_width=False`, use `width='content'`.
2026-07-29 20:09:35.195 Please replace `use_container_width` with `width`.

`use_container_width` will be removed after 2025-12-31.

For `use_container_width=True`, use `width='stretch'`. For `use_container_width=False`, use `width='content'`.
2026-07-29 20:09:35.249 Please replace `use_container_width` with `width`.

`use_container_width` will be removed after 2025-12-31.

For `use_container_width=True`, use `width='stretch'`. For `use_container_width=False`, use `width='content'`.
2026-07-29 20:09:35.311 Please replace `use_container_width` with `width`.

`use_container_width` will be removed after 2025-12-31.

For `use_container_width=True`, use `width='stretch'`. For `use_container_width=False`, use `width='content'`.
2026-07-29 20:09:35.361 Please replace `use_container_width` with `width`.

`use_container_width` will be removed after 2025-12-31.

For `use_container_width=True`, use `width='stretch'`. For `use_container_width=False`, use `width='content'`.
2026-07-29 20:09:35.409 Please replace `use_container_width` with `width`.

`use_container_width` will be removed after 2025-12-31.

For `use_container_width=True`, use `width='stretch'`. For `use_container_width=False`, use `width='content'`.
2026-07-29 20:09:35.463 Please replace `use_container_width` with `width`.

`use_container_width` will be removed after 2025-12-31.

For `use_container_width=True`, use `width='stretch'`. For `use_container_width=False`, use `width='content'`.
2026-07-29 20:09:35.512 Please replace `use_container_width` with `width`.

`use_container_width` will be removed after 2025-12-31.

For `use_container_width=True`, use `width='stretch'`. For `use_container_width=False`, use `width='content'`.
2026-07-29 20:09:35.561 Please replace `use_container_width` with `width`.

`use_container_width` will be removed after 2025-12-31.

For `use_container_width=True`, use `width='stretch'`. For `use_container_width=False`, use `width='content'`.
2026-07-29 20:09:35.611 Please replace `use_container_width` with `width`.

`use_container_width` will be removed after 2025-12-31.

For `use_container_width=True`, use `width='stretch'`. For `use_container_width=False`, use `width='content'`.
2026-07-29 20:09:35.665 Please replace `use_container_width` with `width`.

`use_container_width` will be removed after 2025-12-31.

For `use_container_width=True`, use `width='stretch'`. For `use_container_width=False`, use `width='content'`.
2026-07-29 20:09:35.714 Please replace `use_container_width` with `width`.

`use_container_width` will be removed after 2025-12-31.

For `use_container_width=True`, use `width='stretch'`. For `use_container_width=False`, use `width='content'`.
2026-07-29 20:09:35.726 Please replace `use_container_width` with `width`.

`use_container_width` will be removed after 2025-12-31.

For `use_container_width=True`, use `width='stretch'`. For `use_container_width=False`, use `width='content'`.
2026-07-29 20:09:35.727 Please replace `use_container_width` with `width`.

`use_container_width` will be removed after 2025-12-31.

For `use_container_width=True`, use `width='stretch'`. For `use_container_width=False`, use `width='content'`.
2026-07-29 20:09:35.774 Please replace `use_container_width` with `width`.

`use_container_width` will be removed after 2025-12-31.

For `use_container_width=True`, use `width='stretch'`. For `use_container_width=False`, use `width='content'`.
2026-07-29 20:09:35.822 Please replace `use_container_width` with `width`.

`use_container_width` will be removed after 2025-12-31.

For `use_container_width=True`, use `width='stretch'`. For `use_container_width=False`, use `width='content'`.
2026-07-29 20:09:35.874 Please replace `use_container_width` with `width`.

`use_container_width` will be removed after 2025-12-31.

For `use_container_width=True`, use `width='stretch'`. For `use_container_width=False`, use `width='content'`.
2026-07-29 20:09:35.928 Please replace `use_container_width` with `width`.

`use_container_width` will be removed after 2025-12-31.

For `use_container_width=True`, use `width='stretch'`. For `use_container_width=False`, use `width='content'`.
2026-07-29 20:09:35.981 Please replace `use_container_width` with `width`.

`use_container_width` will be removed after 2025-12-31.

For `use_container_width=True`, use `width='stretch'`. For `use_container_width=False`, use `width='content'`.
2026-07-29 20:09:36.035 Please replace `use_container_width` with `width`.

`use_container_width` will be removed after 2025-12-31.

For `use_container_width=True`, use `width='stretch'`. For `use_container_width=False`, use `width='content'`.
2026-07-29 20:09:36.087 Please replace `use_container_width` with `width`.

`use_container_width` will be removed after 2025-12-31.

For `use_container_width=True`, use `width='stretch'`. For `use_container_width=False`, use `width='content'`.
2026-07-29 20:09:36.135 Please replace `use_container_width` with `width`.

`use_container_width` will be removed after 2025-12-31.

For `use_container_width=True`, use `width='stretch'`. For `use_container_width=False`, use `width='content'`.
2026-07-29 20:09:36.189 Please replace `use_container_width` with `width`.

`use_container_width` will be removed after 2025-12-31.

For `use_container_width=True`, use `width='stretch'`. For `use_container_width=False`, use `width='content'`.
2026-07-29 20:09:36.242 Please replace `use_container_width` with `width`.

`use_container_width` will be removed after 2025-12-31.

For `use_container_width=True`, use `width='stretch'`. For `use_container_width=False`, use `width='content'`.
2026-07-29 20:09:36.295 Please replace `use_container_width` with `width`.

`use_container_width` will be removed after 2025-12-31.

For `use_container_width=True`, use `width='stretch'`. For `use_container_width=False`, use `width='content'`.
2026-07-29 20:09:36.349 Please replace `use_container_width` with `width`.

`use_container_width` will be removed after 2025-12-31.

For `use_container_width=True`, use `width='stretch'`. For `use_container_width=False`, use `width='content'`.
2026-07-29 20:09:36.402 Please replace `use_container_width` with `width`.

`use_container_width` will be removed after 2025-12-31.

For `use_container_width=True`, use `width='stretch'`. For `use_container_width=False`, use `width='content'`.
2026-07-29 20:09:36.451 Please replace `use_container_width` with `width`.

`use_container_width` will be removed after 2025-12-31.

For `use_container_width=True`, use `width='stretch'`. For `use_container_width=False`, use `width='content'`.
2026-07-29 20:09:36.505 Please replace `use_container_width` with `width`.

`use_container_width` will be removed after 2025-12-31.

For `use_container_width=True`, use `width='stretch'`. For `use_container_width=False`, use `width='content'`.
2026-07-29 20:09:36.557 Please replace `use_container_width` with `width`.

`use_container_width` will be removed after 2025-12-31.

For `use_container_width=True`, use `width='stretch'`. For `use_container_width=False`, use `width='content'`.
2026-07-29 20:09:36.611 Please replace `use_container_width` with `width`.

`use_container_width` will be removed after 2025-12-31.

For `use_container_width=True`, use `width='stretch'`. For `use_container_width=False`, use `width='content'`.
2026-07-29 20:09:36.665 Please replace `use_container_width` with `width`.

`use_container_width` will be removed after 2025-12-31.

For `use_container_width=True`, use `width='stretch'`. For `use_container_width=False`, use `width='content'`.
2026-07-29 20:09:36.713 Please replace `use_container_width` with `width`.

`use_container_width` will be removed after 2025-12-31.

For `use_container_width=True`, use `width='stretch'`. For `use_container_width=False`, use `width='content'`.
2026-07-29 20:09:36.761 Please replace `use_container_width` with `width`.

`use_container_width` will be removed after 2025-12-31.

For `use_container_width=True`, use `width='stretch'`. For `use_container_width=False`, use `width='content'`.
2026-07-29 20:09:36.774 Please replace `use_container_width` with `width`.

`use_container_width` will be removed after 2025-12-31.

For `use_container_width=True`, use `width='stretch'`. For `use_container_width=False`, use `width='content'`.
2026-07-29 20:09:36.775 Please replace `use_container_width` with `width`.

`use_container_width` will be removed after 2025-12-31.

For `use_container_width=True`, use `width='stretch'`. For `use_container_width=False`, use `width='content'`.
2026-07-29 20:09:36.823 Please replace `use_container_width` with `width`.

`use_container_width` will be removed after 2025-12-31.

For `use_container_width=True`, use `width='stretch'`. For `use_container_width=False`, use `width='content'`.
2026-07-29 20:09:36.873 Please replace `use_container_width` with `width`.

`use_container_width` will be removed after 2025-12-31.

For `use_container_width=True`, use `width='stretch'`. For `use_container_width=False`, use `width='content'`.
2026-07-29 20:09:36.922 Please replace `use_container_width` with `width`.

`use_container_width` will be removed after 2025-12-31.

For `use_container_width=True`, use `width='stretch'`. For `use_container_width=False`, use `width='content'`.
2026-07-29 20:09:36.973 Please replace `use_container_width` with `width`.

`use_container_width` will be removed after 2025-12-31.

For `use_container_width=True`, use `width='stretch'`. For `use_container_width=False`, use `width='content'`.
2026-07-29 20:09:37.023 Please replace `use_container_width` with `width`.

`use_container_width` will be removed after 2025-12-31.

For `use_container_width=True`, use `width='stretch'`. For `use_container_width=False`, use `width='content'`.
2026-07-29 20:09:37.072 Please replace `use_container_width` with `width`.

`use_container_width` will be removed after 2025-12-31.

For `use_container_width=True`, use `width='stretch'`. For `use_container_width=False`, use `width='content'`.
2026-07-29 20:09:37.124 Please replace `use_container_width` with `width`.

`use_container_width` will be removed after 2025-12-31.

For `use_container_width=True`, use `width='stretch'`. For `use_container_width=False`, use `width='content'`.
2026-07-29 20:09:37.172 Please replace `use_container_width` with `width`.

`use_container_width` will be removed after 2025-12-31.

For `use_container_width=True`, use `width='stretch'`. For `use_container_width=False`, use `width='content'`.
2026-07-29 20:09:37.221 Please replace `use_container_width` with `width`.

`use_container_width` will be removed after 2025-12-31.

For `use_container_width=True`, use `width='stretch'`. For `use_container_width=False`, use `width='content'`.
2026-07-29 20:09:37.272 Please replace `use_container_width` with `width`.

`use_container_width` will be removed after 2025-12-31.

For `use_container_width=True`, use `width='stretch'`. For `use_container_width=False`, use `width='content'`.
2026-07-29 20:09:37.321 Please replace `use_container_width` with `width`.

`use_container_width` will be removed after 2025-12-31.

For `use_container_width=True`, use `width='stretch'`. For `use_container_width=False`, use `width='content'`.
2026-07-29 20:09:37.378 Please replace `use_container_width` with `width`.

`use_container_width` will be removed after 2025-12-31.

For `use_container_width=True`, use `width='stretch'`. For `use_container_width=False`, use `width='content'`.
2026-07-29 20:09:37.431 Please replace `use_container_width` with `width`.

`use_container_width` will be removed after 2025-12-31.

For `use_container_width=True`, use `width='stretch'`. For `use_container_width=False`, use `width='content'`.
2026-07-29 20:09:37.485 Please replace `use_container_width` with `width`.

`use_container_width` will be removed after 2025-12-31.

For `use_container_width=True`, use `width='stretch'`. For `use_container_width=False`, use `width='content'`.
2026-07-29 20:09:37.534 Please replace `use_container_width` with `width`.

`use_container_width` will be removed after 2025-12-31.

For `use_container_width=True`, use `width='stretch'`. For `use_container_width=False`, use `width='content'`.
2026-07-29 20:09:37.587 Please replace `use_container_width` with `width`.

`use_container_width` will be removed after 2025-12-31.

For `use_container_width=True`, use `width='stretch'`. For `use_container_width=False`, use `width='content'`.
2026-07-29 20:09:37.639 Please replace `use_container_width` with `width`.

`use_container_width` will be removed after 2025-12-31.

For `use_container_width=True`, use `width='stretch'`. For `use_container_width=False`, use `width='content'`.
2026-07-29 20:09:37.689 Please replace `use_container_width` with `width`.

`use_container_width` will be removed after 2025-12-31.

For `use_container_width=True`, use `width='stretch'`. For `use_container_width=False`, use `width='content'`.
2026-07-29 20:09:37.737 Please replace `use_container_width` with `width`.

`use_container_width` will be removed after 2025-12-31.

For `use_container_width=True`, use `width='stretch'`. For `use_container_width=False`, use `width='content'`.
2026-07-29 20:09:37.789 Please replace `use_container_width` with `width`.

`use_container_width` will be removed after 2025-12-31.

For `use_container_width=True`, use `width='stretch'`. For `use_container_width=False`, use `width='content'`.
2026-07-29 20:09:37.802 Please replace `use_container_width` with `width`.

`use_container_width` will be removed after 2025-12-31.

For `use_container_width=True`, use `width='stretch'`. For `use_container_width=False`, use `width='content'`.
2026-07-29 20:09:37.803 Please replace `use_container_width` with `width`.

`use_container_width` will be removed after 2025-12-31.

For `use_container_width=True`, use `width='stretch'`. For `use_container_width=False`, use `width='content'`.
2026-07-29 20:09:37.849 Please replace `use_container_width` with `width`.

`use_container_width` will be removed after 2025-12-31.

For `use_container_width=True`, use `width='stretch'`. For `use_container_width=False`, use `width='content'`.
2026-07-29 20:09:37.903 Please replace `use_container_width` with `width`.

`use_container_width` will be removed after 2025-12-31.

For `use_container_width=True`, use `width='stretch'`. For `use_container_width=False`, use `width='content'`.
2026-07-29 20:09:37.956 Please replace `use_container_width` with `width`.

`use_container_width` will be removed after 2025-12-31.

For `use_container_width=True`, use `width='stretch'`. For `use_container_width=False`, use `width='content'`.
2026-07-29 20:09:38.006 Please replace `use_container_width` with `width`.

`use_container_width` will be removed after 2025-12-31.

For `use_container_width=True`, use `width='stretch'`. For `use_container_width=False`, use `width='content'`.
2026-07-29 20:09:38.057 Please replace `use_container_width` with `width`.

`use_container_width` will be removed after 2025-12-31.

For `use_container_width=True`, use `width='stretch'`. For `use_container_width=False`, use `width='content'`.
2026-07-29 20:09:38.107 Please replace `use_container_width` with `width`.

`use_container_width` will be removed after 2025-12-31.

For `use_container_width=True`, use `width='stretch'`. For `use_container_width=False`, use `width='content'`.
2026-07-29 20:09:38.157 Please replace `use_container_width` with `width`.

`use_container_width` will be removed after 2025-12-31.

For `use_container_width=True`, use `width='stretch'`. For `use_container_width=False`, use `width='content'`.
2026-07-29 20:09:38.208 Please replace `use_container_width` with `width`.

`use_container_width` will be removed after 2025-12-31.

For `use_container_width=True`, use `width='stretch'`. For `use_container_width=False`, use `width='content'`.
2026-07-29 20:09:38.257 Please replace `use_container_width` with `width`.

`use_container_width` will be removed after 2025-12-31.

For `use_container_width=True`, use `width='stretch'`. For `use_container_width=False`, use `width='content'`.
2026-07-29 20:09:38.310 Please replace `use_container_width` with `width`.

`use_container_width` will be removed after 2025-12-31.

For `use_container_width=True`, use `width='stretch'`. For `use_container_width=False`, use `width='content'`.
2026-07-29 20:09:38.360 Please replace `use_container_width` with `width`.

`use_container_width` will be removed after 2025-12-31.

For `use_container_width=True`, use `width='stretch'`. For `use_container_width=False`, use `width='content'`.
2026-07-29 20:09:38.410 Please replace `use_container_width` with `width`.

`use_container_width` will be removed after 2025-12-31.

For `use_container_width=True`, use `width='stretch'`. For `use_container_width=False`, use `width='content'`.
2026-07-29 20:09:38.459 Please replace `use_container_width` with `width`.

`use_container_width` will be removed after 2025-12-31.

For `use_container_width=True`, use `width='stretch'`. For `use_container_width=False`, use `width='content'`.
2026-07-29 20:09:38.507 Please replace `use_container_width` with `width`.

`use_container_width` will be removed after 2025-12-31.

For `use_container_width=True`, use `width='stretch'`. For `use_container_width=False`, use `width='content'`.
2026-07-29 20:09:38.559 Please replace `use_container_width` with `width`.

`use_container_width` will be removed after 2025-12-31.

For `use_container_width=True`, use `width='stretch'`. For `use_container_width=False`, use `width='content'`.
2026-07-29 20:09:38.612 Please replace `use_container_width` with `width`.

`use_container_width` will be removed after 2025-12-31.

For `use_container_width=True`, use `width='stretch'`. For `use_container_width=False`, use `width='content'`.
2026-07-29 20:09:38.666 Please replace `use_container_width` with `width`.

`use_container_width` will be removed after 2025-12-31.

For `use_container_width=True`, use `width='stretch'`. For `use_container_width=False`, use `width='content'`.
2026-07-29 20:09:38.720 Please replace `use_container_width` with `width`.

`use_container_width` will be removed after 2025-12-31.

For `use_container_width=True`, use `width='stretch'`. For `use_container_width=False`, use `width='content'`.
2026-07-29 20:09:38.772 Please replace `use_container_width` with `width`.

`use_container_width` will be removed after 2025-12-31.

For `use_container_width=True`, use `width='stretch'`. For `use_container_width=False`, use `width='content'`.
2026-07-29 20:09:38.822 Please replace `use_container_width` with `width`.

`use_container_width` will be removed after 2025-12-31.

For `use_container_width=True`, use `width='stretch'`. For `use_container_width=False`, use `width='content'`.
2026-07-29 20:09:38.833 Please replace `use_container_width` with `width`.

`use_container_width` will be removed after 2025-12-31.

For `use_container_width=True`, use `width='stretch'`. For `use_container_width=False`, use `width='content'`.
2026-07-29 20:09:38.835 Please replace `use_container_width` with `width`.

`use_container_width` will be removed after 2025-12-31.

For `use_container_width=True`, use `width='stretch'`. For `use_container_width=False`, use `width='content'`.
2026-07-29 20:09:38.883 Please replace `use_container_width` with `width`.

`use_container_width` will be removed after 2025-12-31.

For `use_container_width=True`, use `width='stretch'`. For `use_container_width=False`, use `width='content'`.
2026-07-29 20:09:38.934 Please replace `use_container_width` with `width`.

`use_container_width` will be removed after 2025-12-31.

For `use_container_width=True`, use `width='stretch'`. For `use_container_width=False`, use `width='content'`.
2026-07-29 20:09:38.982 Please replace `use_container_width` with `width`.

`use_container_width` will be removed after 2025-12-31.

For `use_container_width=True`, use `width='stretch'`. For `use_container_width=False`, use `width='content'`.
2026-07-29 20:09:39.032 Please replace `use_container_width` with `width`.

`use_container_width` will be removed after 2025-12-31.

For `use_container_width=True`, use `width='stretch'`. For `use_container_width=False`, use `width='content'`.
2026-07-29 20:09:39.085 Please replace `use_container_width` with `width`.

`use_container_width` will be removed after 2025-12-31.

For `use_container_width=True`, use `width='stretch'`. For `use_container_width=False`, use `width='content'`.
2026-07-29 20:09:39.136 Please replace `use_container_width` with `width`.

`use_container_width` will be removed after 2025-12-31.

For `use_container_width=True`, use `width='stretch'`. For `use_container_width=False`, use `width='content'`.
2026-07-29 20:09:39.189 Please replace `use_container_width` with `width`.

`use_container_width` will be removed after 2025-12-31.

For `use_container_width=True`, use `width='stretch'`. For `use_container_width=False`, use `width='content'`.
2026-07-29 20:09:39.238 Please replace `use_container_width` with `width`.

`use_container_width` will be removed after 2025-12-31.

For `use_container_width=True`, use `width='stretch'`. For `use_container_width=False`, use `width='content'`.
2026-07-29 20:09:39.290 Please replace `use_container_width` with `width`.

`use_container_width` will be removed after 2025-12-31.

For `use_container_width=True`, use `width='stretch'`. For `use_container_width=False`, use `width='content'`.
2026-07-29 20:09:39.341 Please replace `use_container_width` with `width`.

`use_container_width` will be removed after 2025-12-31.

For `use_container_width=True`, use `width='stretch'`. For `use_container_width=False`, use `width='content'`.
2026-07-29 20:09:39.394 Please replace `use_container_width` with `width`.

`use_container_width` will be removed after 2025-12-31.

For `use_container_width=True`, use `width='stretch'`. For `use_container_width=False`, use `width='content'`.
2026-07-29 20:09:39.444 Please replace `use_container_width` with `width`.

`use_container_width` will be removed after 2025-12-31.

For `use_container_width=True`, use `width='stretch'`. For `use_container_width=False`, use `width='content'`.
2026-07-29 20:09:39.495 Please replace `use_container_width` with `width`.

`use_container_width` will be removed after 2025-12-31.

For `use_container_width=True`, use `width='stretch'`. For `use_container_width=False`, use `width='content'`.
2026-07-29 20:09:39.545 Please replace `use_container_width` with `width`.

`use_container_width` will be removed after 2025-12-31.

For `use_container_width=True`, use `width='stretch'`. For `use_container_width=False`, use `width='content'`.
2026-07-29 20:09:39.596 Please replace `use_container_width` with `width`.

`use_container_width` will be removed after 2025-12-31.

For `use_container_width=True`, use `width='stretch'`. For `use_container_width=False`, use `width='content'`.
2026-07-29 20:09:39.650 Please replace `use_container_width` with `width`.

`use_container_width` will be removed after 2025-12-31.

For `use_container_width=True`, use `width='stretch'`. For `use_container_width=False`, use `width='content'`.
2026-07-29 20:09:39.703 Please replace `use_container_width` with `width`.

`use_container_width` will be removed after 2025-12-31.

For `use_container_width=True`, use `width='stretch'`. For `use_container_width=False`, use `width='content'`.
2026-07-29 20:09:39.757 Please replace `use_container_width` with `width`.

`use_container_width` will be removed after 2025-12-31.

For `use_container_width=True`, use `width='stretch'`. For `use_container_width=False`, use `width='content'`.
2026-07-29 20:09:39.807 Please replace `use_container_width` with `width`.

`use_container_width` will be removed after 2025-12-31.

For `use_container_width=True`, use `width='stretch'`. For `use_container_width=False`, use `width='content'`.
2026-07-29 20:09:39.857 Please replace `use_container_width` with `width`.

`use_container_width` will be removed after 2025-12-31.

For `use_container_width=True`, use `width='stretch'`. For `use_container_width=False`, use `width='content'`.
2026-07-29 20:09:39.869 Please replace `use_container_width` with `width`.

`use_container_width` will be removed after 2025-12-31.

For `use_container_width=True`, use `width='stretch'`. For `use_container_width=False`, use `width='content'`.
2026-07-29 20:09:39.870 Please replace `use_container_width` with `width`.

`use_container_width` will be removed after 2025-12-31.

For `use_container_width=True`, use `width='stretch'`. For `use_container_width=False`, use `width='content'`.
2026-07-29 20:09:39.919 Please replace `use_container_width` with `width`.

`use_container_width` will be removed after 2025-12-31.

For `use_container_width=True`, use `width='stretch'`. For `use_container_width=False`, use `width='content'`.
2026-07-29 20:09:39.970 Please replace `use_container_width` with `width`.

`use_container_width` will be removed after 2025-12-31.

For `use_container_width=True`, use `width='stretch'`. For `use_container_width=False`, use `width='content'`.
2026-07-29 20:09:40.019 Please replace `use_container_width` with `width`.

`use_container_width` will be removed after 2025-12-31.

For `use_container_width=True`, use `width='stretch'`. For `use_container_width=False`, use `width='content'`.
2026-07-29 20:09:40.073 Please replace `use_container_width` with `width`.

`use_container_width` will be removed after 2025-12-31.

For `use_container_width=True`, use `width='stretch'`. For `use_container_width=False`, use `width='content'`.
2026-07-29 20:09:40.126 Please replace `use_container_width` with `width`.

`use_container_width` will be removed after 2025-12-31.

For `use_container_width=True`, use `width='stretch'`. For `use_container_width=False`, use `width='content'`.
2026-07-29 20:09:40.178 Please replace `use_container_width` with `width`.

`use_container_width` will be removed after 2025-12-31.

For `use_container_width=True`, use `width='stretch'`. For `use_container_width=False`, use `width='content'`.
2026-07-29 20:09:40.229 Please replace `use_container_width` with `width`.

`use_container_width` will be removed after 2025-12-31.

For `use_container_width=True`, use `width='stretch'`. For `use_container_width=False`, use `width='content'`.
2026-07-29 20:09:40.282 Please replace `use_container_width` with `width`.

`use_container_width` will be removed after 2025-12-31.

For `use_container_width=True`, use `width='stretch'`. For `use_container_width=False`, use `width='content'`.
2026-07-29 20:09:40.332 Please replace `use_container_width` with `width`.

`use_container_width` will be removed after 2025-12-31.

For `use_container_width=True`, use `width='stretch'`. For `use_container_width=False`, use `width='content'`.
2026-07-29 20:09:40.380 Please replace `use_container_width` with `width`.

`use_container_width` will be removed after 2025-12-31.

For `use_container_width=True`, use `width='stretch'`. For `use_container_width=False`, use `width='content'`.
2026-07-29 20:09:40.439 Please replace `use_container_width` with `width`.

`use_container_width` will be removed after 2025-12-31.

For `use_container_width=True`, use `width='stretch'`. For `use_container_width=False`, use `width='content'`.
2026-07-29 20:09:40.493 Please replace `use_container_width` with `width`.

`use_container_width` will be removed after 2025-12-31.

For `use_container_width=True`, use `width='stretch'`. For `use_container_width=False`, use `width='content'`.
2026-07-29 20:09:40.547 Please replace `use_container_width` with `width`.

`use_container_width` will be removed after 2025-12-31.

For `use_container_width=True`, use `width='stretch'`. For `use_container_width=False`, use `width='content'`.
2026-07-29 20:09:40.597 Please replace `use_container_width` with `width`.

`use_container_width` will be removed after 2025-12-31.

For `use_container_width=True`, use `width='stretch'`. For `use_container_width=False`, use `width='content'`.
2026-07-29 20:09:40.646 Please replace `use_container_width` with `width`.

`use_container_width` will be removed after 2025-12-31.

For `use_container_width=True`, use `width='stretch'`. For `use_container_width=False`, use `width='content'`.
2026-07-29 20:09:40.696 Please replace `use_container_width` with `width`.

`use_container_width` will be removed after 2025-12-31.

For `use_container_width=True`, use `width='stretch'`. For `use_container_width=False`, use `width='content'`.
2026-07-29 20:09:40.749 Please replace `use_container_width` with `width`.

`use_container_width` will be removed after 2025-12-31.

For `use_container_width=True`, use `width='stretch'`. For `use_container_width=False`, use `width='content'`.
2026-07-29 20:09:40.800 Please replace `use_container_width` with `width`.

`use_container_width` will be removed after 2025-12-31.

For `use_container_width=True`, use `width='stretch'`. For `use_container_width=False`, use `width='content'`.
2026-07-29 20:09:40.852 Please replace `use_container_width` with `width`.

`use_container_width` will be removed after 2025-12-31.

For `use_container_width=True`, use `width='stretch'`. For `use_container_width=False`, use `width='content'`.
2026-07-29 20:09:40.900 Please replace `use_container_width` with `width`.

`use_container_width` will be removed after 2025-12-31.

For `use_container_width=True`, use `width='stretch'`. For `use_container_width=False`, use `width='content'`.
2026-07-29 20:09:40.913 Please replace `use_container_width` with `width`.

`use_container_width` will be removed after 2025-12-31.

For `use_container_width=True`, use `width='stretch'`. For `use_container_width=False`, use `width='content'`.
2026-07-29 20:09:40.913 Please replace `use_container_width` with `width`.

`use_container_width` will be removed after 2025-12-31.

For `use_container_width=True`, use `width='stretch'`. For `use_container_width=False`, use `width='content'`.
2026-07-29 20:09:40.959 Please replace `use_container_width` with `width`.

`use_container_width` will be removed after 2025-12-31.

For `use_container_width=True`, use `width='stretch'`. For `use_container_width=False`, use `width='content'`.
2026-07-29 20:09:41.012 Please replace `use_container_width` with `width`.

`use_container_width` will be removed after 2025-12-31.

For `use_container_width=True`, use `width='stretch'`. For `use_container_width=False`, use `width='content'`.
2026-07-29 20:09:41.060 Please replace `use_container_width` with `width`.

`use_container_width` will be removed after 2025-12-31.

For `use_container_width=True`, use `width='stretch'`. For `use_container_width=False`, use `width='content'`.
2026-07-29 20:09:41.114 Please replace `use_container_width` with `width`.

`use_container_width` will be removed after 2025-12-31.

For `use_container_width=True`, use `width='stretch'`. For `use_container_width=False`, use `width='content'`.
2026-07-29 20:09:41.165 Please replace `use_container_width` with `width`.

`use_container_width` will be removed after 2025-12-31.

For `use_container_width=True`, use `width='stretch'`. For `use_container_width=False`, use `width='content'`.
2026-07-29 20:09:41.218 Please replace `use_container_width` with `width`.

`use_container_width` will be removed after 2025-12-31.

For `use_container_width=True`, use `width='stretch'`. For `use_container_width=False`, use `width='content'`.
2026-07-29 20:09:41.268 Please replace `use_container_width` with `width`.

`use_container_width` will be removed after 2025-12-31.

For `use_container_width=True`, use `width='stretch'`. For `use_container_width=False`, use `width='content'`.
2026-07-29 20:09:41.318 Please replace `use_container_width` with `width`.

`use_container_width` will be removed after 2025-12-31.

For `use_container_width=True`, use `width='stretch'`. For `use_container_width=False`, use `width='content'`.
2026-07-29 20:09:41.367 Please replace `use_container_width` with `width`.

`use_container_width` will be removed after 2025-12-31.

For `use_container_width=True`, use `width='stretch'`. For `use_container_width=False`, use `width='content'`.
2026-07-29 20:09:41.420 Please replace `use_container_width` with `width`.

`use_container_width` will be removed after 2025-12-31.

For `use_container_width=True`, use `width='stretch'`. For `use_container_width=False`, use `width='content'`.
2026-07-29 20:09:41.476 Please replace `use_container_width` with `width`.

`use_container_width` will be removed after 2025-12-31.

For `use_container_width=True`, use `width='stretch'`. For `use_container_width=False`, use `width='content'`.
2026-07-29 20:09:41.524 Please replace `use_container_width` with `width`.

`use_container_width` will be removed after 2025-12-31.

For `use_container_width=True`, use `width='stretch'`. For `use_container_width=False`, use `width='content'`.
2026-07-29 20:09:41.578 Please replace `use_container_width` with `width`.

`use_container_width` will be removed after 2025-12-31.

For `use_container_width=True`, use `width='stretch'`. For `use_container_width=False`, use `width='content'`.
2026-07-29 20:09:41.631 Please replace `use_container_width` with `width`.

`use_container_width` will be removed after 2025-12-31.

For `use_container_width=True`, use `width='stretch'`. For `use_container_width=False`, use `width='content'`.
2026-07-29 20:09:41.680 Please replace `use_container_width` with `width`.

`use_container_width` will be removed after 2025-12-31.

For `use_container_width=True`, use `width='stretch'`. For `use_container_width=False`, use `width='content'`.
2026-07-29 20:09:41.742 Please replace `use_container_width` with `width`.

`use_container_width` will be removed after 2025-12-31.

For `use_container_width=True`, use `width='stretch'`. For `use_container_width=False`, use `width='content'`.
2026-07-29 20:09:41.795 Please replace `use_container_width` with `width`.

`use_container_width` will be removed after 2025-12-31.

For `use_container_width=True`, use `width='stretch'`. For `use_container_width=False`, use `width='content'`.
2026-07-29 20:09:41.850 Please replace `use_container_width` with `width`.

`use_container_width` will be removed after 2025-12-31.

For `use_container_width=True`, use `width='stretch'`. For `use_container_width=False`, use `width='content'`.
2026-07-29 20:09:41.905 Please replace `use_container_width` with `width`.

`use_container_width` will be removed after 2025-12-31.

For `use_container_width=True`, use `width='stretch'`. For `use_container_width=False`, use `width='content'`.
2026-07-29 20:09:41.918 Please replace `use_container_width` with `width`.

`use_container_width` will be removed after 2025-12-31.

For `use_container_width=True`, use `width='stretch'`. For `use_container_width=False`, use `width='content'`.
2026-07-29 20:09:41.919 Please replace `use_container_width` with `width`.

`use_container_width` will be removed after 2025-12-31.

For `use_container_width=True`, use `width='stretch'`. For `use_container_width=False`, use `width='content'`.
2026-07-29 20:09:41.969 Please replace `use_container_width` with `width`.

`use_container_width` will be removed after 2025-12-31.

For `use_container_width=True`, use `width='stretch'`. For `use_container_width=False`, use `width='content'`.
2026-07-29 20:09:42.019 Please replace `use_container_width` with `width`.

`use_container_width` will be removed after 2025-12-31.

For `use_container_width=True`, use `width='stretch'`. For `use_container_width=False`, use `width='content'`.
2026-07-29 20:09:42.068 Please replace `use_container_width` with `width`.

`use_container_width` will be removed after 2025-12-31.

For `use_container_width=True`, use `width='stretch'`. For `use_container_width=False`, use `width='content'`.
2026-07-29 20:09:42.118 Please replace `use_container_width` with `width`.

`use_container_width` will be removed after 2025-12-31.

For `use_container_width=True`, use `width='stretch'`. For `use_container_width=False`, use `width='content'`.
2026-07-29 20:09:42.169 Please replace `use_container_width` with `width`.

`use_container_width` will be removed after 2025-12-31.

For `use_container_width=True`, use `width='stretch'`. For `use_container_width=False`, use `width='content'`.
2026-07-29 20:09:42.218 Please replace `use_container_width` with `width`.

`use_container_width` will be removed after 2025-12-31.

For `use_container_width=True`, use `width='stretch'`. For `use_container_width=False`, use `width='content'`.
2026-07-29 20:09:42.268 Please replace `use_container_width` with `width`.

`use_container_width` will be removed after 2025-12-31.

For `use_container_width=True`, use `width='stretch'`. For `use_container_width=False`, use `width='content'`.
2026-07-29 20:09:42.318 Please replace `use_container_width` with `width`.

`use_container_width` will be removed after 2025-12-31.

For `use_container_width=True`, use `width='stretch'`. For `use_container_width=False`, use `width='content'`.
2026-07-29 20:09:42.369 Please replace `use_container_width` with `width`.

`use_container_width` will be removed after 2025-12-31.

For `use_container_width=True`, use `width='stretch'`. For `use_container_width=False`, use `width='content'`.
2026-07-29 20:09:42.424 Please replace `use_container_width` with `width`.

`use_container_width` will be removed after 2025-12-31.

For `use_container_width=True`, use `width='stretch'`. For `use_container_width=False`, use `width='content'`.
2026-07-29 20:09:42.472 Please replace `use_container_width` with `width`.

`use_container_width` will be removed after 2025-12-31.

For `use_container_width=True`, use `width='stretch'`. For `use_container_width=False`, use `width='content'`.
2026-07-29 20:09:42.522 Please replace `use_container_width` with `width`.

`use_container_width` will be removed after 2025-12-31.

For `use_container_width=True`, use `width='stretch'`. For `use_container_width=False`, use `width='content'`.
2026-07-29 20:09:42.576 Please replace `use_container_width` with `width`.

`use_container_width` will be removed after 2025-12-31.

For `use_container_width=True`, use `width='stretch'`. For `use_container_width=False`, use `width='content'`.
2026-07-29 20:09:42.630 Please replace `use_container_width` with `width`.

`use_container_width` will be removed after 2025-12-31.

For `use_container_width=True`, use `width='stretch'`. For `use_container_width=False`, use `width='content'`.
2026-07-29 20:09:42.685 Please replace `use_container_width` with `width`.

`use_container_width` will be removed after 2025-12-31.

For `use_container_width=True`, use `width='stretch'`. For `use_container_width=False`, use `width='content'`.
2026-07-29 20:09:42.738 Please replace `use_container_width` with `width`.

`use_container_width` will be removed after 2025-12-31.

For `use_container_width=True`, use `width='stretch'`. For `use_container_width=False`, use `width='content'`.
2026-07-29 20:09:42.792 Please replace `use_container_width` with `width`.

`use_container_width` will be removed after 2025-12-31.

For `use_container_width=True`, use `width='stretch'`. For `use_container_width=False`, use `width='content'`.
2026-07-29 20:09:42.846 Please replace `use_container_width` with `width`.

`use_container_width` will be removed after 2025-12-31.

For `use_container_width=True`, use `width='stretch'`. For `use_container_width=False`, use `width='content'`.
2026-07-29 20:09:42.895 Please replace `use_container_width` with `width`.

`use_container_width` will be removed after 2025-12-31.

For `use_container_width=True`, use `width='stretch'`. For `use_container_width=False`, use `width='content'`.
2026-07-29 20:09:42.951 Please replace `use_container_width` with `width`.

`use_container_width` will be removed after 2025-12-31.

For `use_container_width=True`, use `width='stretch'`. For `use_container_width=False`, use `width='content'`.
2026-07-29 20:09:42.964 Please replace `use_container_width` with `width`.

`use_container_width` will be removed after 2025-12-31.

For `use_container_width=True`, use `width='stretch'`. For `use_container_width=False`, use `width='content'`.
2026-07-29 20:09:42.965 Please replace `use_container_width` with `width`.

`use_container_width` will be removed after 2025-12-31.

For `use_container_width=True`, use `width='stretch'`. For `use_container_width=False`, use `width='content'`.
2026-07-29 20:09:43.009 Please replace `use_container_width` with `width`.

`use_container_width` will be removed after 2025-12-31.

For `use_container_width=True`, use `width='stretch'`. For `use_container_width=False`, use `width='content'`.
2026-07-29 20:09:43.058 Please replace `use_container_width` with `width`.

`use_container_width` will be removed after 2025-12-31.

For `use_container_width=True`, use `width='stretch'`. For `use_container_width=False`, use `width='content'`.
2026-07-29 20:09:43.107 Please replace `use_container_width` with `width`.

`use_container_width` will be removed after 2025-12-31.

For `use_container_width=True`, use `width='stretch'`. For `use_container_width=False`, use `width='content'`.
2026-07-29 20:09:43.156 Please replace `use_container_width` with `width`.

`use_container_width` will be removed after 2025-12-31.

For `use_container_width=True`, use `width='stretch'`. For `use_container_width=False`, use `width='content'`.
2026-07-29 20:09:43.209 Please replace `use_container_width` with `width`.

`use_container_width` will be removed after 2025-12-31.

For `use_container_width=True`, use `width='stretch'`. For `use_container_width=False`, use `width='content'`.
2026-07-29 20:09:43.259 Please replace `use_container_width` with `width`.

`use_container_width` will be removed after 2025-12-31.

For `use_container_width=True`, use `width='stretch'`. For `use_container_width=False`, use `width='content'`.
2026-07-29 20:09:43.311 Please replace `use_container_width` with `width`.

`use_container_width` will be removed after 2025-12-31.

For `use_container_width=True`, use `width='stretch'`. For `use_container_width=False`, use `width='content'`.
2026-07-29 20:09:43.365 Please replace `use_container_width` with `width`.

`use_container_width` will be removed after 2025-12-31.

For `use_container_width=True`, use `width='stretch'`. For `use_container_width=False`, use `width='content'`.
2026-07-29 20:09:43.418 Please replace `use_container_width` with `width`.

`use_container_width` will be removed after 2025-12-31.

For `use_container_width=True`, use `width='stretch'`. For `use_container_width=False`, use `width='content'`.
2026-07-29 20:09:43.469 Please replace `use_container_width` with `width`.

`use_container_width` will be removed after 2025-12-31.

For `use_container_width=True`, use `width='stretch'`. For `use_container_width=False`, use `width='content'`.
2026-07-29 20:09:43.522 Please replace `use_container_width` with `width`.

`use_container_width` will be removed after 2025-12-31.

For `use_container_width=True`, use `width='stretch'`. For `use_container_width=False`, use `width='content'`.
2026-07-29 20:09:43.575 Please replace `use_container_width` with `width`.

`use_container_width` will be removed after 2025-12-31.

For `use_container_width=True`, use `width='stretch'`. For `use_container_width=False`, use `width='content'`.
2026-07-29 20:09:43.624 Please replace `use_container_width` with `width`.

`use_container_width` will be removed after 2025-12-31.

For `use_container_width=True`, use `width='stretch'`. For `use_container_width=False`, use `width='content'`.
2026-07-29 20:09:43.678 Please replace `use_container_width` with `width`.

`use_container_width` will be removed after 2025-12-31.

For `use_container_width=True`, use `width='stretch'`. For `use_container_width=False`, use `width='content'`.
2026-07-29 20:09:43.726 Please replace `use_container_width` with `width`.

`use_container_width` will be removed after 2025-12-31.

For `use_container_width=True`, use `width='stretch'`. For `use_container_width=False`, use `width='content'`.
2026-07-29 20:09:43.777 Please replace `use_container_width` with `width`.

`use_container_width` will be removed after 2025-12-31.

For `use_container_width=True`, use `width='stretch'`. For `use_container_width=False`, use `width='content'`.
2026-07-29 20:09:43.828 Please replace `use_container_width` with `width`.

`use_container_width` will be removed after 2025-12-31.

For `use_container_width=True`, use `width='stretch'`. For `use_container_width=False`, use `width='content'`.
2026-07-29 20:09:43.882 Please replace `use_container_width` with `width`.

`use_container_width` will be removed after 2025-12-31.

For `use_container_width=True`, use `width='stretch'`. For `use_container_width=False`, use `width='content'`.
2026-07-29 20:09:43.935 Please replace `use_container_width` with `width`.

`use_container_width` will be removed after 2025-12-31.

For `use_container_width=True`, use `width='stretch'`. For `use_container_width=False`, use `width='content'`.
2026-07-29 20:09:43.987 Please replace `use_container_width` with `width`.

`use_container_width` will be removed after 2025-12-31.

For `use_container_width=True`, use `width='stretch'`. For `use_container_width=False`, use `width='content'`.
2026-07-29 20:09:43.999 Please replace `use_container_width` with `width`.

`use_container_width` will be removed after 2025-12-31.

For `use_container_width=True`, use `width='stretch'`. For `use_container_width=False`, use `width='content'`.
2026-07-29 20:09:43.999 Please replace `use_container_width` with `width`.

`use_container_width` will be removed after 2025-12-31.

For `use_container_width=True`, use `width='stretch'`. For `use_container_width=False`, use `width='content'`.
2026-07-29 20:09:44.049 Please replace `use_container_width` with `width`.

`use_container_width` will be removed after 2025-12-31.

For `use_container_width=True`, use `width='stretch'`. For `use_container_width=False`, use `width='content'`.
2026-07-29 20:09:44.103 Please replace `use_container_width` with `width`.

`use_container_width` will be removed after 2025-12-31.

For `use_container_width=True`, use `width='stretch'`. For `use_container_width=False`, use `width='content'`.
2026-07-29 20:09:44.156 Please replace `use_container_width` with `width`.

`use_container_width` will be removed after 2025-12-31.

For `use_container_width=True`, use `width='stretch'`. For `use_container_width=False`, use `width='content'`.
2026-07-29 20:09:44.211 Please replace `use_container_width` with `width`.

`use_container_width` will be removed after 2025-12-31.

For `use_container_width=True`, use `width='stretch'`. For `use_container_width=False`, use `width='content'`.
2026-07-29 20:09:44.260 Please replace `use_container_width` with `width`.

`use_container_width` will be removed after 2025-12-31.

For `use_container_width=True`, use `width='stretch'`. For `use_container_width=False`, use `width='content'`.
2026-07-29 20:09:44.310 Please replace `use_container_width` with `width`.

`use_container_width` will be removed after 2025-12-31.

For `use_container_width=True`, use `width='stretch'`. For `use_container_width=False`, use `width='content'`.
2026-07-29 20:09:44.364 Please replace `use_container_width` with `width`.

`use_container_width` will be removed after 2025-12-31.

For `use_container_width=True`, use `width='stretch'`. For `use_container_width=False`, use `width='content'`.
2026-07-29 20:09:44.414 Please replace `use_container_width` with `width`.

`use_container_width` will be removed after 2025-12-31.

For `use_container_width=True`, use `width='stretch'`. For `use_container_width=False`, use `width='content'`.
2026-07-29 20:09:44.465 Please replace `use_container_width` with `width`.

`use_container_width` will be removed after 2025-12-31.

For `use_container_width=True`, use `width='stretch'`. For `use_container_width=False`, use `width='content'`.
2026-07-29 20:09:44.514 Please replace `use_container_width` with `width`.

`use_container_width` will be removed after 2025-12-31.

For `use_container_width=True`, use `width='stretch'`. For `use_container_width=False`, use `width='content'`.
2026-07-29 20:09:44.565 Please replace `use_container_width` with `width`.

`use_container_width` will be removed after 2025-12-31.

For `use_container_width=True`, use `width='stretch'`. For `use_container_width=False`, use `width='content'`.
2026-07-29 20:09:44.615 Please replace `use_container_width` with `width`.

`use_container_width` will be removed after 2025-12-31.

For `use_container_width=True`, use `width='stretch'`. For `use_container_width=False`, use `width='content'`.
2026-07-29 20:09:44.665 Please replace `use_container_width` with `width`.

`use_container_width` will be removed after 2025-12-31.

For `use_container_width=True`, use `width='stretch'`. For `use_container_width=False`, use `width='content'`.
2026-07-29 20:09:44.714 Please replace `use_container_width` with `width`.

`use_container_width` will be removed after 2025-12-31.

For `use_container_width=True`, use `width='stretch'`. For `use_container_width=False`, use `width='content'`.
2026-07-29 20:09:44.765 Please replace `use_container_width` with `width`.

`use_container_width` will be removed after 2025-12-31.

For `use_container_width=True`, use `width='stretch'`. For `use_container_width=False`, use `width='content'`.
2026-07-29 20:09:44.818 Please replace `use_container_width` with `width`.

`use_container_width` will be removed after 2025-12-31.

For `use_container_width=True`, use `width='stretch'`. For `use_container_width=False`, use `width='content'`.
2026-07-29 20:09:44.870 Please replace `use_container_width` with `width`.

`use_container_width` will be removed after 2025-12-31.

For `use_container_width=True`, use `width='stretch'`. For `use_container_width=False`, use `width='content'`.
2026-07-29 20:09:44.920 Please replace `use_container_width` with `width`.

`use_container_width` will be removed after 2025-12-31.

For `use_container_width=True`, use `width='stretch'`. For `use_container_width=False`, use `width='content'`.
2026-07-29 20:09:44.971 Please replace `use_container_width` with `width`.

`use_container_width` will be removed after 2025-12-31.

For `use_container_width=True`, use `width='stretch'`. For `use_container_width=False`, use `width='content'`.
2026-07-29 20:09:45.022 Please replace `use_container_width` with `width`.

`use_container_width` will be removed after 2025-12-31.

For `use_container_width=True`, use `width='stretch'`. For `use_container_width=False`, use `width='content'`.
2026-07-29 20:09:45.034 Please replace `use_container_width` with `width`.

`use_container_width` will be removed after 2025-12-31.

For `use_container_width=True`, use `width='stretch'`. For `use_container_width=False`, use `width='content'`.
2026-07-29 20:09:45.035 Please replace `use_container_width` with `width`.

`use_container_width` will be removed after 2025-12-31.

For `use_container_width=True`, use `width='stretch'`. For `use_container_width=False`, use `width='content'`.
2026-07-29 20:09:45.082 Please replace `use_container_width` with `width`.

`use_container_width` will be removed after 2025-12-31.

For `use_container_width=True`, use `width='stretch'`. For `use_container_width=False`, use `width='content'`.
2026-07-29 20:09:45.135 Please replace `use_container_width` with `width`.

`use_container_width` will be removed after 2025-12-31.

For `use_container_width=True`, use `width='stretch'`. For `use_container_width=False`, use `width='content'`.
2026-07-29 20:09:45.189 Please replace `use_container_width` with `width`.

`use_container_width` will be removed after 2025-12-31.

For `use_container_width=True`, use `width='stretch'`. For `use_container_width=False`, use `width='content'`.
2026-07-29 20:09:45.238 Please replace `use_container_width` with `width`.

`use_container_width` will be removed after 2025-12-31.

For `use_container_width=True`, use `width='stretch'`. For `use_container_width=False`, use `width='content'`.
2026-07-29 20:09:45.290 Please replace `use_container_width` with `width`.

`use_container_width` will be removed after 2025-12-31.

For `use_container_width=True`, use `width='stretch'`. For `use_container_width=False`, use `width='content'`.
2026-07-29 20:09:45.340 Please replace `use_container_width` with `width`.

`use_container_width` will be removed after 2025-12-31.

For `use_container_width=True`, use `width='stretch'`. For `use_container_width=False`, use `width='content'`.
2026-07-29 20:09:45.402 Please replace `use_container_width` with `width`.

`use_container_width` will be removed after 2025-12-31.

For `use_container_width=True`, use `width='stretch'`. For `use_container_width=False`, use `width='content'`.
2026-07-29 20:09:45.456 Please replace `use_container_width` with `width`.

`use_container_width` will be removed after 2025-12-31.

For `use_container_width=True`, use `width='stretch'`. For `use_container_width=False`, use `width='content'`.
2026-07-29 20:09:45.509 Please replace `use_container_width` with `width`.

`use_container_width` will be removed after 2025-12-31.

For `use_container_width=True`, use `width='stretch'`. For `use_container_width=False`, use `width='content'`.
2026-07-29 20:09:45.565 Please replace `use_container_width` with `width`.

`use_container_width` will be removed after 2025-12-31.

For `use_container_width=True`, use `width='stretch'`. For `use_container_width=False`, use `width='content'`.
2026-07-29 20:09:45.618 Please replace `use_container_width` with `width`.

`use_container_width` will be removed after 2025-12-31.

For `use_container_width=True`, use `width='stretch'`. For `use_container_width=False`, use `width='content'`.
2026-07-29 20:09:45.669 Please replace `use_container_width` with `width`.

`use_container_width` will be removed after 2025-12-31.

For `use_container_width=True`, use `width='stretch'`. For `use_container_width=False`, use `width='content'`.
2026-07-29 20:09:45.717 Please replace `use_container_width` with `width`.

`use_container_width` will be removed after 2025-12-31.

For `use_container_width=True`, use `width='stretch'`. For `use_container_width=False`, use `width='content'`.
2026-07-29 20:09:45.768 Please replace `use_container_width` with `width`.

`use_container_width` will be removed after 2025-12-31.

For `use_container_width=True`, use `width='stretch'`. For `use_container_width=False`, use `width='content'`.
2026-07-29 20:09:45.820 Please replace `use_container_width` with `width`.

`use_container_width` will be removed after 2025-12-31.

For `use_container_width=True`, use `width='stretch'`. For `use_container_width=False`, use `width='content'`.
2026-07-29 20:09:45.874 Please replace `use_container_width` with `width`.

`use_container_width` will be removed after 2025-12-31.

For `use_container_width=True`, use `width='stretch'`. For `use_container_width=False`, use `width='content'`.
2026-07-29 20:09:45.927 Please replace `use_container_width` with `width`.

`use_container_width` will be removed after 2025-12-31.

For `use_container_width=True`, use `width='stretch'`. For `use_container_width=False`, use `width='content'`.
2026-07-29 20:09:45.981 Please replace `use_container_width` with `width`.

`use_container_width` will be removed after 2025-12-31.

For `use_container_width=True`, use `width='stretch'`. For `use_container_width=False`, use `width='content'`.
2026-07-29 20:09:46.029 Please replace `use_container_width` with `width`.

`use_container_width` will be removed after 2025-12-31.

For `use_container_width=True`, use `width='stretch'`. For `use_container_width=False`, use `width='content'`.
2026-07-29 20:09:46.041 Please replace `use_container_width` with `width`.

`use_container_width` will be removed after 2025-12-31.

For `use_container_width=True`, use `width='stretch'`. For `use_container_width=False`, use `width='content'`.
2026-07-29 20:09:46.041 Please replace `use_container_width` with `width`.

`use_container_width` will be removed after 2025-12-31.

For `use_container_width=True`, use `width='stretch'`. For `use_container_width=False`, use `width='content'`.
2026-07-29 20:09:46.090 Please replace `use_container_width` with `width`.

`use_container_width` will be removed after 2025-12-31.

For `use_container_width=True`, use `width='stretch'`. For `use_container_width=False`, use `width='content'`.
2026-07-29 20:09:46.143 Please replace `use_container_width` with `width`.

`use_container_width` will be removed after 2025-12-31.

For `use_container_width=True`, use `width='stretch'`. For `use_container_width=False`, use `width='content'`.
2026-07-29 20:09:46.198 Please replace `use_container_width` with `width`.

`use_container_width` will be removed after 2025-12-31.

For `use_container_width=True`, use `width='stretch'`. For `use_container_width=False`, use `width='content'`.
2026-07-29 20:09:46.248 Please replace `use_container_width` with `width`.

`use_container_width` will be removed after 2025-12-31.

For `use_container_width=True`, use `width='stretch'`. For `use_container_width=False`, use `width='content'`.
2026-07-29 20:09:46.298 Please replace `use_container_width` with `width`.

`use_container_width` will be removed after 2025-12-31.

For `use_container_width=True`, use `width='stretch'`. For `use_container_width=False`, use `width='content'`.
2026-07-29 20:09:46.352 Please replace `use_container_width` with `width`.

`use_container_width` will be removed after 2025-12-31.

For `use_container_width=True`, use `width='stretch'`. For `use_container_width=False`, use `width='content'`.
2026-07-29 20:09:46.404 Please replace `use_container_width` with `width`.

`use_container_width` will be removed after 2025-12-31.

For `use_container_width=True`, use `width='stretch'`. For `use_container_width=False`, use `width='content'`.
2026-07-29 20:09:46.456 Please replace `use_container_width` with `width`.

`use_container_width` will be removed after 2025-12-31.

For `use_container_width=True`, use `width='stretch'`. For `use_container_width=False`, use `width='content'`.
2026-07-29 20:09:46.507 Please replace `use_container_width` with `width`.

`use_container_width` will be removed after 2025-12-31.

For `use_container_width=True`, use `width='stretch'`. For `use_container_width=False`, use `width='content'`.
2026-07-29 20:09:46.555 Please replace `use_container_width` with `width`.

`use_container_width` will be removed after 2025-12-31.

For `use_container_width=True`, use `width='stretch'`. For `use_container_width=False`, use `width='content'`.
2026-07-29 20:09:46.603 Please replace `use_container_width` with `width`.

`use_container_width` will be removed after 2025-12-31.

For `use_container_width=True`, use `width='stretch'`. For `use_container_width=False`, use `width='content'`.
2026-07-29 20:09:46.655 Please replace `use_container_width` with `width`.

`use_container_width` will be removed after 2025-12-31.

For `use_container_width=True`, use `width='stretch'`. For `use_container_width=False`, use `width='content'`.
2026-07-29 20:09:46.709 Please replace `use_container_width` with `width`.

`use_container_width` will be removed after 2025-12-31.

For `use_container_width=True`, use `width='stretch'`. For `use_container_width=False`, use `width='content'`.
2026-07-29 20:09:46.762 Please replace `use_container_width` with `width`.

`use_container_width` will be removed after 2025-12-31.

For `use_container_width=True`, use `width='stretch'`. For `use_container_width=False`, use `width='content'`.
2026-07-29 20:09:46.812 Please replace `use_container_width` with `width`.

`use_container_width` will be removed after 2025-12-31.

For `use_container_width=True`, use `width='stretch'`. For `use_container_width=False`, use `width='content'`.
2026-07-29 20:09:46.866 Please replace `use_container_width` with `width`.

`use_container_width` will be removed after 2025-12-31.

For `use_container_width=True`, use `width='stretch'`. For `use_container_width=False`, use `width='content'`.
2026-07-29 20:09:46.915 Please replace `use_container_width` with `width`.

`use_container_width` will be removed after 2025-12-31.

For `use_container_width=True`, use `width='stretch'`. For `use_container_width=False`, use `width='content'`.
2026-07-29 20:09:46.965 Please replace `use_container_width` with `width`.

`use_container_width` will be removed after 2025-12-31.

For `use_container_width=True`, use `width='stretch'`. For `use_container_width=False`, use `width='content'`.
2026-07-29 20:09:47.017 Please replace `use_container_width` with `width`.

`use_container_width` will be removed after 2025-12-31.

For `use_container_width=True`, use `width='stretch'`. For `use_container_width=False`, use `width='content'`.
2026-07-29 20:09:47.071 Please replace `use_container_width` with `width`.

`use_container_width` will be removed after 2025-12-31.

For `use_container_width=True`, use `width='stretch'`. For `use_container_width=False`, use `width='content'`.
2026-07-29 20:09:47.083 Please replace `use_container_width` with `width`.

`use_container_width` will be removed after 2025-12-31.

For `use_container_width=True`, use `width='stretch'`. For `use_container_width=False`, use `width='content'`.
2026-07-29 20:09:47.084 Please replace `use_container_width` with `width`.

`use_container_width` will be removed after 2025-12-31.

For `use_container_width=True`, use `width='stretch'`. For `use_container_width=False`, use `width='content'`.
2026-07-29 20:09:47.131 Please replace `use_container_width` with `width`.

`use_container_width` will be removed after 2025-12-31.

For `use_container_width=True`, use `width='stretch'`. For `use_container_width=False`, use `width='content'`.
2026-07-29 20:09:47.182 Please replace `use_container_width` with `width`.

`use_container_width` will be removed after 2025-12-31.

For `use_container_width=True`, use `width='stretch'`. For `use_container_width=False`, use `width='content'`.
2026-07-29 20:09:47.231 Please replace `use_container_width` with `width`.

`use_container_width` will be removed after 2025-12-31.

For `use_container_width=True`, use `width='stretch'`. For `use_container_width=False`, use `width='content'`.
2026-07-29 20:09:47.283 Please replace `use_container_width` with `width`.

`use_container_width` will be removed after 2025-12-31.

For `use_container_width=True`, use `width='stretch'`. For `use_container_width=False`, use `width='content'`.
2026-07-29 20:09:47.333 Please replace `use_container_width` with `width`.

`use_container_width` will be removed after 2025-12-31.

For `use_container_width=True`, use `width='stretch'`. For `use_container_width=False`, use `width='content'`.
2026-07-29 20:09:47.386 Please replace `use_container_width` with `width`.

`use_container_width` will be removed after 2025-12-31.

For `use_container_width=True`, use `width='stretch'`. For `use_container_width=False`, use `width='content'`.
2026-07-29 20:09:47.435 Please replace `use_container_width` with `width`.

`use_container_width` will be removed after 2025-12-31.

For `use_container_width=True`, use `width='stretch'`. For `use_container_width=False`, use `width='content'`.
2026-07-29 20:09:47.488 Please replace `use_container_width` with `width`.

`use_container_width` will be removed after 2025-12-31.

For `use_container_width=True`, use `width='stretch'`. For `use_container_width=False`, use `width='content'`.
2026-07-29 20:09:47.538 Please replace `use_container_width` with `width`.

`use_container_width` will be removed after 2025-12-31.

For `use_container_width=True`, use `width='stretch'`. For `use_container_width=False`, use `width='content'`.
2026-07-29 20:09:47.589 Please replace `use_container_width` with `width`.

`use_container_width` will be removed after 2025-12-31.

For `use_container_width=True`, use `width='stretch'`. For `use_container_width=False`, use `width='content'`.
2026-07-29 20:09:47.638 Please replace `use_container_width` with `width`.

`use_container_width` will be removed after 2025-12-31.

For `use_container_width=True`, use `width='stretch'`. For `use_container_width=False`, use `width='content'`.
2026-07-29 20:09:47.686 Please replace `use_container_width` with `width`.

`use_container_width` will be removed after 2025-12-31.

For `use_container_width=True`, use `width='stretch'`. For `use_container_width=False`, use `width='content'`.
2026-07-29 20:09:47.733 Please replace `use_container_width` with `width`.

`use_container_width` will be removed after 2025-12-31.

For `use_container_width=True`, use `width='stretch'`. For `use_container_width=False`, use `width='content'`.
2026-07-29 20:09:47.783 Please replace `use_container_width` with `width`.

`use_container_width` will be removed after 2025-12-31.

For `use_container_width=True`, use `width='stretch'`. For `use_container_width=False`, use `width='content'`.
2026-07-29 20:09:47.836 Please replace `use_container_width` with `width`.

`use_container_width` will be removed after 2025-12-31.

For `use_container_width=True`, use `width='stretch'`. For `use_container_width=False`, use `width='content'`.
2026-07-29 20:09:47.887 Please replace `use_container_width` with `width`.

`use_container_width` will be removed after 2025-12-31.

For `use_container_width=True`, use `width='stretch'`. For `use_container_width=False`, use `width='content'`.
2026-07-29 20:09:47.937 Please replace `use_container_width` with `width`.

`use_container_width` will be removed after 2025-12-31.

For `use_container_width=True`, use `width='stretch'`. For `use_container_width=False`, use `width='content'`.
2026-07-29 20:09:47.987 Please replace `use_container_width` with `width`.

`use_container_width` will be removed after 2025-12-31.

For `use_container_width=True`, use `width='stretch'`. For `use_container_width=False`, use `width='content'`.
2026-07-29 20:09:48.039 Please replace `use_container_width` with `width`.

`use_container_width` will be removed after 2025-12-31.

For `use_container_width=True`, use `width='stretch'`. For `use_container_width=False`, use `width='content'`.
2026-07-29 20:09:48.087 Please replace `use_container_width` with `width`.

`use_container_width` will be removed after 2025-12-31.

For `use_container_width=True`, use `width='stretch'`. For `use_container_width=False`, use `width='content'`.
2026-07-29 20:09:48.097 Please replace `use_container_width` with `width`.

`use_container_width` will be removed after 2025-12-31.

For `use_container_width=True`, use `width='stretch'`. For `use_container_width=False`, use `width='content'`.
2026-07-29 20:09:48.098 Please replace `use_container_width` with `width`.

`use_container_width` will be removed after 2025-12-31.

For `use_container_width=True`, use `width='stretch'`. For `use_container_width=False`, use `width='content'`.
2026-07-29 20:09:48.145 Please replace `use_container_width` with `width`.

`use_container_width` will be removed after 2025-12-31.

For `use_container_width=True`, use `width='stretch'`. For `use_container_width=False`, use `width='content'`.
2026-07-29 20:09:48.194 Please replace `use_container_width` with `width`.

`use_container_width` will be removed after 2025-12-31.

For `use_container_width=True`, use `width='stretch'`. For `use_container_width=False`, use `width='content'`.
2026-07-29 20:09:48.241 Please replace `use_container_width` with `width`.

`use_container_width` will be removed after 2025-12-31.

For `use_container_width=True`, use `width='stretch'`. For `use_container_width=False`, use `width='content'`.
2026-07-29 20:09:48.294 Please replace `use_container_width` with `width`.

`use_container_width` will be removed after 2025-12-31.

For `use_container_width=True`, use `width='stretch'`. For `use_container_width=False`, use `width='content'`.
2026-07-29 20:09:48.345 Please replace `use_container_width` with `width`.

`use_container_width` will be removed after 2025-12-31.

For `use_container_width=True`, use `width='stretch'`. For `use_container_width=False`, use `width='content'`.
2026-07-29 20:09:48.392 Please replace `use_container_width` with `width`.

`use_container_width` will be removed after 2025-12-31.

For `use_container_width=True`, use `width='stretch'`. For `use_container_width=False`, use `width='content'`.
2026-07-29 20:09:48.444 Please replace `use_container_width` with `width`.

`use_container_width` will be removed after 2025-12-31.

For `use_container_width=True`, use `width='stretch'`. For `use_container_width=False`, use `width='content'`.
2026-07-29 20:09:48.492 Please replace `use_container_width` with `width`.

`use_container_width` will be removed after 2025-12-31.

For `use_container_width=True`, use `width='stretch'`. For `use_container_width=False`, use `width='content'`.
2026-07-29 20:09:48.546 Please replace `use_container_width` with `width`.

`use_container_width` will be removed after 2025-12-31.

For `use_container_width=True`, use `width='stretch'`. For `use_container_width=False`, use `width='content'`.
2026-07-29 20:09:48.595 Please replace `use_container_width` with `width`.

`use_container_width` will be removed after 2025-12-31.

For `use_container_width=True`, use `width='stretch'`. For `use_container_width=False`, use `width='content'`.
2026-07-29 20:09:48.646 Please replace `use_container_width` with `width`.

`use_container_width` will be removed after 2025-12-31.

For `use_container_width=True`, use `width='stretch'`. For `use_container_width=False`, use `width='content'`.
2026-07-29 20:09:48.697 Please replace `use_container_width` with `width`.

`use_container_width` will be removed after 2025-12-31.

For `use_container_width=True`, use `width='stretch'`. For `use_container_width=False`, use `width='content'`.
2026-07-29 20:09:48.744 Please replace `use_container_width` with `width`.

`use_container_width` will be removed after 2025-12-31.

For `use_container_width=True`, use `width='stretch'`. For `use_container_width=False`, use `width='content'`.
2026-07-29 20:09:48.793 Please replace `use_container_width` with `width`.

`use_container_width` will be removed after 2025-12-31.

For `use_container_width=True`, use `width='stretch'`. For `use_container_width=False`, use `width='content'`.
2026-07-29 20:09:48.844 Please replace `use_container_width` with `width`.

`use_container_width` will be removed after 2025-12-31.

For `use_container_width=True`, use `width='stretch'`. For `use_container_width=False`, use `width='content'`.
2026-07-29 20:09:48.891 Please replace `use_container_width` with `width`.

`use_container_width` will be removed after 2025-12-31.

For `use_container_width=True`, use `width='stretch'`. For `use_container_width=False`, use `width='content'`.
2026-07-29 20:09:48.937 Please replace `use_container_width` with `width`.

`use_container_width` will be removed after 2025-12-31.

For `use_container_width=True`, use `width='stretch'`. For `use_container_width=False`, use `width='content'`.
2026-07-29 20:09:48.985 Please replace `use_container_width` with `width`.

`use_container_width` will be removed after 2025-12-31.

For `use_container_width=True`, use `width='stretch'`. For `use_container_width=False`, use `width='content'`.
2026-07-29 20:09:49.035 Please replace `use_container_width` with `width`.

`use_container_width` will be removed after 2025-12-31.

For `use_container_width=True`, use `width='stretch'`. For `use_container_width=False`, use `width='content'`.
2026-07-29 20:09:49.088 Please replace `use_container_width` with `width`.

`use_container_width` will be removed after 2025-12-31.

For `use_container_width=True`, use `width='stretch'`. For `use_container_width=False`, use `width='content'`.
2026-07-29 20:09:49.098 Please replace `use_container_width` with `width`.

`use_container_width` will be removed after 2025-12-31.

For `use_container_width=True`, use `width='stretch'`. For `use_container_width=False`, use `width='content'`.
2026-07-29 20:09:49.099 Please replace `use_container_width` with `width`.

`use_container_width` will be removed after 2025-12-31.

For `use_container_width=True`, use `width='stretch'`. For `use_container_width=False`, use `width='content'`.
2026-07-29 20:09:49.147 Please replace `use_container_width` with `width`.

`use_container_width` will be removed after 2025-12-31.

For `use_container_width=True`, use `width='stretch'`. For `use_container_width=False`, use `width='content'`.
2026-07-29 20:09:49.195 Please replace `use_container_width` with `width`.

`use_container_width` will be removed after 2025-12-31.

For `use_container_width=True`, use `width='stretch'`. For `use_container_width=False`, use `width='content'`.
2026-07-29 20:09:49.248 Please replace `use_container_width` with `width`.

`use_container_width` will be removed after 2025-12-31.

For `use_container_width=True`, use `width='stretch'`. For `use_container_width=False`, use `width='content'`.
2026-07-29 20:09:49.296 Please replace `use_container_width` with `width`.

`use_container_width` will be removed after 2025-12-31.

For `use_container_width=True`, use `width='stretch'`. For `use_container_width=False`, use `width='content'`.
2026-07-29 20:09:49.345 Please replace `use_container_width` with `width`.

`use_container_width` will be removed after 2025-12-31.

For `use_container_width=True`, use `width='stretch'`. For `use_container_width=False`, use `width='content'`.
2026-07-29 20:09:49.392 Please replace `use_container_width` with `width`.

`use_container_width` will be removed after 2025-12-31.

For `use_container_width=True`, use `width='stretch'`. For `use_container_width=False`, use `width='content'`.
2026-07-29 20:09:49.440 Please replace `use_container_width` with `width`.

`use_container_width` will be removed after 2025-12-31.

For `use_container_width=True`, use `width='stretch'`. For `use_container_width=False`, use `width='content'`.
2026-07-29 20:09:49.491 Please replace `use_container_width` with `width`.

`use_container_width` will be removed after 2025-12-31.

For `use_container_width=True`, use `width='stretch'`. For `use_container_width=False`, use `width='content'`.
2026-07-29 20:09:49.539 Please replace `use_container_width` with `width`.

`use_container_width` will be removed after 2025-12-31.

For `use_container_width=True`, use `width='stretch'`. For `use_container_width=False`, use `width='content'`.
2026-07-29 20:09:49.586 Please replace `use_container_width` with `width`.

`use_container_width` will be removed after 2025-12-31.

For `use_container_width=True`, use `width='stretch'`. For `use_container_width=False`, use `width='content'`.
2026-07-29 20:09:49.634 Please replace `use_container_width` with `width`.

`use_container_width` will be removed after 2025-12-31.

For `use_container_width=True`, use `width='stretch'`. For `use_container_width=False`, use `width='content'`.
2026-07-29 20:09:49.686 Please replace `use_container_width` with `width`.

`use_container_width` will be removed after 2025-12-31.

For `use_container_width=True`, use `width='stretch'`. For `use_container_width=False`, use `width='content'`.
2026-07-29 20:09:49.738 Please replace `use_container_width` with `width`.

`use_container_width` will be removed after 2025-12-31.

For `use_container_width=True`, use `width='stretch'`. For `use_container_width=False`, use `width='content'`.
2026-07-29 20:09:49.797 Please replace `use_container_width` with `width`.

`use_container_width` will be removed after 2025-12-31.

For `use_container_width=True`, use `width='stretch'`. For `use_container_width=False`, use `width='content'`.
2026-07-29 20:09:49.849 Please replace `use_container_width` with `width`.

`use_container_width` will be removed after 2025-12-31.

For `use_container_width=True`, use `width='stretch'`. For `use_container_width=False`, use `width='content'`.
2026-07-29 20:09:49.902 Please replace `use_container_width` with `width`.

`use_container_width` will be removed after 2025-12-31.

For `use_container_width=True`, use `width='stretch'`. For `use_container_width=False`, use `width='content'`.
2026-07-29 20:09:49.955 Please replace `use_container_width` with `width`.

`use_container_width` will be removed after 2025-12-31.

For `use_container_width=True`, use `width='stretch'`. For `use_container_width=False`, use `width='content'`.
2026-07-29 20:09:50.005 Please replace `use_container_width` with `width`.

`use_container_width` will be removed after 2025-12-31.

For `use_container_width=True`, use `width='stretch'`. For `use_container_width=False`, use `width='content'`.
2026-07-29 20:09:50.059 Please replace `use_container_width` with `width`.

`use_container_width` will be removed after 2025-12-31.

For `use_container_width=True`, use `width='stretch'`. For `use_container_width=False`, use `width='content'`.
2026-07-29 20:09:50.112 Please replace `use_container_width` with `width`.

`use_container_width` will be removed after 2025-12-31.

For `use_container_width=True`, use `width='stretch'`. For `use_container_width=False`, use `width='content'`.
2026-07-29 20:09:50.124 Please replace `use_container_width` with `width`.

`use_container_width` will be removed after 2025-12-31.

For `use_container_width=True`, use `width='stretch'`. For `use_container_width=False`, use `width='content'`.
2026-07-29 20:09:50.125 Please replace `use_container_width` with `width`.

`use_container_width` will be removed after 2025-12-31.

For `use_container_width=True`, use `width='stretch'`. For `use_container_width=False`, use `width='content'`.
2026-07-29 20:09:50.173 Please replace `use_container_width` with `width`.

`use_container_width` will be removed after 2025-12-31.

For `use_container_width=True`, use `width='stretch'`. For `use_container_width=False`, use `width='content'`.
2026-07-29 20:09:50.224 Please replace `use_container_width` with `width`.

`use_container_width` will be removed after 2025-12-31.

For `use_container_width=True`, use `width='stretch'`. For `use_container_width=False`, use `width='content'`.
2026-07-29 20:09:50.271 Please replace `use_container_width` with `width`.

`use_container_width` will be removed after 2025-12-31.

For `use_container_width=True`, use `width='stretch'`. For `use_container_width=False`, use `width='content'`.
2026-07-29 20:09:50.321 Please replace `use_container_width` with `width`.

`use_container_width` will be removed after 2025-12-31.

For `use_container_width=True`, use `width='stretch'`. For `use_container_width=False`, use `width='content'`.
2026-07-29 20:09:50.373 Please replace `use_container_width` with `width`.

`use_container_width` will be removed after 2025-12-31.

For `use_container_width=True`, use `width='stretch'`. For `use_container_width=False`, use `width='content'`.
2026-07-29 20:09:50.423 Please replace `use_container_width` with `width`.

`use_container_width` will be removed after 2025-12-31.

For `use_container_width=True`, use `width='stretch'`. For `use_container_width=False`, use `width='content'`.
2026-07-29 20:09:50.476 Please replace `use_container_width` with `width`.

`use_container_width` will be removed after 2025-12-31.

For `use_container_width=True`, use `width='stretch'`. For `use_container_width=False`, use `width='content'`.
2026-07-29 20:09:50.526 Please replace `use_container_width` with `width`.

`use_container_width` will be removed after 2025-12-31.

For `use_container_width=True`, use `width='stretch'`. For `use_container_width=False`, use `width='content'`.
2026-07-29 20:09:50.582 Please replace `use_container_width` with `width`.

`use_container_width` will be removed after 2025-12-31.

For `use_container_width=True`, use `width='stretch'`. For `use_container_width=False`, use `width='content'`.
2026-07-29 20:09:50.634 Please replace `use_container_width` with `width`.

`use_container_width` will be removed after 2025-12-31.

For `use_container_width=True`, use `width='stretch'`. For `use_container_width=False`, use `width='content'`.
2026-07-29 20:09:50.684 Please replace `use_container_width` with `width`.

`use_container_width` will be removed after 2025-12-31.

For `use_container_width=True`, use `width='stretch'`. For `use_container_width=False`, use `width='content'`.
2026-07-29 20:09:50.733 Please replace `use_container_width` with `width`.

`use_container_width` will be removed after 2025-12-31.

For `use_container_width=True`, use `width='stretch'`. For `use_container_width=False`, use `width='content'`.
2026-07-29 20:09:50.783 Please replace `use_container_width` with `width`.

`use_container_width` will be removed after 2025-12-31.

For `use_container_width=True`, use `width='stretch'`. For `use_container_width=False`, use `width='content'`.
2026-07-29 20:09:50.832 Please replace `use_container_width` with `width`.

`use_container_width` will be removed after 2025-12-31.

For `use_container_width=True`, use `width='stretch'`. For `use_container_width=False`, use `width='content'`.
2026-07-29 20:09:50.879 Please replace `use_container_width` with `width`.

`use_container_width` will be removed after 2025-12-31.

For `use_container_width=True`, use `width='stretch'`. For `use_container_width=False`, use `width='content'`.
2026-07-29 20:09:50.926 Please replace `use_container_width` with `width`.

`use_container_width` will be removed after 2025-12-31.

For `use_container_width=True`, use `width='stretch'`. For `use_container_width=False`, use `width='content'`.
2026-07-29 20:09:50.973 Please replace `use_container_width` with `width`.

`use_container_width` will be removed after 2025-12-31.

For `use_container_width=True`, use `width='stretch'`. For `use_container_width=False`, use `width='content'`.
2026-07-29 20:09:51.020 Please replace `use_container_width` with `width`.

`use_container_width` will be removed after 2025-12-31.

For `use_container_width=True`, use `width='stretch'`. For `use_container_width=False`, use `width='content'`.
2026-07-29 20:09:51.068 Please replace `use_container_width` with `width`.

`use_container_width` will be removed after 2025-12-31.

For `use_container_width=True`, use `width='stretch'`. For `use_container_width=False`, use `width='content'`.
2026-07-29 20:09:51.120 Please replace `use_container_width` with `width`.

`use_container_width` will be removed after 2025-12-31.

For `use_container_width=True`, use `width='stretch'`. For `use_container_width=False`, use `width='content'`.
2026-07-29 20:09:51.131 Please replace `use_container_width` with `width`.

`use_container_width` will be removed after 2025-12-31.

For `use_container_width=True`, use `width='stretch'`. For `use_container_width=False`, use `width='content'`.
2026-07-29 20:09:51.132 Please replace `use_container_width` with `width`.

`use_container_width` will be removed after 2025-12-31.

For `use_container_width=True`, use `width='stretch'`. For `use_container_width=False`, use `width='content'`.
2026-07-29 20:09:51.175 Please replace `use_container_width` with `width`.

`use_container_width` will be removed after 2025-12-31.

For `use_container_width=True`, use `width='stretch'`. For `use_container_width=False`, use `width='content'`.
2026-07-29 20:09:51.227 Please replace `use_container_width` with `width`.

`use_container_width` will be removed after 2025-12-31.

For `use_container_width=True`, use `width='stretch'`. For `use_container_width=False`, use `width='content'`.
2026-07-29 20:09:51.274 Please replace `use_container_width` with `width`.

`use_container_width` will be removed after 2025-12-31.

For `use_container_width=True`, use `width='stretch'`. For `use_container_width=False`, use `width='content'`.
2026-07-29 20:09:51.324 Please replace `use_container_width` with `width`.

`use_container_width` will be removed after 2025-12-31.

For `use_container_width=True`, use `width='stretch'`. For `use_container_width=False`, use `width='content'`.
2026-07-29 20:09:51.373 Please replace `use_container_width` with `width`.

`use_container_width` will be removed after 2025-12-31.

For `use_container_width=True`, use `width='stretch'`. For `use_container_width=False`, use `width='content'`.
2026-07-29 20:09:51.420 Please replace `use_container_width` with `width`.

`use_container_width` will be removed after 2025-12-31.

For `use_container_width=True`, use `width='stretch'`. For `use_container_width=False`, use `width='content'`.
2026-07-29 20:09:51.469 Please replace `use_container_width` with `width`.

`use_container_width` will be removed after 2025-12-31.

For `use_container_width=True`, use `width='stretch'`. For `use_container_width=False`, use `width='content'`.
2026-07-29 20:09:51.520 Please replace `use_container_width` with `width`.

`use_container_width` will be removed after 2025-12-31.

For `use_container_width=True`, use `width='stretch'`. For `use_container_width=False`, use `width='content'`.
2026-07-29 20:09:51.567 Please replace `use_container_width` with `width`.

`use_container_width` will be removed after 2025-12-31.

For `use_container_width=True`, use `width='stretch'`. For `use_container_width=False`, use `width='content'`.
2026-07-29 20:09:51.618 Please replace `use_container_width` with `width`.

`use_container_width` will be removed after 2025-12-31.

For `use_container_width=True`, use `width='stretch'`. For `use_container_width=False`, use `width='content'`.
2026-07-29 20:09:51.669 Please replace `use_container_width` with `width`.

`use_container_width` will be removed after 2025-12-31.

For `use_container_width=True`, use `width='stretch'`. For `use_container_width=False`, use `width='content'`.
2026-07-29 20:09:51.725 Please replace `use_container_width` with `width`.

`use_container_width` will be removed after 2025-12-31.

For `use_container_width=True`, use `width='stretch'`. For `use_container_width=False`, use `width='content'`.
2026-07-29 20:09:51.773 Please replace `use_container_width` with `width`.

`use_container_width` will be removed after 2025-12-31.

For `use_container_width=True`, use `width='stretch'`. For `use_container_width=False`, use `width='content'`.
2026-07-29 20:09:51.823 Please replace `use_container_width` with `width`.

`use_container_width` will be removed after 2025-12-31.

For `use_container_width=True`, use `width='stretch'`. For `use_container_width=False`, use `width='content'`.
2026-07-29 20:09:51.875 Please replace `use_container_width` with `width`.

`use_container_width` will be removed after 2025-12-31.

For `use_container_width=True`, use `width='stretch'`. For `use_container_width=False`, use `width='content'`.
2026-07-29 20:09:51.923 Please replace `use_container_width` with `width`.

`use_container_width` will be removed after 2025-12-31.

For `use_container_width=True`, use `width='stretch'`. For `use_container_width=False`, use `width='content'`.
2026-07-29 20:09:51.970 Please replace `use_container_width` with `width`.

`use_container_width` will be removed after 2025-12-31.

For `use_container_width=True`, use `width='stretch'`. For `use_container_width=False`, use `width='content'`.
2026-07-29 20:09:52.021 Please replace `use_container_width` with `width`.

`use_container_width` will be removed after 2025-12-31.

For `use_container_width=True`, use `width='stretch'`. For `use_container_width=False`, use `width='content'`.
2026-07-29 20:09:52.071 Please replace `use_container_width` with `width`.

`use_container_width` will be removed after 2025-12-31.

For `use_container_width=True`, use `width='stretch'`. For `use_container_width=False`, use `width='content'`.
2026-07-29 20:09:52.118 Please replace `use_container_width` with `width`.

`use_container_width` will be removed after 2025-12-31.

For `use_container_width=True`, use `width='stretch'`. For `use_container_width=False`, use `width='content'`.
2026-07-29 20:09:52.169 Please replace `use_container_width` with `width`.

`use_container_width` will be removed after 2025-12-31.

For `use_container_width=True`, use `width='stretch'`. For `use_container_width=False`, use `width='content'`.
2026-07-29 20:09:52.180 Please replace `use_container_width` with `width`.

`use_container_width` will be removed after 2025-12-31.

For `use_container_width=True`, use `width='stretch'`. For `use_container_width=False`, use `width='content'`.
2026-07-29 20:09:52.181 Please replace `use_container_width` with `width`.

`use_container_width` will be removed after 2025-12-31.

For `use_container_width=True`, use `width='stretch'`. For `use_container_width=False`, use `width='content'`.
2026-07-29 20:09:52.229 Please replace `use_container_width` with `width`.

`use_container_width` will be removed after 2025-12-31.

For `use_container_width=True`, use `width='stretch'`. For `use_container_width=False`, use `width='content'`.
2026-07-29 20:09:52.281 Please replace `use_container_width` with `width`.

`use_container_width` will be removed after 2025-12-31.

For `use_container_width=True`, use `width='stretch'`. For `use_container_width=False`, use `width='content'`.
2026-07-29 20:09:52.329 Please replace `use_container_width` with `width`.

`use_container_width` will be removed after 2025-12-31.

For `use_container_width=True`, use `width='stretch'`. For `use_container_width=False`, use `width='content'`.
2026-07-29 20:09:52.380 Please replace `use_container_width` with `width`.

`use_container_width` will be removed after 2025-12-31.

For `use_container_width=True`, use `width='stretch'`. For `use_container_width=False`, use `width='content'`.
2026-07-29 20:09:52.428 Please replace `use_container_width` with `width`.

`use_container_width` will be removed after 2025-12-31.

For `use_container_width=True`, use `width='stretch'`. For `use_container_width=False`, use `width='content'`.
2026-07-29 20:09:52.475 Please replace `use_container_width` with `width`.

`use_container_width` will be removed after 2025-12-31.

For `use_container_width=True`, use `width='stretch'`. For `use_container_width=False`, use `width='content'`.
2026-07-29 20:09:52.523 Please replace `use_container_width` with `width`.

`use_container_width` will be removed after 2025-12-31.

For `use_container_width=True`, use `width='stretch'`. For `use_container_width=False`, use `width='content'`.
2026-07-29 20:09:52.571 Please replace `use_container_width` with `width`.

`use_container_width` will be removed after 2025-12-31.

For `use_container_width=True`, use `width='stretch'`. For `use_container_width=False`, use `width='content'`.
2026-07-29 20:09:52.621 Please replace `use_container_width` with `width`.

`use_container_width` will be removed after 2025-12-31.

For `use_container_width=True`, use `width='stretch'`. For `use_container_width=False`, use `width='content'`.
2026-07-29 20:09:52.672 Please replace `use_container_width` with `width`.

`use_container_width` will be removed after 2025-12-31.

For `use_container_width=True`, use `width='stretch'`. For `use_container_width=False`, use `width='content'`.
2026-07-29 20:09:52.723 Please replace `use_container_width` with `width`.

`use_container_width` will be removed after 2025-12-31.

For `use_container_width=True`, use `width='stretch'`. For `use_container_width=False`, use `width='content'`.
2026-07-29 20:09:52.771 Please replace `use_container_width` with `width`.

`use_container_width` will be removed after 2025-12-31.

For `use_container_width=True`, use `width='stretch'`. For `use_container_width=False`, use `width='content'`.
2026-07-29 20:09:52.823 Please replace `use_container_width` with `width`.

`use_container_width` will be removed after 2025-12-31.

For `use_container_width=True`, use `width='stretch'`. For `use_container_width=False`, use `width='content'`.
2026-07-29 20:09:52.870 Please replace `use_container_width` with `width`.

`use_container_width` will be removed after 2025-12-31.

For `use_container_width=True`, use `width='stretch'`. For `use_container_width=False`, use `width='content'`.
2026-07-29 20:09:52.920 Please replace `use_container_width` with `width`.

`use_container_width` will be removed after 2025-12-31.

For `use_container_width=True`, use `width='stretch'`. For `use_container_width=False`, use `width='content'`.
2026-07-29 20:09:52.972 Please replace `use_container_width` with `width`.

`use_container_width` will be removed after 2025-12-31.

For `use_container_width=True`, use `width='stretch'`. For `use_container_width=False`, use `width='content'`.
2026-07-29 20:09:53.017 Please replace `use_container_width` with `width`.

`use_container_width` will be removed after 2025-12-31.

For `use_container_width=True`, use `width='stretch'`. For `use_container_width=False`, use `width='content'`.
2026-07-29 20:09:53.068 Please replace `use_container_width` with `width`.

`use_container_width` will be removed after 2025-12-31.

For `use_container_width=True`, use `width='stretch'`. For `use_container_width=False`, use `width='content'`.
2026-07-29 20:09:53.120 Please replace `use_container_width` with `width`.

`use_container_width` will be removed after 2025-12-31.

For `use_container_width=True`, use `width='stretch'`. For `use_container_width=False`, use `width='content'`.
2026-07-29 20:09:53.171 Please replace `use_container_width` with `width`.

`use_container_width` will be removed after 2025-12-31.

For `use_container_width=True`, use `width='stretch'`. For `use_container_width=False`, use `width='content'`.
2026-07-29 20:09:53.182 Please replace `use_container_width` with `width`.

`use_container_width` will be removed after 2025-12-31.

For `use_container_width=True`, use `width='stretch'`. For `use_container_width=False`, use `width='content'`.
2026-07-29 20:09:53.183 Please replace `use_container_width` with `width`.

`use_container_width` will be removed after 2025-12-31.

For `use_container_width=True`, use `width='stretch'`. For `use_container_width=False`, use `width='content'`.
2026-07-29 20:09:53.231 Please replace `use_container_width` with `width`.

`use_container_width` will be removed after 2025-12-31.

For `use_container_width=True`, use `width='stretch'`. For `use_container_width=False`, use `width='content'`.
2026-07-29 20:09:53.282 Please replace `use_container_width` with `width`.

`use_container_width` will be removed after 2025-12-31.

For `use_container_width=True`, use `width='stretch'`. For `use_container_width=False`, use `width='content'`.
2026-07-29 20:09:53.333 Please replace `use_container_width` with `width`.

`use_container_width` will be removed after 2025-12-31.

For `use_container_width=True`, use `width='stretch'`. For `use_container_width=False`, use `width='content'`.
2026-07-29 20:09:53.386 Please replace `use_container_width` with `width`.

`use_container_width` will be removed after 2025-12-31.

For `use_container_width=True`, use `width='stretch'`. For `use_container_width=False`, use `width='content'`.
2026-07-29 20:09:53.434 Please replace `use_container_width` with `width`.

`use_container_width` will be removed after 2025-12-31.

For `use_container_width=True`, use `width='stretch'`. For `use_container_width=False`, use `width='content'`.
2026-07-29 20:09:53.485 Please replace `use_container_width` with `width`.

`use_container_width` will be removed after 2025-12-31.

For `use_container_width=True`, use `width='stretch'`. For `use_container_width=False`, use `width='content'`.
2026-07-29 20:09:53.537 Please replace `use_container_width` with `width`.

`use_container_width` will be removed after 2025-12-31.

For `use_container_width=True`, use `width='stretch'`. For `use_container_width=False`, use `width='content'`.
2026-07-29 20:09:53.584 Please replace `use_container_width` with `width`.

`use_container_width` will be removed after 2025-12-31.

For `use_container_width=True`, use `width='stretch'`. For `use_container_width=False`, use `width='content'`.
2026-07-29 20:09:53.633 Please replace `use_container_width` with `width`.

`use_container_width` will be removed after 2025-12-31.

For `use_container_width=True`, use `width='stretch'`. For `use_container_width=False`, use `width='content'`.
2026-07-29 20:09:53.680 Please replace `use_container_width` with `width`.

`use_container_width` will be removed after 2025-12-31.

For `use_container_width=True`, use `width='stretch'`. For `use_container_width=False`, use `width='content'`.
2026-07-29 20:09:53.731 Please replace `use_container_width` with `width`.

`use_container_width` will be removed after 2025-12-31.

For `use_container_width=True`, use `width='stretch'`. For `use_container_width=False`, use `width='content'`.
2026-07-29 20:09:53.783 Please replace `use_container_width` with `width`.

`use_container_width` will be removed after 2025-12-31.

For `use_container_width=True`, use `width='stretch'`. For `use_container_width=False`, use `width='content'`.
2026-07-29 20:09:53.835 Please replace `use_container_width` with `width`.

`use_container_width` will be removed after 2025-12-31.

For `use_container_width=True`, use `width='stretch'`. For `use_container_width=False`, use `width='content'`.
2026-07-29 20:09:53.884 Please replace `use_container_width` with `width`.

`use_container_width` will be removed after 2025-12-31.

For `use_container_width=True`, use `width='stretch'`. For `use_container_width=False`, use `width='content'`.
2026-07-29 20:09:53.933 Please replace `use_container_width` with `width`.

`use_container_width` will be removed after 2025-12-31.

For `use_container_width=True`, use `width='stretch'`. For `use_container_width=False`, use `width='content'`.
2026-07-29 20:09:53.992 Please replace `use_container_width` with `width`.

`use_container_width` will be removed after 2025-12-31.

For `use_container_width=True`, use `width='stretch'`. For `use_container_width=False`, use `width='content'`.
2026-07-29 20:09:54.044 Please replace `use_container_width` with `width`.

`use_container_width` will be removed after 2025-12-31.

For `use_container_width=True`, use `width='stretch'`. For `use_container_width=False`, use `width='content'`.
2026-07-29 20:09:54.094 Please replace `use_container_width` with `width`.

`use_container_width` will be removed after 2025-12-31.

For `use_container_width=True`, use `width='stretch'`. For `use_container_width=False`, use `width='content'`.
2026-07-29 20:09:54.143 Please replace `use_container_width` with `width`.

`use_container_width` will be removed after 2025-12-31.

For `use_container_width=True`, use `width='stretch'`. For `use_container_width=False`, use `width='content'`.
2026-07-29 20:09:54.191 Please replace `use_container_width` with `width`.

`use_container_width` will be removed after 2025-12-31.

For `use_container_width=True`, use `width='stretch'`. For `use_container_width=False`, use `width='content'`.
2026-07-29 20:09:54.202 Please replace `use_container_width` with `width`.

`use_container_width` will be removed after 2025-12-31.

For `use_container_width=True`, use `width='stretch'`. For `use_container_width=False`, use `width='content'`.
2026-07-29 20:09:54.203 Please replace `use_container_width` with `width`.

`use_container_width` will be removed after 2025-12-31.

For `use_container_width=True`, use `width='stretch'`. For `use_container_width=False`, use `width='content'`.
2026-07-29 20:09:54.247 Please replace `use_container_width` with `width`.

`use_container_width` will be removed after 2025-12-31.

For `use_container_width=True`, use `width='stretch'`. For `use_container_width=False`, use `width='content'`.
2026-07-29 20:09:54.299 Please replace `use_container_width` with `width`.

`use_container_width` will be removed after 2025-12-31.

For `use_container_width=True`, use `width='stretch'`. For `use_container_width=False`, use `width='content'`.
2026-07-29 20:09:54.346 Please replace `use_container_width` with `width`.

`use_container_width` will be removed after 2025-12-31.

For `use_container_width=True`, use `width='stretch'`. For `use_container_width=False`, use `width='content'`.
2026-07-29 20:09:54.398 Please replace `use_container_width` with `width`.

`use_container_width` will be removed after 2025-12-31.

For `use_container_width=True`, use `width='stretch'`. For `use_container_width=False`, use `width='content'`.
2026-07-29 20:09:54.449 Please replace `use_container_width` with `width`.

`use_container_width` will be removed after 2025-12-31.

For `use_container_width=True`, use `width='stretch'`. For `use_container_width=False`, use `width='content'`.
2026-07-29 20:09:54.500 Please replace `use_container_width` with `width`.

`use_container_width` will be removed after 2025-12-31.

For `use_container_width=True`, use `width='stretch'`. For `use_container_width=False`, use `width='content'`.
2026-07-29 20:09:54.552 Please replace `use_container_width` with `width`.

`use_container_width` will be removed after 2025-12-31.

For `use_container_width=True`, use `width='stretch'`. For `use_container_width=False`, use `width='content'`.
2026-07-29 20:09:54.603 Please replace `use_container_width` with `width`.

`use_container_width` will be removed after 2025-12-31.

For `use_container_width=True`, use `width='stretch'`. For `use_container_width=False`, use `width='content'`.
2026-07-29 20:09:54.650 Please replace `use_container_width` with `width`.

`use_container_width` will be removed after 2025-12-31.

For `use_container_width=True`, use `width='stretch'`. For `use_container_width=False`, use `width='content'`.
2026-07-29 20:09:54.697 Please replace `use_container_width` with `width`.

`use_container_width` will be removed after 2025-12-31.

For `use_container_width=True`, use `width='stretch'`. For `use_container_width=False`, use `width='content'`.
2026-07-29 20:09:54.750 Please replace `use_container_width` with `width`.

`use_container_width` will be removed after 2025-12-31.

For `use_container_width=True`, use `width='stretch'`. For `use_container_width=False`, use `width='content'`.
2026-07-29 20:09:54.801 Please replace `use_container_width` with `width`.

`use_container_width` will be removed after 2025-12-31.

For `use_container_width=True`, use `width='stretch'`. For `use_container_width=False`, use `width='content'`.
2026-07-29 20:09:54.853 Please replace `use_container_width` with `width`.

`use_container_width` will be removed after 2025-12-31.

For `use_container_width=True`, use `width='stretch'`. For `use_container_width=False`, use `width='content'`.
2026-07-29 20:09:54.899 Please replace `use_container_width` with `width`.

`use_container_width` will be removed after 2025-12-31.

For `use_container_width=True`, use `width='stretch'`. For `use_container_width=False`, use `width='content'`.
2026-07-29 20:09:54.951 Please replace `use_container_width` with `width`.

`use_container_width` will be removed after 2025-12-31.

For `use_container_width=True`, use `width='stretch'`. For `use_container_width=False`, use `width='content'`.
2026-07-29 20:09:55.003 Please replace `use_container_width` with `width`.

`use_container_width` will be removed after 2025-12-31.

For `use_container_width=True`, use `width='stretch'`. For `use_container_width=False`, use `width='content'`.
2026-07-29 20:09:55.054 Please replace `use_container_width` with `width`.

`use_container_width` will be removed after 2025-12-31.

For `use_container_width=True`, use `width='stretch'`. For `use_container_width=False`, use `width='content'`.
2026-07-29 20:09:55.104 Please replace `use_container_width` with `width`.

`use_container_width` will be removed after 2025-12-31.

For `use_container_width=True`, use `width='stretch'`. For `use_container_width=False`, use `width='content'`.
2026-07-29 20:09:55.154 Please replace `use_container_width` with `width`.

`use_container_width` will be removed after 2025-12-31.

For `use_container_width=True`, use `width='stretch'`. For `use_container_width=False`, use `width='content'`.
2026-07-29 20:09:55.204 Please replace `use_container_width` with `width`.

`use_container_width` will be removed after 2025-12-31.

For `use_container_width=True`, use `width='stretch'`. For `use_container_width=False`, use `width='content'`.
2026-07-29 20:09:55.216 Please replace `use_container_width` with `width`.

`use_container_width` will be removed after 2025-12-31.

For `use_container_width=True`, use `width='stretch'`. For `use_container_width=False`, use `width='content'`.
2026-07-29 20:09:55.217 Please replace `use_container_width` with `width`.

`use_container_width` will be removed after 2025-12-31.

For `use_container_width=True`, use `width='stretch'`. For `use_container_width=False`, use `width='content'`.
2026-07-29 20:09:55.265 Please replace `use_container_width` with `width`.

`use_container_width` will be removed after 2025-12-31.

For `use_container_width=True`, use `width='stretch'`. For `use_container_width=False`, use `width='content'`.
2026-07-29 20:09:55.316 Please replace `use_container_width` with `width`.

`use_container_width` will be removed after 2025-12-31.

For `use_container_width=True`, use `width='stretch'`. For `use_container_width=False`, use `width='content'`.
2026-07-29 20:09:55.367 Please replace `use_container_width` with `width`.

`use_container_width` will be removed after 2025-12-31.

For `use_container_width=True`, use `width='stretch'`. For `use_container_width=False`, use `width='content'`.
2026-07-29 20:09:55.417 Please replace `use_container_width` with `width`.

`use_container_width` will be removed after 2025-12-31.

For `use_container_width=True`, use `width='stretch'`. For `use_container_width=False`, use `width='content'`.
2026-07-29 20:09:55.469 Please replace `use_container_width` with `width`.

`use_container_width` will be removed after 2025-12-31.

For `use_container_width=True`, use `width='stretch'`. For `use_container_width=False`, use `width='content'`.
2026-07-29 20:09:55.518 Please replace `use_container_width` with `width`.

`use_container_width` will be removed after 2025-12-31.

For `use_container_width=True`, use `width='stretch'`. For `use_container_width=False`, use `width='content'`.
2026-07-29 20:09:55.568 Please replace `use_container_width` with `width`.

`use_container_width` will be removed after 2025-12-31.

For `use_container_width=True`, use `width='stretch'`. For `use_container_width=False`, use `width='content'`.
2026-07-29 20:09:55.617 Please replace `use_container_width` with `width`.

`use_container_width` will be removed after 2025-12-31.

For `use_container_width=True`, use `width='stretch'`. For `use_container_width=False`, use `width='content'`.
2026-07-29 20:09:55.667 Please replace `use_container_width` with `width`.

`use_container_width` will be removed after 2025-12-31.

For `use_container_width=True`, use `width='stretch'`. For `use_container_width=False`, use `width='content'`.
2026-07-29 20:09:55.715 Please replace `use_container_width` with `width`.

`use_container_width` will be removed after 2025-12-31.

For `use_container_width=True`, use `width='stretch'`. For `use_container_width=False`, use `width='content'`.
2026-07-29 20:09:55.766 Please replace `use_container_width` with `width`.

`use_container_width` will be removed after 2025-12-31.

For `use_container_width=True`, use `width='stretch'`. For `use_container_width=False`, use `width='content'`.
2026-07-29 20:09:55.816 Please replace `use_container_width` with `width`.

`use_container_width` will be removed after 2025-12-31.

For `use_container_width=True`, use `width='stretch'`. For `use_container_width=False`, use `width='content'`.
2026-07-29 20:09:55.868 Please replace `use_container_width` with `width`.

`use_container_width` will be removed after 2025-12-31.

For `use_container_width=True`, use `width='stretch'`. For `use_container_width=False`, use `width='content'`.
2026-07-29 20:09:55.916 Please replace `use_container_width` with `width`.

`use_container_width` will be removed after 2025-12-31.

For `use_container_width=True`, use `width='stretch'`. For `use_container_width=False`, use `width='content'`.
2026-07-29 20:09:55.967 Please replace `use_container_width` with `width`.

`use_container_width` will be removed after 2025-12-31.

For `use_container_width=True`, use `width='stretch'`. For `use_container_width=False`, use `width='content'`.
2026-07-29 20:09:56.019 Please replace `use_container_width` with `width`.

`use_container_width` will be removed after 2025-12-31.

For `use_container_width=True`, use `width='stretch'`. For `use_container_width=False`, use `width='content'`.
2026-07-29 20:09:56.067 Please replace `use_container_width` with `width`.

`use_container_width` will be removed after 2025-12-31.

For `use_container_width=True`, use `width='stretch'`. For `use_container_width=False`, use `width='content'`.
2026-07-29 20:09:56.120 Please replace `use_container_width` with `width`.

`use_container_width` will be removed after 2025-12-31.

For `use_container_width=True`, use `width='stretch'`. For `use_container_width=False`, use `width='content'`.
2026-07-29 20:09:56.170 Please replace `use_container_width` with `width`.

`use_container_width` will be removed after 2025-12-31.

For `use_container_width=True`, use `width='stretch'`. For `use_container_width=False`, use `width='content'`.
2026-07-29 20:09:56.217 Please replace `use_container_width` with `width`.

`use_container_width` will be removed after 2025-12-31.

For `use_container_width=True`, use `width='stretch'`. For `use_container_width=False`, use `width='content'`.
2026-07-29 20:09:56.227 Please replace `use_container_width` with `width`.

`use_container_width` will be removed after 2025-12-31.

For `use_container_width=True`, use `width='stretch'`. For `use_container_width=False`, use `width='content'`.
2026-07-29 20:09:56.229 Please replace `use_container_width` with `width`.

`use_container_width` will be removed after 2025-12-31.

For `use_container_width=True`, use `width='stretch'`. For `use_container_width=False`, use `width='content'`.
2026-07-29 20:09:56.277 Please replace `use_container_width` with `width`.

`use_container_width` will be removed after 2025-12-31.

For `use_container_width=True`, use `width='stretch'`. For `use_container_width=False`, use `width='content'`.
2026-07-29 20:09:56.329 Please replace `use_container_width` with `width`.

`use_container_width` will be removed after 2025-12-31.

For `use_container_width=True`, use `width='stretch'`. For `use_container_width=False`, use `width='content'`.
2026-07-29 20:09:56.381 Please replace `use_container_width` with `width`.

`use_container_width` will be removed after 2025-12-31.

For `use_container_width=True`, use `width='stretch'`. For `use_container_width=False`, use `width='content'`.
2026-07-29 20:09:56.433 Please replace `use_container_width` with `width`.

`use_container_width` will be removed after 2025-12-31.

For `use_container_width=True`, use `width='stretch'`. For `use_container_width=False`, use `width='content'`.
2026-07-29 20:09:56.480 Please replace `use_container_width` with `width`.

`use_container_width` will be removed after 2025-12-31.

For `use_container_width=True`, use `width='stretch'`. For `use_container_width=False`, use `width='content'`.
2026-07-29 20:09:56.530 Please replace `use_container_width` with `width`.

`use_container_width` will be removed after 2025-12-31.

For `use_container_width=True`, use `width='stretch'`. For `use_container_width=False`, use `width='content'`.
2026-07-29 20:09:56.579 Please replace `use_container_width` with `width`.

`use_container_width` will be removed after 2025-12-31.

For `use_container_width=True`, use `width='stretch'`. For `use_container_width=False`, use `width='content'`.
2026-07-29 20:09:56.631 Please replace `use_container_width` with `width`.

`use_container_width` will be removed after 2025-12-31.

For `use_container_width=True`, use `width='stretch'`. For `use_container_width=False`, use `width='content'`.
2026-07-29 20:09:56.678 Please replace `use_container_width` with `width`.

`use_container_width` will be removed after 2025-12-31.

For `use_container_width=True`, use `width='stretch'`. For `use_container_width=False`, use `width='content'`.
2026-07-29 20:09:56.730 Please replace `use_container_width` with `width`.

`use_container_width` will be removed after 2025-12-31.

For `use_container_width=True`, use `width='stretch'`. For `use_container_width=False`, use `width='content'`.
2026-07-29 20:09:56.778 Please replace `use_container_width` with `width`.

`use_container_width` will be removed after 2025-12-31.

For `use_container_width=True`, use `width='stretch'`. For `use_container_width=False`, use `width='content'`.
2026-07-29 20:09:56.826 Please replace `use_container_width` with `width`.

`use_container_width` will be removed after 2025-12-31.

For `use_container_width=True`, use `width='stretch'`. For `use_container_width=False`, use `width='content'`.
2026-07-29 20:09:56.875 Please replace `use_container_width` with `width`.

`use_container_width` will be removed after 2025-12-31.

For `use_container_width=True`, use `width='stretch'`. For `use_container_width=False`, use `width='content'`.
2026-07-29 20:09:56.923 Please replace `use_container_width` with `width`.

`use_container_width` will be removed after 2025-12-31.

For `use_container_width=True`, use `width='stretch'`. For `use_container_width=False`, use `width='content'`.
2026-07-29 20:09:56.971 Please replace `use_container_width` with `width`.

`use_container_width` will be removed after 2025-12-31.

For `use_container_width=True`, use `width='stretch'`. For `use_container_width=False`, use `width='content'`.
2026-07-29 20:09:57.023 Please replace `use_container_width` with `width`.

`use_container_width` will be removed after 2025-12-31.

For `use_container_width=True`, use `width='stretch'`. For `use_container_width=False`, use `width='content'`.
2026-07-29 20:09:57.073 Please replace `use_container_width` with `width`.

`use_container_width` will be removed after 2025-12-31.

For `use_container_width=True`, use `width='stretch'`. For `use_container_width=False`, use `width='content'`.
2026-07-29 20:09:57.119 Please replace `use_container_width` with `width`.

`use_container_width` will be removed after 2025-12-31.

For `use_container_width=True`, use `width='stretch'`. For `use_container_width=False`, use `width='content'`.
2026-07-29 20:09:57.168 Please replace `use_container_width` with `width`.

`use_container_width` will be removed after 2025-12-31.

For `use_container_width=True`, use `width='stretch'`. For `use_container_width=False`, use `width='content'`.
2026-07-29 20:09:57.220 Please replace `use_container_width` with `width`.

`use_container_width` will be removed after 2025-12-31.

For `use_container_width=True`, use `width='stretch'`. For `use_container_width=False`, use `width='content'`.
2026-07-29 20:09:57.230 Please replace `use_container_width` with `width`.

`use_container_width` will be removed after 2025-12-31.

For `use_container_width=True`, use `width='stretch'`. For `use_container_width=False`, use `width='content'`.
2026-07-29 20:09:57.231 Please replace `use_container_width` with `width`.

`use_container_width` will be removed after 2025-12-31.

For `use_container_width=True`, use `width='stretch'`. For `use_container_width=False`, use `width='content'`.
2026-07-29 20:09:57.277 Please replace `use_container_width` with `width`.

`use_container_width` will be removed after 2025-12-31.

For `use_container_width=True`, use `width='stretch'`. For `use_container_width=False`, use `width='content'`.
2026-07-29 20:09:57.328 Please replace `use_container_width` with `width`.

`use_container_width` will be removed after 2025-12-31.

For `use_container_width=True`, use `width='stretch'`. For `use_container_width=False`, use `width='content'`.
2026-07-29 20:09:57.380 Please replace `use_container_width` with `width`.

`use_container_width` will be removed after 2025-12-31.

For `use_container_width=True`, use `width='stretch'`. For `use_container_width=False`, use `width='content'`.
2026-07-29 20:09:57.431 Please replace `use_container_width` with `width`.

`use_container_width` will be removed after 2025-12-31.

For `use_container_width=True`, use `width='stretch'`. For `use_container_width=False`, use `width='content'`.
2026-07-29 20:09:57.483 Please replace `use_container_width` with `width`.

`use_container_width` will be removed after 2025-12-31.

For `use_container_width=True`, use `width='stretch'`. For `use_container_width=False`, use `width='content'`.
2026-07-29 20:09:57.529 Please replace `use_container_width` with `width`.

`use_container_width` will be removed after 2025-12-31.

For `use_container_width=True`, use `width='stretch'`. For `use_container_width=False`, use `width='content'`.
2026-07-29 20:09:57.580 Please replace `use_container_width` with `width`.

`use_container_width` will be removed after 2025-12-31.

For `use_container_width=True`, use `width='stretch'`. For `use_container_width=False`, use `width='content'`.
2026-07-29 20:09:57.632 Please replace `use_container_width` with `width`.

`use_container_width` will be removed after 2025-12-31.

For `use_container_width=True`, use `width='stretch'`. For `use_container_width=False`, use `width='content'`.
2026-07-29 20:09:57.680 Please replace `use_container_width` with `width`.

`use_container_width` will be removed after 2025-12-31.

For `use_container_width=True`, use `width='stretch'`. For `use_container_width=False`, use `width='content'`.
2026-07-29 20:09:57.733 Please replace `use_container_width` with `width`.

`use_container_width` will be removed after 2025-12-31.

For `use_container_width=True`, use `width='stretch'`. For `use_container_width=False`, use `width='content'`.
2026-07-29 20:09:57.784 Please replace `use_container_width` with `width`.

`use_container_width` will be removed after 2025-12-31.

For `use_container_width=True`, use `width='stretch'`. For `use_container_width=False`, use `width='content'`.
2026-07-29 20:09:57.836 Please replace `use_container_width` with `width`.

`use_container_width` will be removed after 2025-12-31.

For `use_container_width=True`, use `width='stretch'`. For `use_container_width=False`, use `width='content'`.
2026-07-29 20:09:57.887 Please replace `use_container_width` with `width`.

`use_container_width` will be removed after 2025-12-31.

For `use_container_width=True`, use `width='stretch'`. For `use_container_width=False`, use `width='content'`.
2026-07-29 20:09:57.938 Please replace `use_container_width` with `width`.

`use_container_width` will be removed after 2025-12-31.

For `use_container_width=True`, use `width='stretch'`. For `use_container_width=False`, use `width='content'`.
2026-07-29 20:09:57.986 Please replace `use_container_width` with `width`.

`use_container_width` will be removed after 2025-12-31.

For `use_container_width=True`, use `width='stretch'`. For `use_container_width=False`, use `width='content'`.
2026-07-29 20:09:58.037 Please replace `use_container_width` with `width`.

`use_container_width` will be removed after 2025-12-31.

For `use_container_width=True`, use `width='stretch'`. For `use_container_width=False`, use `width='content'`.
2026-07-29 20:09:58.088 Please replace `use_container_width` with `width`.

`use_container_width` will be removed after 2025-12-31.

For `use_container_width=True`, use `width='stretch'`. For `use_container_width=False`, use `width='content'`.
2026-07-29 20:09:58.135 Please replace `use_container_width` with `width`.

`use_container_width` will be removed after 2025-12-31.

For `use_container_width=True`, use `width='stretch'`. For `use_container_width=False`, use `width='content'`.
2026-07-29 20:09:58.183 Please replace `use_container_width` with `width`.

`use_container_width` will be removed after 2025-12-31.

For `use_container_width=True`, use `width='stretch'`. For `use_container_width=False`, use `width='content'`.
2026-07-29 20:09:58.233 Please replace `use_container_width` with `width`.

`use_container_width` will be removed after 2025-12-31.

For `use_container_width=True`, use `width='stretch'`. For `use_container_width=False`, use `width='content'`.
2026-07-29 20:09:58.243 Please replace `use_container_width` with `width`.

`use_container_width` will be removed after 2025-12-31.

For `use_container_width=True`, use `width='stretch'`. For `use_container_width=False`, use `width='content'`.
2026-07-29 20:09:58.244 Please replace `use_container_width` with `width`.

`use_container_width` will be removed after 2025-12-31.

For `use_container_width=True`, use `width='stretch'`. For `use_container_width=False`, use `width='content'`.
2026-07-29 20:09:58.290 Please replace `use_container_width` with `width`.

`use_container_width` will be removed after 2025-12-31.

For `use_container_width=True`, use `width='stretch'`. For `use_container_width=False`, use `width='content'`.
2026-07-29 20:09:58.337 Please replace `use_container_width` with `width`.

`use_container_width` will be removed after 2025-12-31.

For `use_container_width=True`, use `width='stretch'`. For `use_container_width=False`, use `width='content'`.
2026-07-29 20:09:58.383 Please replace `use_container_width` with `width`.

`use_container_width` will be removed after 2025-12-31.

For `use_container_width=True`, use `width='stretch'`. For `use_container_width=False`, use `width='content'`.
2026-07-29 20:09:58.434 Please replace `use_container_width` with `width`.

`use_container_width` will be removed after 2025-12-31.

For `use_container_width=True`, use `width='stretch'`. For `use_container_width=False`, use `width='content'`.
2026-07-29 20:09:58.483 Please replace `use_container_width` with `width`.

`use_container_width` will be removed after 2025-12-31.

For `use_container_width=True`, use `width='stretch'`. For `use_container_width=False`, use `width='content'`.
2026-07-29 20:09:58.531 Please replace `use_container_width` with `width`.

`use_container_width` will be removed after 2025-12-31.

For `use_container_width=True`, use `width='stretch'`. For `use_container_width=False`, use `width='content'`.
2026-07-29 20:09:58.581 Please replace `use_container_width` with `width`.

`use_container_width` will be removed after 2025-12-31.

For `use_container_width=True`, use `width='stretch'`. For `use_container_width=False`, use `width='content'`.
2026-07-29 20:09:58.627 Please replace `use_container_width` with `width`.

`use_container_width` will be removed after 2025-12-31.

For `use_container_width=True`, use `width='stretch'`. For `use_container_width=False`, use `width='content'`.
2026-07-29 20:09:58.680 Please replace `use_container_width` with `width`.

`use_container_width` will be removed after 2025-12-31.

For `use_container_width=True`, use `width='stretch'`. For `use_container_width=False`, use `width='content'`.
2026-07-29 20:09:58.730 Please replace `use_container_width` with `width`.

`use_container_width` will be removed after 2025-12-31.

For `use_container_width=True`, use `width='stretch'`. For `use_container_width=False`, use `width='content'`.
2026-07-29 20:09:58.783 Please replace `use_container_width` with `width`.

`use_container_width` will be removed after 2025-12-31.

For `use_container_width=True`, use `width='stretch'`. For `use_container_width=False`, use `width='content'`.
2026-07-29 20:09:58.834 Please replace `use_container_width` with `width`.

`use_container_width` will be removed after 2025-12-31.

For `use_container_width=True`, use `width='stretch'`. For `use_container_width=False`, use `width='content'`.
2026-07-29 20:09:58.888 Please replace `use_container_width` with `width`.

`use_container_width` will be removed after 2025-12-31.

For `use_container_width=True`, use `width='stretch'`. For `use_container_width=False`, use `width='content'`.
2026-07-29 20:09:58.938 Please replace `use_container_width` with `width`.

`use_container_width` will be removed after 2025-12-31.

For `use_container_width=True`, use `width='stretch'`. For `use_container_width=False`, use `width='content'`.
2026-07-29 20:09:58.990 Please replace `use_container_width` with `width`.

`use_container_width` will be removed after 2025-12-31.

For `use_container_width=True`, use `width='stretch'`. For `use_container_width=False`, use `width='content'`.
2026-07-29 20:09:59.041 Please replace `use_container_width` with `width`.

`use_container_width` will be removed after 2025-12-31.

For `use_container_width=True`, use `width='stretch'`. For `use_container_width=False`, use `width='content'`.
2026-07-29 20:09:59.093 Please replace `use_container_width` with `width`.

`use_container_width` will be removed after 2025-12-31.

For `use_container_width=True`, use `width='stretch'`. For `use_container_width=False`, use `width='content'`.
2026-07-29 20:09:59.142 Please replace `use_container_width` with `width`.

`use_container_width` will be removed after 2025-12-31.

For `use_container_width=True`, use `width='stretch'`. For `use_container_width=False`, use `width='content'`.
2026-07-29 20:09:59.190 Please replace `use_container_width` with `width`.

`use_container_width` will be removed after 2025-12-31.

For `use_container_width=True`, use `width='stretch'`. For `use_container_width=False`, use `width='content'`.
2026-07-29 20:09:59.241 Please replace `use_container_width` with `width`.

`use_container_width` will be removed after 2025-12-31.

For `use_container_width=True`, use `width='stretch'`. For `use_container_width=False`, use `width='content'`.
2026-07-29 20:09:59.253 Please replace `use_container_width` with `width`.

`use_container_width` will be removed after 2025-12-31.

For `use_container_width=True`, use `width='stretch'`. For `use_container_width=False`, use `width='content'`.
2026-07-29 20:09:59.255 Please replace `use_container_width` with `width`.

`use_container_width` will be removed after 2025-12-31.

For `use_container_width=True`, use `width='stretch'`. For `use_container_width=False`, use `width='content'`.
2026-07-29 20:09:59.299 Please replace `use_container_width` with `width`.

`use_container_width` will be removed after 2025-12-31.

For `use_container_width=True`, use `width='stretch'`. For `use_container_width=False`, use `width='content'`.
2026-07-29 20:09:59.346 Please replace `use_container_width` with `width`.

`use_container_width` will be removed after 2025-12-31.

For `use_container_width=True`, use `width='stretch'`. For `use_container_width=False`, use `width='content'`.
2026-07-29 20:09:59.400 Please replace `use_container_width` with `width`.

`use_container_width` will be removed after 2025-12-31.

For `use_container_width=True`, use `width='stretch'`. For `use_container_width=False`, use `width='content'`.
2026-07-29 20:09:59.454 Please replace `use_container_width` with `width`.

`use_container_width` will be removed after 2025-12-31.

For `use_container_width=True`, use `width='stretch'`. For `use_container_width=False`, use `width='content'`.
2026-07-29 20:09:59.507 Please replace `use_container_width` with `width`.

`use_container_width` will be removed after 2025-12-31.

For `use_container_width=True`, use `width='stretch'`. For `use_container_width=False`, use `width='content'`.
2026-07-29 20:09:59.558 Please replace `use_container_width` with `width`.

`use_container_width` will be removed after 2025-12-31.

For `use_container_width=True`, use `width='stretch'`. For `use_container_width=False`, use `width='content'`.
2026-07-29 20:09:59.605 Please replace `use_container_width` with `width`.

`use_container_width` will be removed after 2025-12-31.

For `use_container_width=True`, use `width='stretch'`. For `use_container_width=False`, use `width='content'`.
2026-07-29 20:09:59.658 Please replace `use_container_width` with `width`.

`use_container_width` will be removed after 2025-12-31.

For `use_container_width=True`, use `width='stretch'`. For `use_container_width=False`, use `width='content'`.
2026-07-29 20:09:59.709 Please replace `use_container_width` with `width`.

`use_container_width` will be removed after 2025-12-31.

For `use_container_width=True`, use `width='stretch'`. For `use_container_width=False`, use `width='content'`.
2026-07-29 20:09:59.763 Please replace `use_container_width` with `width`.

`use_container_width` will be removed after 2025-12-31.

For `use_container_width=True`, use `width='stretch'`. For `use_container_width=False`, use `width='content'`.
2026-07-29 20:09:59.814 Please replace `use_container_width` with `width`.

`use_container_width` will be removed after 2025-12-31.

For `use_container_width=True`, use `width='stretch'`. For `use_container_width=False`, use `width='content'`.
2026-07-29 20:09:59.865 Please replace `use_container_width` with `width`.

`use_container_width` will be removed after 2025-12-31.

For `use_container_width=True`, use `width='stretch'`. For `use_container_width=False`, use `width='content'`.
2026-07-29 20:09:59.917 Please replace `use_container_width` with `width`.

`use_container_width` will be removed after 2025-12-31.

For `use_container_width=True`, use `width='stretch'`. For `use_container_width=False`, use `width='content'`.
2026-07-29 20:09:59.967 Please replace `use_container_width` with `width`.

`use_container_width` will be removed after 2025-12-31.

For `use_container_width=True`, use `width='stretch'`. For `use_container_width=False`, use `width='content'`.
2026-07-29 20:10:00.025 Please replace `use_container_width` with `width`.

`use_container_width` will be removed after 2025-12-31.

For `use_container_width=True`, use `width='stretch'`. For `use_container_width=False`, use `width='content'`.
2026-07-29 20:10:00.074 Please replace `use_container_width` with `width`.

`use_container_width` will be removed after 2025-12-31.

For `use_container_width=True`, use `width='stretch'`. For `use_container_width=False`, use `width='content'`.
2026-07-29 20:10:00.121 Please replace `use_container_width` with `width`.

`use_container_width` will be removed after 2025-12-31.

For `use_container_width=True`, use `width='stretch'`. For `use_container_width=False`, use `width='content'`.
2026-07-29 20:10:00.168 Please replace `use_container_width` with `width`.

`use_container_width` will be removed after 2025-12-31.

For `use_container_width=True`, use `width='stretch'`. For `use_container_width=False`, use `width='content'`.
2026-07-29 20:10:00.215 Please replace `use_container_width` with `width`.

`use_container_width` will be removed after 2025-12-31.

For `use_container_width=True`, use `width='stretch'`. For `use_container_width=False`, use `width='content'`.
2026-07-29 20:10:00.268 Please replace `use_container_width` with `width`.

`use_container_width` will be removed after 2025-12-31.

For `use_container_width=True`, use `width='stretch'`. For `use_container_width=False`, use `width='content'`.
2026-07-29 20:10:00.279 Please replace `use_container_width` with `width`.

`use_container_width` will be removed after 2025-12-31.

For `use_container_width=True`, use `width='stretch'`. For `use_container_width=False`, use `width='content'`.
2026-07-29 20:10:00.280 Please replace `use_container_width` with `width`.

`use_container_width` will be removed after 2025-12-31.

For `use_container_width=True`, use `width='stretch'`. For `use_container_width=False`, use `width='content'`.
2026-07-29 20:10:00.328 Please replace `use_container_width` with `width`.

`use_container_width` will be removed after 2025-12-31.

For `use_container_width=True`, use `width='stretch'`. For `use_container_width=False`, use `width='content'`.
2026-07-29 20:10:00.375 Please replace `use_container_width` with `width`.

`use_container_width` will be removed after 2025-12-31.

For `use_container_width=True`, use `width='stretch'`. For `use_container_width=False`, use `width='content'`.
2026-07-29 20:10:00.427 Please replace `use_container_width` with `width`.

`use_container_width` will be removed after 2025-12-31.

For `use_container_width=True`, use `width='stretch'`. For `use_container_width=False`, use `width='content'`.
2026-07-29 20:10:00.480 Please replace `use_container_width` with `width`.

`use_container_width` will be removed after 2025-12-31.

For `use_container_width=True`, use `width='stretch'`. For `use_container_width=False`, use `width='content'`.
2026-07-29 20:10:00.531 Please replace `use_container_width` with `width`.

`use_container_width` will be removed after 2025-12-31.

For `use_container_width=True`, use `width='stretch'`. For `use_container_width=False`, use `width='content'`.
2026-07-29 20:10:00.579 Please replace `use_container_width` with `width`.

`use_container_width` will be removed after 2025-12-31.

For `use_container_width=True`, use `width='stretch'`. For `use_container_width=False`, use `width='content'`.
2026-07-29 20:10:00.628 Please replace `use_container_width` with `width`.

`use_container_width` will be removed after 2025-12-31.

For `use_container_width=True`, use `width='stretch'`. For `use_container_width=False`, use `width='content'`.
2026-07-29 20:10:00.676 Please replace `use_container_width` with `width`.

`use_container_width` will be removed after 2025-12-31.

For `use_container_width=True`, use `width='stretch'`. For `use_container_width=False`, use `width='content'`.
2026-07-29 20:10:00.728 Please replace `use_container_width` with `width`.

`use_container_width` will be removed after 2025-12-31.

For `use_container_width=True`, use `width='stretch'`. For `use_container_width=False`, use `width='content'`.
2026-07-29 20:10:00.777 Please replace `use_container_width` with `width`.

`use_container_width` will be removed after 2025-12-31.

For `use_container_width=True`, use `width='stretch'`. For `use_container_width=False`, use `width='content'`.
2026-07-29 20:10:00.827 Please replace `use_container_width` with `width`.

`use_container_width` will be removed after 2025-12-31.

For `use_container_width=True`, use `width='stretch'`. For `use_container_width=False`, use `width='content'`.
2026-07-29 20:10:00.873 Please replace `use_container_width` with `width`.

`use_container_width` will be removed after 2025-12-31.

For `use_container_width=True`, use `width='stretch'`. For `use_container_width=False`, use `width='content'`.
2026-07-29 20:10:00.921 Please replace `use_container_width` with `width`.

`use_container_width` will be removed after 2025-12-31.

For `use_container_width=True`, use `width='stretch'`. For `use_container_width=False`, use `width='content'`.
2026-07-29 20:10:00.970 Please replace `use_container_width` with `width`.

`use_container_width` will be removed after 2025-12-31.

For `use_container_width=True`, use `width='stretch'`. For `use_container_width=False`, use `width='content'`.
2026-07-29 20:10:01.021 Please replace `use_container_width` with `width`.

`use_container_width` will be removed after 2025-12-31.

For `use_container_width=True`, use `width='stretch'`. For `use_container_width=False`, use `width='content'`.
2026-07-29 20:10:01.072 Please replace `use_container_width` with `width`.

`use_container_width` will be removed after 2025-12-31.

For `use_container_width=True`, use `width='stretch'`. For `use_container_width=False`, use `width='content'`.
2026-07-29 20:10:01.119 Please replace `use_container_width` with `width`.

`use_container_width` will be removed after 2025-12-31.

For `use_container_width=True`, use `width='stretch'`. For `use_container_width=False`, use `width='content'`.
2026-07-29 20:10:01.165 Please replace `use_container_width` with `width`.

`use_container_width` will be removed after 2025-12-31.

For `use_container_width=True`, use `width='stretch'`. For `use_container_width=False`, use `width='content'`.
2026-07-29 20:10:01.218 Please replace `use_container_width` with `width`.

`use_container_width` will be removed after 2025-12-31.

For `use_container_width=True`, use `width='stretch'`. For `use_container_width=False`, use `width='content'`.
2026-07-29 20:10:01.272 Please replace `use_container_width` with `width`.

`use_container_width` will be removed after 2025-12-31.

For `use_container_width=True`, use `width='stretch'`. For `use_container_width=False`, use `width='content'`.
2026-07-29 20:10:01.283 Please replace `use_container_width` with `width`.

`use_container_width` will be removed after 2025-12-31.

For `use_container_width=True`, use `width='stretch'`. For `use_container_width=False`, use `width='content'`.
2026-07-29 20:10:01.284 Please replace `use_container_width` with `width`.

`use_container_width` will be removed after 2025-12-31.

For `use_container_width=True`, use `width='stretch'`. For `use_container_width=False`, use `width='content'`.
2026-07-29 20:10:01.332 Please replace `use_container_width` with `width`.

`use_container_width` will be removed after 2025-12-31.

For `use_container_width=True`, use `width='stretch'`. For `use_container_width=False`, use `width='content'`.
2026-07-29 20:10:01.386 Please replace `use_container_width` with `width`.

`use_container_width` will be removed after 2025-12-31.

For `use_container_width=True`, use `width='stretch'`. For `use_container_width=False`, use `width='content'`.
2026-07-29 20:10:01.439 Please replace `use_container_width` with `width`.

`use_container_width` will be removed after 2025-12-31.

For `use_container_width=True`, use `width='stretch'`. For `use_container_width=False`, use `width='content'`.
2026-07-29 20:10:01.489 Please replace `use_container_width` with `width`.

`use_container_width` will be removed after 2025-12-31.

For `use_container_width=True`, use `width='stretch'`. For `use_container_width=False`, use `width='content'`.
2026-07-29 20:10:01.538 Please replace `use_container_width` with `width`.

`use_container_width` will be removed after 2025-12-31.

For `use_container_width=True`, use `width='stretch'`. For `use_container_width=False`, use `width='content'`.
2026-07-29 20:10:01.585 Please replace `use_container_width` with `width`.

`use_container_width` will be removed after 2025-12-31.

For `use_container_width=True`, use `width='stretch'`. For `use_container_width=False`, use `width='content'`.
2026-07-29 20:10:01.633 Please replace `use_container_width` with `width`.

`use_container_width` will be removed after 2025-12-31.

For `use_container_width=True`, use `width='stretch'`. For `use_container_width=False`, use `width='content'`.
2026-07-29 20:10:01.672 Please replace `use_container_width` with `width`.

`use_container_width` will be removed after 2025-12-31.

For `use_container_width=True`, use `width='stretch'`. For `use_container_width=False`, use `width='content'`.
2026-07-29 20:10:01.674 Please replace `use_container_width` with `width`.

`use_container_width` will be removed after 2025-12-31.

For `use_container_width=True`, use `width='stretch'`. For `use_container_width=False`, use `width='content'`.
2026-07-29 20:10:01.696 Please replace `use_container_width` with `width`.

`use_container_width` will be removed after 2025-12-31.

For `use_container_width=True`, use `width='stretch'`. For `use_container_width=False`, use `width='content'`.
2026-07-29 20:10:06.152 Please replace `use_container_width` with `width`.

`use_container_width` will be removed after 2025-12-31.

For `use_container_width=True`, use `width='stretch'`. For `use_container_width=False`, use `width='content'`.
2026-07-29 20:10:06.163 Please replace `use_container_width` with `width`.

`use_container_width` will be removed after 2025-12-31.

For `use_container_width=True`, use `width='stretch'`. For `use_container_width=False`, use `width='content'`.
2026-07-29 20:10:06.164 Please replace `use_container_width` with `width`.

`use_container_width` will be removed after 2025-12-31.

For `use_container_width=True`, use `width='stretch'`. For `use_container_width=False`, use `width='content'`.
2026-07-29 20:10:06.194 Please replace `use_container_width` with `width`.

`use_container_width` will be removed after 2025-12-31.

For `use_container_width=True`, use `width='stretch'`. For `use_container_width=False`, use `width='content'`.
2026-07-29 20:10:06.229 Please replace `use_container_width` with `width`.

`use_container_width` will be removed after 2025-12-31.

For `use_container_width=True`, use `width='stretch'`. For `use_container_width=False`, use `width='content'`.
2026-07-29 20:10:06.262 Please replace `use_container_width` with `width`.

`use_container_width` will be removed after 2025-12-31.

For `use_container_width=True`, use `width='stretch'`. For `use_container_width=False`, use `width='content'`.
2026-07-29 20:10:06.296 Please replace `use_container_width` with `width`.

`use_container_width` will be removed after 2025-12-31.

For `use_container_width=True`, use `width='stretch'`. For `use_container_width=False`, use `width='content'`.
2026-07-29 20:10:06.332 Please replace `use_container_width` with `width`.

`use_container_width` will be removed after 2025-12-31.

For `use_container_width=True`, use `width='stretch'`. For `use_container_width=False`, use `width='content'`.
2026-07-29 20:10:06.366 Please replace `use_container_width` with `width`.

`use_container_width` will be removed after 2025-12-31.

For `use_container_width=True`, use `width='stretch'`. For `use_container_width=False`, use `width='content'`.
2026-07-29 20:10:06.399 Please replace `use_container_width` with `width`.

`use_container_width` will be removed after 2025-12-31.

For `use_container_width=True`, use `width='stretch'`. For `use_container_width=False`, use `width='content'`.
2026-07-29 20:10:06.434 Please replace `use_container_width` with `width`.

`use_container_width` will be removed after 2025-12-31.

For `use_container_width=True`, use `width='stretch'`. For `use_container_width=False`, use `width='content'`.
2026-07-29 20:10:06.469 Please replace `use_container_width` with `width`.

`use_container_width` will be removed after 2025-12-31.

For `use_container_width=True`, use `width='stretch'`. For `use_container_width=False`, use `width='content'`.
2026-07-29 20:10:06.505 Please replace `use_container_width` with `width`.

`use_container_width` will be removed after 2025-12-31.

For `use_container_width=True`, use `width='stretch'`. For `use_container_width=False`, use `width='content'`.
2026-07-29 20:10:06.539 Please replace `use_container_width` with `width`.

`use_container_width` will be removed after 2025-12-31.

For `use_container_width=True`, use `width='stretch'`. For `use_container_width=False`, use `width='content'`.
2026-07-29 20:10:06.608 Please replace `use_container_width` with `width`.

`use_container_width` will be removed after 2025-12-31.

For `use_container_width=True`, use `width='stretch'`. For `use_container_width=False`, use `width='content'`.
2026-07-29 20:10:06.642 Please replace `use_container_width` with `width`.

`use_container_width` will be removed after 2025-12-31.

For `use_container_width=True`, use `width='stretch'`. For `use_container_width=False`, use `width='content'`.
2026-07-29 20:10:06.678 Please replace `use_container_width` with `width`.

`use_container_width` will be removed after 2025-12-31.

For `use_container_width=True`, use `width='stretch'`. For `use_container_width=False`, use `width='content'`.
2026-07-29 20:10:06.712 Please replace `use_container_width` with `width`.

`use_container_width` will be removed after 2025-12-31.

For `use_container_width=True`, use `width='stretch'`. For `use_container_width=False`, use `width='content'`.
2026-07-29 20:10:06.746 Please replace `use_container_width` with `width`.

`use_container_width` will be removed after 2025-12-31.

For `use_container_width=True`, use `width='stretch'`. For `use_container_width=False`, use `width='content'`.
2026-07-29 20:10:06.780 Please replace `use_container_width` with `width`.

`use_container_width` will be removed after 2025-12-31.

For `use_container_width=True`, use `width='stretch'`. For `use_container_width=False`, use `width='content'`.
2026-07-29 20:10:06.817 Please replace `use_container_width` with `width`.

`use_container_width` will be removed after 2025-12-31.

For `use_container_width=True`, use `width='stretch'`. For `use_container_width=False`, use `width='content'`.
2026-07-29 20:10:06.873 Please replace `use_container_width` with `width`.

`use_container_width` will be removed after 2025-12-31.

For `use_container_width=True`, use `width='stretch'`. For `use_container_width=False`, use `width='content'`.
2026-07-29 20:10:06.926 Please replace `use_container_width` with `width`.

`use_container_width` will be removed after 2025-12-31.

For `use_container_width=True`, use `width='stretch'`. For `use_container_width=False`, use `width='content'`.
2026-07-29 20:10:06.979 Please replace `use_container_width` with `width`.

`use_container_width` will be removed after 2025-12-31.

For `use_container_width=True`, use `width='stretch'`. For `use_container_width=False`, use `width='content'`.
2026-07-29 20:10:07.022 Please replace `use_container_width` with `width`.

`use_container_width` will be removed after 2025-12-31.

For `use_container_width=True`, use `width='stretch'`. For `use_container_width=False`, use `width='content'`.
2026-07-29 20:10:07.057 Please replace `use_container_width` with `width`.

`use_container_width` will be removed after 2025-12-31.

For `use_container_width=True`, use `width='stretch'`. For `use_container_width=False`, use `width='content'`.
2026-07-29 20:10:07.092 Please replace `use_container_width` with `width`.

`use_container_width` will be removed after 2025-12-31.

For `use_container_width=True`, use `width='stretch'`. For `use_container_width=False`, use `width='content'`.
2026-07-29 20:10:07.125 Please replace `use_container_width` with `width`.

`use_container_width` will be removed after 2025-12-31.

For `use_container_width=True`, use `width='stretch'`. For `use_container_width=False`, use `width='content'`.
2026-07-29 20:10:07.160 Please replace `use_container_width` with `width`.

`use_container_width` will be removed after 2025-12-31.

For `use_container_width=True`, use `width='stretch'`. For `use_container_width=False`, use `width='content'`.
2026-07-29 20:10:07.172 Please replace `use_container_width` with `width`.

`use_container_width` will be removed after 2025-12-31.

For `use_container_width=True`, use `width='stretch'`. For `use_container_width=False`, use `width='content'`.
2026-07-29 20:10:07.173 Please replace `use_container_width` with `width`.

`use_container_width` will be removed after 2025-12-31.

For `use_container_width=True`, use `width='stretch'`. For `use_container_width=False`, use `width='content'`.
2026-07-29 20:10:07.204 Please replace `use_container_width` with `width`.

`use_container_width` will be removed after 2025-12-31.

For `use_container_width=True`, use `width='stretch'`. For `use_container_width=False`, use `width='content'`.
2026-07-29 20:10:07.238 Please replace `use_container_width` with `width`.

`use_container_width` will be removed after 2025-12-31.

For `use_container_width=True`, use `width='stretch'`. For `use_container_width=False`, use `width='content'`.
2026-07-29 20:10:07.272 Please replace `use_container_width` with `width`.

`use_container_width` will be removed after 2025-12-31.

For `use_container_width=True`, use `width='stretch'`. For `use_container_width=False`, use `width='content'`.
2026-07-29 20:10:07.307 Please replace `use_container_width` with `width`.

`use_container_width` will be removed after 2025-12-31.

For `use_container_width=True`, use `width='stretch'`. For `use_container_width=False`, use `width='content'`.
2026-07-29 20:10:07.340 Please replace `use_container_width` with `width`.

`use_container_width` will be removed after 2025-12-31.

For `use_container_width=True`, use `width='stretch'`. For `use_container_width=False`, use `width='content'`.
2026-07-29 20:10:07.374 Please replace `use_container_width` with `width`.

`use_container_width` will be removed after 2025-12-31.

For `use_container_width=True`, use `width='stretch'`. For `use_container_width=False`, use `width='content'`.
2026-07-29 20:10:07.409 Please replace `use_container_width` with `width`.

`use_container_width` will be removed after 2025-12-31.

For `use_container_width=True`, use `width='stretch'`. For `use_container_width=False`, use `width='content'`.
2026-07-29 20:10:07.442 Please replace `use_container_width` with `width`.

`use_container_width` will be removed after 2025-12-31.

For `use_container_width=True`, use `width='stretch'`. For `use_container_width=False`, use `width='content'`.
2026-07-29 20:10:07.479 Please replace `use_container_width` with `width`.

`use_container_width` will be removed after 2025-12-31.

For `use_container_width=True`, use `width='stretch'`. For `use_container_width=False`, use `width='content'`.
2026-07-29 20:10:07.514 Please replace `use_container_width` with `width`.

`use_container_width` will be removed after 2025-12-31.

For `use_container_width=True`, use `width='stretch'`. For `use_container_width=False`, use `width='content'`.
2026-07-29 20:10:07.549 Please replace `use_container_width` with `width`.

`use_container_width` will be removed after 2025-12-31.

For `use_container_width=True`, use `width='stretch'`. For `use_container_width=False`, use `width='content'`.
2026-07-29 20:10:07.583 Please replace `use_container_width` with `width`.

`use_container_width` will be removed after 2025-12-31.

For `use_container_width=True`, use `width='stretch'`. For `use_container_width=False`, use `width='content'`.
2026-07-29 20:10:07.619 Please replace `use_container_width` with `width`.

`use_container_width` will be removed after 2025-12-31.

For `use_container_width=True`, use `width='stretch'`. For `use_container_width=False`, use `width='content'`.
2026-07-29 20:10:07.654 Please replace `use_container_width` with `width`.

`use_container_width` will be removed after 2025-12-31.

For `use_container_width=True`, use `width='stretch'`. For `use_container_width=False`, use `width='content'`.
2026-07-29 20:10:07.688 Please replace `use_container_width` with `width`.

`use_container_width` will be removed after 2025-12-31.

For `use_container_width=True`, use `width='stretch'`. For `use_container_width=False`, use `width='content'`.
2026-07-29 20:10:07.723 Please replace `use_container_width` with `width`.

`use_container_width` will be removed after 2025-12-31.

For `use_container_width=True`, use `width='stretch'`. For `use_container_width=False`, use `width='content'`.
2026-07-29 20:10:07.757 Please replace `use_container_width` with `width`.

`use_container_width` will be removed after 2025-12-31.

For `use_container_width=True`, use `width='stretch'`. For `use_container_width=False`, use `width='content'`.
2026-07-29 20:10:07.793 Please replace `use_container_width` with `width`.

`use_container_width` will be removed after 2025-12-31.

For `use_container_width=True`, use `width='stretch'`. For `use_container_width=False`, use `width='content'`.
2026-07-29 20:10:07.828 Please replace `use_container_width` with `width`.

`use_container_width` will be removed after 2025-12-31.

For `use_container_width=True`, use `width='stretch'`. For `use_container_width=False`, use `width='content'`.
2026-07-29 20:10:07.862 Please replace `use_container_width` with `width`.

`use_container_width` will be removed after 2025-12-31.

For `use_container_width=True`, use `width='stretch'`. For `use_container_width=False`, use `width='content'`.
2026-07-29 20:10:07.897 Please replace `use_container_width` with `width`.

`use_container_width` will be removed after 2025-12-31.

For `use_container_width=True`, use `width='stretch'`. For `use_container_width=False`, use `width='content'`.
2026-07-29 20:10:07.932 Please replace `use_container_width` with `width`.

`use_container_width` will be removed after 2025-12-31.

For `use_container_width=True`, use `width='stretch'`. For `use_container_width=False`, use `width='content'`.
2026-07-29 20:10:07.966 Please replace `use_container_width` with `width`.

`use_container_width` will be removed after 2025-12-31.

For `use_container_width=True`, use `width='stretch'`. For `use_container_width=False`, use `width='content'`.
2026-07-29 20:10:08.002 Please replace `use_container_width` with `width`.

`use_container_width` will be removed after 2025-12-31.

For `use_container_width=True`, use `width='stretch'`. For `use_container_width=False`, use `width='content'`.
2026-07-29 20:10:08.036 Please replace `use_container_width` with `width`.

`use_container_width` will be removed after 2025-12-31.

For `use_container_width=True`, use `width='stretch'`. For `use_container_width=False`, use `width='content'`.
2026-07-29 20:10:08.071 Please replace `use_container_width` with `width`.

`use_container_width` will be removed after 2025-12-31.

For `use_container_width=True`, use `width='stretch'`. For `use_container_width=False`, use `width='content'`.
2026-07-29 20:10:08.106 Please replace `use_container_width` with `width`.

`use_container_width` will be removed after 2025-12-31.

For `use_container_width=True`, use `width='stretch'`. For `use_container_width=False`, use `width='content'`.
2026-07-29 20:10:08.141 Please replace `use_container_width` with `width`.

`use_container_width` will be removed after 2025-12-31.

For `use_container_width=True`, use `width='stretch'`. For `use_container_width=False`, use `width='content'`.
2026-07-29 20:10:08.177 Please replace `use_container_width` with `width`.

`use_container_width` will be removed after 2025-12-31.

For `use_container_width=True`, use `width='stretch'`. For `use_container_width=False`, use `width='content'`.
2026-07-29 20:10:08.190 Please replace `use_container_width` with `width`.

`use_container_width` will be removed after 2025-12-31.

For `use_container_width=True`, use `width='stretch'`. For `use_container_width=False`, use `width='content'`.
2026-07-29 20:10:08.191 Please replace `use_container_width` with `width`.

`use_container_width` will be removed after 2025-12-31.

For `use_container_width=True`, use `width='stretch'`. For `use_container_width=False`, use `width='content'`.
2026-07-29 20:10:08.222 Please replace `use_container_width` with `width`.

`use_container_width` will be removed after 2025-12-31.

For `use_container_width=True`, use `width='stretch'`. For `use_container_width=False`, use `width='content'`.
2026-07-29 20:10:08.256 Please replace `use_container_width` with `width`.

`use_container_width` will be removed after 2025-12-31.

For `use_container_width=True`, use `width='stretch'`. For `use_container_width=False`, use `width='content'`.
2026-07-29 20:10:08.290 Please replace `use_container_width` with `width`.

`use_container_width` will be removed after 2025-12-31.

For `use_container_width=True`, use `width='stretch'`. For `use_container_width=False`, use `width='content'`.
2026-07-29 20:10:08.326 Please replace `use_container_width` with `width`.

`use_container_width` will be removed after 2025-12-31.

For `use_container_width=True`, use `width='stretch'`. For `use_container_width=False`, use `width='content'`.
2026-07-29 20:10:08.361 Please replace `use_container_width` with `width`.

`use_container_width` will be removed after 2025-12-31.

For `use_container_width=True`, use `width='stretch'`. For `use_container_width=False`, use `width='content'`.
2026-07-29 20:10:08.396 Please replace `use_container_width` with `width`.

`use_container_width` will be removed after 2025-12-31.

For `use_container_width=True`, use `width='stretch'`. For `use_container_width=False`, use `width='content'`.
2026-07-29 20:10:08.431 Please replace `use_container_width` with `width`.

`use_container_width` will be removed after 2025-12-31.

For `use_container_width=True`, use `width='stretch'`. For `use_container_width=False`, use `width='content'`.
2026-07-29 20:10:08.467 Please replace `use_container_width` with `width`.

`use_container_width` will be removed after 2025-12-31.

For `use_container_width=True`, use `width='stretch'`. For `use_container_width=False`, use `width='content'`.
2026-07-29 20:10:08.502 Please replace `use_container_width` with `width`.

`use_container_width` will be removed after 2025-12-31.

For `use_container_width=True`, use `width='stretch'`. For `use_container_width=False`, use `width='content'`.
2026-07-29 20:10:08.536 Please replace `use_container_width` with `width`.

`use_container_width` will be removed after 2025-12-31.

For `use_container_width=True`, use `width='stretch'`. For `use_container_width=False`, use `width='content'`.
2026-07-29 20:10:08.571 Please replace `use_container_width` with `width`.

`use_container_width` will be removed after 2025-12-31.

For `use_container_width=True`, use `width='stretch'`. For `use_container_width=False`, use `width='content'`.
2026-07-29 20:10:08.606 Please replace `use_container_width` with `width`.

`use_container_width` will be removed after 2025-12-31.

For `use_container_width=True`, use `width='stretch'`. For `use_container_width=False`, use `width='content'`.
2026-07-29 20:10:08.641 Please replace `use_container_width` with `width`.

`use_container_width` will be removed after 2025-12-31.

For `use_container_width=True`, use `width='stretch'`. For `use_container_width=False`, use `width='content'`.
2026-07-29 20:10:08.677 Please replace `use_container_width` with `width`.

`use_container_width` will be removed after 2025-12-31.

For `use_container_width=True`, use `width='stretch'`. For `use_container_width=False`, use `width='content'`.
2026-07-29 20:10:08.711 Please replace `use_container_width` with `width`.

`use_container_width` will be removed after 2025-12-31.

For `use_container_width=True`, use `width='stretch'`. For `use_container_width=False`, use `width='content'`.
2026-07-29 20:10:08.747 Please replace `use_container_width` with `width`.

`use_container_width` will be removed after 2025-12-31.

For `use_container_width=True`, use `width='stretch'`. For `use_container_width=False`, use `width='content'`.
2026-07-29 20:10:08.783 Please replace `use_container_width` with `width`.

`use_container_width` will be removed after 2025-12-31.

For `use_container_width=True`, use `width='stretch'`. For `use_container_width=False`, use `width='content'`.
2026-07-29 20:10:08.816 Please replace `use_container_width` with `width`.

`use_container_width` will be removed after 2025-12-31.

For `use_container_width=True`, use `width='stretch'`. For `use_container_width=False`, use `width='content'`.
2026-07-29 20:10:08.850 Please replace `use_container_width` with `width`.

`use_container_width` will be removed after 2025-12-31.

For `use_container_width=True`, use `width='stretch'`. For `use_container_width=False`, use `width='content'`.
2026-07-29 20:10:08.886 Please replace `use_container_width` with `width`.

`use_container_width` will be removed after 2025-12-31.

For `use_container_width=True`, use `width='stretch'`. For `use_container_width=False`, use `width='content'`.
2026-07-29 20:10:08.921 Please replace `use_container_width` with `width`.

`use_container_width` will be removed after 2025-12-31.

For `use_container_width=True`, use `width='stretch'`. For `use_container_width=False`, use `width='content'`.
2026-07-29 20:10:08.955 Please replace `use_container_width` with `width`.

`use_container_width` will be removed after 2025-12-31.

For `use_container_width=True`, use `width='stretch'`. For `use_container_width=False`, use `width='content'`.
2026-07-29 20:10:08.990 Please replace `use_container_width` with `width`.

`use_container_width` will be removed after 2025-12-31.

For `use_container_width=True`, use `width='stretch'`. For `use_container_width=False`, use `width='content'`.
2026-07-29 20:10:09.024 Please replace `use_container_width` with `width`.

`use_container_width` will be removed after 2025-12-31.

For `use_container_width=True`, use `width='stretch'`. For `use_container_width=False`, use `width='content'`.
2026-07-29 20:10:09.060 Please replace `use_container_width` with `width`.

`use_container_width` will be removed after 2025-12-31.

For `use_container_width=True`, use `width='stretch'`. For `use_container_width=False`, use `width='content'`.
2026-07-29 20:10:09.094 Please replace `use_container_width` with `width`.

`use_container_width` will be removed after 2025-12-31.

For `use_container_width=True`, use `width='stretch'`. For `use_container_width=False`, use `width='content'`.
2026-07-29 20:10:09.129 Please replace `use_container_width` with `width`.

`use_container_width` will be removed after 2025-12-31.

For `use_container_width=True`, use `width='stretch'`. For `use_container_width=False`, use `width='content'`.
2026-07-29 20:10:09.165 Please replace `use_container_width` with `width`.

`use_container_width` will be removed after 2025-12-31.

For `use_container_width=True`, use `width='stretch'`. For `use_container_width=False`, use `width='content'`.
2026-07-29 20:10:09.200 Please replace `use_container_width` with `width`.

`use_container_width` will be removed after 2025-12-31.

For `use_container_width=True`, use `width='stretch'`. For `use_container_width=False`, use `width='content'`.
2026-07-29 20:10:09.214 Please replace `use_container_width` with `width`.

`use_container_width` will be removed after 2025-12-31.

For `use_container_width=True`, use `width='stretch'`. For `use_container_width=False`, use `width='content'`.
2026-07-29 20:10:09.216 Please replace `use_container_width` with `width`.

`use_container_width` will be removed after 2025-12-31.

For `use_container_width=True`, use `width='stretch'`. For `use_container_width=False`, use `width='content'`.
2026-07-29 20:10:09.246 Please replace `use_container_width` with `width`.

`use_container_width` will be removed after 2025-12-31.

For `use_container_width=True`, use `width='stretch'`. For `use_container_width=False`, use `width='content'`.
2026-07-29 20:10:09.282 Please replace `use_container_width` with `width`.

`use_container_width` will be removed after 2025-12-31.

For `use_container_width=True`, use `width='stretch'`. For `use_container_width=False`, use `width='content'`.
2026-07-29 20:10:09.317 Please replace `use_container_width` with `width`.

`use_container_width` will be removed after 2025-12-31.

For `use_container_width=True`, use `width='stretch'`. For `use_container_width=False`, use `width='content'`.
2026-07-29 20:10:09.351 Please replace `use_container_width` with `width`.

`use_container_width` will be removed after 2025-12-31.

For `use_container_width=True`, use `width='stretch'`. For `use_container_width=False`, use `width='content'`.
2026-07-29 20:10:09.385 Please replace `use_container_width` with `width`.

`use_container_width` will be removed after 2025-12-31.

For `use_container_width=True`, use `width='stretch'`. For `use_container_width=False`, use `width='content'`.
2026-07-29 20:10:09.422 Please replace `use_container_width` with `width`.

`use_container_width` will be removed after 2025-12-31.

For `use_container_width=True`, use `width='stretch'`. For `use_container_width=False`, use `width='content'`.
2026-07-29 20:10:09.456 Please replace `use_container_width` with `width`.

`use_container_width` will be removed after 2025-12-31.

For `use_container_width=True`, use `width='stretch'`. For `use_container_width=False`, use `width='content'`.
2026-07-29 20:10:09.489 Please replace `use_container_width` with `width`.

`use_container_width` will be removed after 2025-12-31.

For `use_container_width=True`, use `width='stretch'`. For `use_container_width=False`, use `width='content'`.
2026-07-29 20:10:09.522 Please replace `use_container_width` with `width`.

`use_container_width` will be removed after 2025-12-31.

For `use_container_width=True`, use `width='stretch'`. For `use_container_width=False`, use `width='content'`.
2026-07-29 20:10:09.556 Please replace `use_container_width` with `width`.

`use_container_width` will be removed after 2025-12-31.

For `use_container_width=True`, use `width='stretch'`. For `use_container_width=False`, use `width='content'`.
2026-07-29 20:10:09.589 Please replace `use_container_width` with `width`.

`use_container_width` will be removed after 2025-12-31.

For `use_container_width=True`, use `width='stretch'`. For `use_container_width=False`, use `width='content'`.
2026-07-29 20:10:09.623 Please replace `use_container_width` with `width`.

`use_container_width` will be removed after 2025-12-31.

For `use_container_width=True`, use `width='stretch'`. For `use_container_width=False`, use `width='content'`.
2026-07-29 20:10:09.656 Please replace `use_container_width` with `width`.

`use_container_width` will be removed after 2025-12-31.

For `use_container_width=True`, use `width='stretch'`. For `use_container_width=False`, use `width='content'`.
2026-07-29 20:10:09.692 Please replace `use_container_width` with `width`.

`use_container_width` will be removed after 2025-12-31.

For `use_container_width=True`, use `width='stretch'`. For `use_container_width=False`, use `width='content'`.
2026-07-29 20:10:09.726 Please replace `use_container_width` with `width`.

`use_container_width` will be removed after 2025-12-31.

For `use_container_width=True`, use `width='stretch'`. For `use_container_width=False`, use `width='content'`.
2026-07-29 20:10:09.760 Please replace `use_container_width` with `width`.

`use_container_width` will be removed after 2025-12-31.

For `use_container_width=True`, use `width='stretch'`. For `use_container_width=False`, use `width='content'`.
2026-07-29 20:10:09.795 Please replace `use_container_width` with `width`.

`use_container_width` will be removed after 2025-12-31.

For `use_container_width=True`, use `width='stretch'`. For `use_container_width=False`, use `width='content'`.
2026-07-29 20:10:09.829 Please replace `use_container_width` with `width`.

`use_container_width` will be removed after 2025-12-31.

For `use_container_width=True`, use `width='stretch'`. For `use_container_width=False`, use `width='content'`.
2026-07-29 20:10:09.864 Please replace `use_container_width` with `width`.

`use_container_width` will be removed after 2025-12-31.

For `use_container_width=True`, use `width='stretch'`. For `use_container_width=False`, use `width='content'`.
2026-07-29 20:10:09.898 Please replace `use_container_width` with `width`.

`use_container_width` will be removed after 2025-12-31.

For `use_container_width=True`, use `width='stretch'`. For `use_container_width=False`, use `width='content'`.
2026-07-29 20:10:09.933 Please replace `use_container_width` with `width`.

`use_container_width` will be removed after 2025-12-31.

For `use_container_width=True`, use `width='stretch'`. For `use_container_width=False`, use `width='content'`.
2026-07-29 20:10:09.969 Please replace `use_container_width` with `width`.

`use_container_width` will be removed after 2025-12-31.

For `use_container_width=True`, use `width='stretch'`. For `use_container_width=False`, use `width='content'`.
2026-07-29 20:10:10.003 Please replace `use_container_width` with `width`.

`use_container_width` will be removed after 2025-12-31.

For `use_container_width=True`, use `width='stretch'`. For `use_container_width=False`, use `width='content'`.
2026-07-29 20:10:10.038 Please replace `use_container_width` with `width`.

`use_container_width` will be removed after 2025-12-31.

For `use_container_width=True`, use `width='stretch'`. For `use_container_width=False`, use `width='content'`.
2026-07-29 20:10:10.072 Please replace `use_container_width` with `width`.

`use_container_width` will be removed after 2025-12-31.

For `use_container_width=True`, use `width='stretch'`. For `use_container_width=False`, use `width='content'`.
2026-07-29 20:10:10.110 Please replace `use_container_width` with `width`.

`use_container_width` will be removed after 2025-12-31.

For `use_container_width=True`, use `width='stretch'`. For `use_container_width=False`, use `width='content'`.
2026-07-29 20:10:10.144 Please replace `use_container_width` with `width`.

`use_container_width` will be removed after 2025-12-31.

For `use_container_width=True`, use `width='stretch'`. For `use_container_width=False`, use `width='content'`.
2026-07-29 20:10:10.178 Please replace `use_container_width` with `width`.

`use_container_width` will be removed after 2025-12-31.

For `use_container_width=True`, use `width='stretch'`. For `use_container_width=False`, use `width='content'`.
2026-07-29 20:10:10.212 Please replace `use_container_width` with `width`.

`use_container_width` will be removed after 2025-12-31.

For `use_container_width=True`, use `width='stretch'`. For `use_container_width=False`, use `width='content'`.
2026-07-29 20:10:10.225 Please replace `use_container_width` with `width`.

`use_container_width` will be removed after 2025-12-31.

For `use_container_width=True`, use `width='stretch'`. For `use_container_width=False`, use `width='content'`.
2026-07-29 20:10:10.226 Please replace `use_container_width` with `width`.

`use_container_width` will be removed after 2025-12-31.

For `use_container_width=True`, use `width='stretch'`. For `use_container_width=False`, use `width='content'`.
2026-07-29 20:10:10.258 Please replace `use_container_width` with `width`.

`use_container_width` will be removed after 2025-12-31.

For `use_container_width=True`, use `width='stretch'`. For `use_container_width=False`, use `width='content'`.
2026-07-29 20:10:10.294 Please replace `use_container_width` with `width`.

`use_container_width` will be removed after 2025-12-31.

For `use_container_width=True`, use `width='stretch'`. For `use_container_width=False`, use `width='content'`.
2026-07-29 20:10:10.331 Please replace `use_container_width` with `width`.

`use_container_width` will be removed after 2025-12-31.

For `use_container_width=True`, use `width='stretch'`. For `use_container_width=False`, use `width='content'`.
2026-07-29 20:10:10.367 Please replace `use_container_width` with `width`.

`use_container_width` will be removed after 2025-12-31.

For `use_container_width=True`, use `width='stretch'`. For `use_container_width=False`, use `width='content'`.
2026-07-29 20:10:10.403 Please replace `use_container_width` with `width`.

`use_container_width` will be removed after 2025-12-31.

For `use_container_width=True`, use `width='stretch'`. For `use_container_width=False`, use `width='content'`.
2026-07-29 20:10:10.440 Please replace `use_container_width` with `width`.

`use_container_width` will be removed after 2025-12-31.

For `use_container_width=True`, use `width='stretch'`. For `use_container_width=False`, use `width='content'`.
2026-07-29 20:10:10.476 Please replace `use_container_width` with `width`.

`use_container_width` will be removed after 2025-12-31.

For `use_container_width=True`, use `width='stretch'`. For `use_container_width=False`, use `width='content'`.
2026-07-29 20:10:10.515 Please replace `use_container_width` with `width`.

`use_container_width` will be removed after 2025-12-31.

For `use_container_width=True`, use `width='stretch'`. For `use_container_width=False`, use `width='content'`.
2026-07-29 20:10:10.551 Please replace `use_container_width` with `width`.

`use_container_width` will be removed after 2025-12-31.

For `use_container_width=True`, use `width='stretch'`. For `use_container_width=False`, use `width='content'`.
2026-07-29 20:10:10.586 Please replace `use_container_width` with `width`.

`use_container_width` will be removed after 2025-12-31.

For `use_container_width=True`, use `width='stretch'`. For `use_container_width=False`, use `width='content'`.
2026-07-29 20:10:10.622 Please replace `use_container_width` with `width`.

`use_container_width` will be removed after 2025-12-31.

For `use_container_width=True`, use `width='stretch'`. For `use_container_width=False`, use `width='content'`.
2026-07-29 20:10:10.657 Please replace `use_container_width` with `width`.

`use_container_width` will be removed after 2025-12-31.

For `use_container_width=True`, use `width='stretch'`. For `use_container_width=False`, use `width='content'`.
2026-07-29 20:10:10.692 Please replace `use_container_width` with `width`.

`use_container_width` will be removed after 2025-12-31.

For `use_container_width=True`, use `width='stretch'`. For `use_container_width=False`, use `width='content'`.
2026-07-29 20:10:10.728 Please replace `use_container_width` with `width`.

`use_container_width` will be removed after 2025-12-31.

For `use_container_width=True`, use `width='stretch'`. For `use_container_width=False`, use `width='content'`.
2026-07-29 20:10:10.764 Please replace `use_container_width` with `width`.

`use_container_width` will be removed after 2025-12-31.

For `use_container_width=True`, use `width='stretch'`. For `use_container_width=False`, use `width='content'`.
2026-07-29 20:10:10.799 Please replace `use_container_width` with `width`.

`use_container_width` will be removed after 2025-12-31.

For `use_container_width=True`, use `width='stretch'`. For `use_container_width=False`, use `width='content'`.
2026-07-29 20:10:10.835 Please replace `use_container_width` with `width`.

`use_container_width` will be removed after 2025-12-31.

For `use_container_width=True`, use `width='stretch'`. For `use_container_width=False`, use `width='content'`.
2026-07-29 20:10:10.872 Please replace `use_container_width` with `width`.

`use_container_width` will be removed after 2025-12-31.

For `use_container_width=True`, use `width='stretch'`. For `use_container_width=False`, use `width='content'`.
2026-07-29 20:10:10.906 Please replace `use_container_width` with `width`.

`use_container_width` will be removed after 2025-12-31.

For `use_container_width=True`, use `width='stretch'`. For `use_container_width=False`, use `width='content'`.
2026-07-29 20:10:10.941 Please replace `use_container_width` with `width`.

`use_container_width` will be removed after 2025-12-31.

For `use_container_width=True`, use `width='stretch'`. For `use_container_width=False`, use `width='content'`.
2026-07-29 20:10:10.978 Please replace `use_container_width` with `width`.

`use_container_width` will be removed after 2025-12-31.

For `use_container_width=True`, use `width='stretch'`. For `use_container_width=False`, use `width='content'`.
2026-07-29 20:10:11.013 Please replace `use_container_width` with `width`.

`use_container_width` will be removed after 2025-12-31.

For `use_container_width=True`, use `width='stretch'`. For `use_container_width=False`, use `width='content'`.
2026-07-29 20:10:11.049 Please replace `use_container_width` with `width`.

`use_container_width` will be removed after 2025-12-31.

For `use_container_width=True`, use `width='stretch'`. For `use_container_width=False`, use `width='content'`.
2026-07-29 20:10:11.085 Please replace `use_container_width` with `width`.

`use_container_width` will be removed after 2025-12-31.

For `use_container_width=True`, use `width='stretch'`. For `use_container_width=False`, use `width='content'`.
2026-07-29 20:10:11.122 Please replace `use_container_width` with `width`.

`use_container_width` will be removed after 2025-12-31.

For `use_container_width=True`, use `width='stretch'`. For `use_container_width=False`, use `width='content'`.
2026-07-29 20:10:11.156 Please replace `use_container_width` with `width`.

`use_container_width` will be removed after 2025-12-31.

For `use_container_width=True`, use `width='stretch'`. For `use_container_width=False`, use `width='content'`.
2026-07-29 20:10:11.192 Please replace `use_container_width` with `width`.

`use_container_width` will be removed after 2025-12-31.

For `use_container_width=True`, use `width='stretch'`. For `use_container_width=False`, use `width='content'`.
2026-07-29 20:10:11.227 Please replace `use_container_width` with `width`.

`use_container_width` will be removed after 2025-12-31.

For `use_container_width=True`, use `width='stretch'`. For `use_container_width=False`, use `width='content'`.
2026-07-29 20:10:11.241 Please replace `use_container_width` with `width`.

`use_container_width` will be removed after 2025-12-31.

For `use_container_width=True`, use `width='stretch'`. For `use_container_width=False`, use `width='content'`.
2026-07-29 20:10:11.242 Please replace `use_container_width` with `width`.

`use_container_width` will be removed after 2025-12-31.

For `use_container_width=True`, use `width='stretch'`. For `use_container_width=False`, use `width='content'`.
2026-07-29 20:10:11.275 Please replace `use_container_width` with `width`.

`use_container_width` will be removed after 2025-12-31.

For `use_container_width=True`, use `width='stretch'`. For `use_container_width=False`, use `width='content'`.
2026-07-29 20:10:11.311 Please replace `use_container_width` with `width`.

`use_container_width` will be removed after 2025-12-31.

For `use_container_width=True`, use `width='stretch'`. For `use_container_width=False`, use `width='content'`.
2026-07-29 20:10:11.346 Please replace `use_container_width` with `width`.

`use_container_width` will be removed after 2025-12-31.

For `use_container_width=True`, use `width='stretch'`. For `use_container_width=False`, use `width='content'`.
2026-07-29 20:10:11.382 Please replace `use_container_width` with `width`.

`use_container_width` will be removed after 2025-12-31.

For `use_container_width=True`, use `width='stretch'`. For `use_container_width=False`, use `width='content'`.
2026-07-29 20:10:11.418 Please replace `use_container_width` with `width`.

`use_container_width` will be removed after 2025-12-31.

For `use_container_width=True`, use `width='stretch'`. For `use_container_width=False`, use `width='content'`.
2026-07-29 20:10:11.453 Please replace `use_container_width` with `width`.

`use_container_width` will be removed after 2025-12-31.

For `use_container_width=True`, use `width='stretch'`. For `use_container_width=False`, use `width='content'`.
2026-07-29 20:10:11.492 Please replace `use_container_width` with `width`.

`use_container_width` will be removed after 2025-12-31.

For `use_container_width=True`, use `width='stretch'`. For `use_container_width=False`, use `width='content'`.
2026-07-29 20:10:11.529 Please replace `use_container_width` with `width`.

`use_container_width` will be removed after 2025-12-31.

For `use_container_width=True`, use `width='stretch'`. For `use_container_width=False`, use `width='content'`.
2026-07-29 20:10:11.565 Please replace `use_container_width` with `width`.

`use_container_width` will be removed after 2025-12-31.

For `use_container_width=True`, use `width='stretch'`. For `use_container_width=False`, use `width='content'`.
2026-07-29 20:10:11.600 Please replace `use_container_width` with `width`.

`use_container_width` will be removed after 2025-12-31.

For `use_container_width=True`, use `width='stretch'`. For `use_container_width=False`, use `width='content'`.
2026-07-29 20:10:11.637 Please replace `use_container_width` with `width`.

`use_container_width` will be removed after 2025-12-31.

For `use_container_width=True`, use `width='stretch'`. For `use_container_width=False`, use `width='content'`.
2026-07-29 20:10:11.673 Please replace `use_container_width` with `width`.

`use_container_width` will be removed after 2025-12-31.

For `use_container_width=True`, use `width='stretch'`. For `use_container_width=False`, use `width='content'`.
2026-07-29 20:10:11.708 Please replace `use_container_width` with `width`.

`use_container_width` will be removed after 2025-12-31.

For `use_container_width=True`, use `width='stretch'`. For `use_container_width=False`, use `width='content'`.
2026-07-29 20:10:11.755 Please replace `use_container_width` with `width`.

`use_container_width` will be removed after 2025-12-31.

For `use_container_width=True`, use `width='stretch'`. For `use_container_width=False`, use `width='content'`.
2026-07-29 20:10:11.791 Please replace `use_container_width` with `width`.

`use_container_width` will be removed after 2025-12-31.

For `use_container_width=True`, use `width='stretch'`. For `use_container_width=False`, use `width='content'`.
2026-07-29 20:10:11.827 Please replace `use_container_width` with `width`.

`use_container_width` will be removed after 2025-12-31.

For `use_container_width=True`, use `width='stretch'`. For `use_container_width=False`, use `width='content'`.
2026-07-29 20:10:11.863 Please replace `use_container_width` with `width`.

`use_container_width` will be removed after 2025-12-31.

For `use_container_width=True`, use `width='stretch'`. For `use_container_width=False`, use `width='content'`.
2026-07-29 20:10:11.900 Please replace `use_container_width` with `width`.

`use_container_width` will be removed after 2025-12-31.

For `use_container_width=True`, use `width='stretch'`. For `use_container_width=False`, use `width='content'`.
2026-07-29 20:10:11.936 Please replace `use_container_width` with `width`.

`use_container_width` will be removed after 2025-12-31.

For `use_container_width=True`, use `width='stretch'`. For `use_container_width=False`, use `width='content'`.
2026-07-29 20:10:11.973 Please replace `use_container_width` with `width`.

`use_container_width` will be removed after 2025-12-31.

For `use_container_width=True`, use `width='stretch'`. For `use_container_width=False`, use `width='content'`.
2026-07-29 20:10:12.009 Please replace `use_container_width` with `width`.

`use_container_width` will be removed after 2025-12-31.

For `use_container_width=True`, use `width='stretch'`. For `use_container_width=False`, use `width='content'`.
2026-07-29 20:10:12.048 Please replace `use_container_width` with `width`.

`use_container_width` will be removed after 2025-12-31.

For `use_container_width=True`, use `width='stretch'`. For `use_container_width=False`, use `width='content'`.
2026-07-29 20:10:12.082 Please replace `use_container_width` with `width`.

`use_container_width` will be removed after 2025-12-31.

For `use_container_width=True`, use `width='stretch'`. For `use_container_width=False`, use `width='content'`.
2026-07-29 20:10:12.119 Please replace `use_container_width` with `width`.

`use_container_width` will be removed after 2025-12-31.

For `use_container_width=True`, use `width='stretch'`. For `use_container_width=False`, use `width='content'`.
2026-07-29 20:10:12.156 Please replace `use_container_width` with `width`.

`use_container_width` will be removed after 2025-12-31.

For `use_container_width=True`, use `width='stretch'`. For `use_container_width=False`, use `width='content'`.
2026-07-29 20:10:12.191 Please replace `use_container_width` with `width`.

`use_container_width` will be removed after 2025-12-31.

For `use_container_width=True`, use `width='stretch'`. For `use_container_width=False`, use `width='content'`.
2026-07-29 20:10:12.227 Please replace `use_container_width` with `width`.

`use_container_width` will be removed after 2025-12-31.

For `use_container_width=True`, use `width='stretch'`. For `use_container_width=False`, use `width='content'`.
2026-07-29 20:10:12.262 Please replace `use_container_width` with `width`.

`use_container_width` will be removed after 2025-12-31.

For `use_container_width=True`, use `width='stretch'`. For `use_container_width=False`, use `width='content'`.
2026-07-29 20:10:12.274 Please replace `use_container_width` with `width`.

`use_container_width` will be removed after 2025-12-31.

For `use_container_width=True`, use `width='stretch'`. For `use_container_width=False`, use `width='content'`.
2026-07-29 20:10:12.275 Please replace `use_container_width` with `width`.

`use_container_width` will be removed after 2025-12-31.

For `use_container_width=True`, use `width='stretch'`. For `use_container_width=False`, use `width='content'`.
2026-07-29 20:10:12.307 Please replace `use_container_width` with `width`.

`use_container_width` will be removed after 2025-12-31.

For `use_container_width=True`, use `width='stretch'`. For `use_container_width=False`, use `width='content'`.
2026-07-29 20:10:12.341 Please replace `use_container_width` with `width`.

`use_container_width` will be removed after 2025-12-31.

For `use_container_width=True`, use `width='stretch'`. For `use_container_width=False`, use `width='content'`.
2026-07-29 20:10:12.377 Please replace `use_container_width` with `width`.

`use_container_width` will be removed after 2025-12-31.

For `use_container_width=True`, use `width='stretch'`. For `use_container_width=False`, use `width='content'`.
2026-07-29 20:10:12.412 Please replace `use_container_width` with `width`.

`use_container_width` will be removed after 2025-12-31.

For `use_container_width=True`, use `width='stretch'`. For `use_container_width=False`, use `width='content'`.
2026-07-29 20:10:12.447 Please replace `use_container_width` with `width`.

`use_container_width` will be removed after 2025-12-31.

For `use_container_width=True`, use `width='stretch'`. For `use_container_width=False`, use `width='content'`.
2026-07-29 20:10:12.485 Please replace `use_container_width` with `width`.

`use_container_width` will be removed after 2025-12-31.

For `use_container_width=True`, use `width='stretch'`. For `use_container_width=False`, use `width='content'`.
2026-07-29 20:10:12.521 Please replace `use_container_width` with `width`.

`use_container_width` will be removed after 2025-12-31.

For `use_container_width=True`, use `width='stretch'`. For `use_container_width=False`, use `width='content'`.
2026-07-29 20:10:12.556 Please replace `use_container_width` with `width`.

`use_container_width` will be removed after 2025-12-31.

For `use_container_width=True`, use `width='stretch'`. For `use_container_width=False`, use `width='content'`.
2026-07-29 20:10:12.592 Please replace `use_container_width` with `width`.

`use_container_width` will be removed after 2025-12-31.

For `use_container_width=True`, use `width='stretch'`. For `use_container_width=False`, use `width='content'`.
2026-07-29 20:10:12.628 Please replace `use_container_width` with `width`.

`use_container_width` will be removed after 2025-12-31.

For `use_container_width=True`, use `width='stretch'`. For `use_container_width=False`, use `width='content'`.
2026-07-29 20:10:12.665 Please replace `use_container_width` with `width`.

`use_container_width` will be removed after 2025-12-31.

For `use_container_width=True`, use `width='stretch'`. For `use_container_width=False`, use `width='content'`.
2026-07-29 20:10:12.701 Please replace `use_container_width` with `width`.

`use_container_width` will be removed after 2025-12-31.

For `use_container_width=True`, use `width='stretch'`. For `use_container_width=False`, use `width='content'`.
2026-07-29 20:10:12.737 Please replace `use_container_width` with `width`.

`use_container_width` will be removed after 2025-12-31.

For `use_container_width=True`, use `width='stretch'`. For `use_container_width=False`, use `width='content'`.
2026-07-29 20:10:12.773 Please replace `use_container_width` with `width`.

`use_container_width` will be removed after 2025-12-31.

For `use_container_width=True`, use `width='stretch'`. For `use_container_width=False`, use `width='content'`.
2026-07-29 20:10:12.809 Please replace `use_container_width` with `width`.

`use_container_width` will be removed after 2025-12-31.

For `use_container_width=True`, use `width='stretch'`. For `use_container_width=False`, use `width='content'`.
2026-07-29 20:10:12.845 Please replace `use_container_width` with `width`.

`use_container_width` will be removed after 2025-12-31.

For `use_container_width=True`, use `width='stretch'`. For `use_container_width=False`, use `width='content'`.
2026-07-29 20:10:12.881 Please replace `use_container_width` with `width`.

`use_container_width` will be removed after 2025-12-31.

For `use_container_width=True`, use `width='stretch'`. For `use_container_width=False`, use `width='content'`.
2026-07-29 20:10:12.916 Please replace `use_container_width` with `width`.

`use_container_width` will be removed after 2025-12-31.

For `use_container_width=True`, use `width='stretch'`. For `use_container_width=False`, use `width='content'`.
2026-07-29 20:10:12.953 Please replace `use_container_width` with `width`.

`use_container_width` will be removed after 2025-12-31.

For `use_container_width=True`, use `width='stretch'`. For `use_container_width=False`, use `width='content'`.
2026-07-29 20:10:12.990 Please replace `use_container_width` with `width`.

`use_container_width` will be removed after 2025-12-31.

For `use_container_width=True`, use `width='stretch'`. For `use_container_width=False`, use `width='content'`.
2026-07-29 20:10:13.025 Please replace `use_container_width` with `width`.

`use_container_width` will be removed after 2025-12-31.

For `use_container_width=True`, use `width='stretch'`. For `use_container_width=False`, use `width='content'`.
2026-07-29 20:10:13.061 Please replace `use_container_width` with `width`.

`use_container_width` will be removed after 2025-12-31.

For `use_container_width=True`, use `width='stretch'`. For `use_container_width=False`, use `width='content'`.
2026-07-29 20:10:13.097 Please replace `use_container_width` with `width`.

`use_container_width` will be removed after 2025-12-31.

For `use_container_width=True`, use `width='stretch'`. For `use_container_width=False`, use `width='content'`.
2026-07-29 20:10:13.134 Please replace `use_container_width` with `width`.

`use_container_width` will be removed after 2025-12-31.

For `use_container_width=True`, use `width='stretch'`. For `use_container_width=False`, use `width='content'`.
2026-07-29 20:10:13.170 Please replace `use_container_width` with `width`.

`use_container_width` will be removed after 2025-12-31.

For `use_container_width=True`, use `width='stretch'`. For `use_container_width=False`, use `width='content'`.
2026-07-29 20:10:13.207 Please replace `use_container_width` with `width`.

`use_container_width` will be removed after 2025-12-31.

For `use_container_width=True`, use `width='stretch'`. For `use_container_width=False`, use `width='content'`.
2026-07-29 20:10:13.244 Please replace `use_container_width` with `width`.

`use_container_width` will be removed after 2025-12-31.

For `use_container_width=True`, use `width='stretch'`. For `use_container_width=False`, use `width='content'`.
2026-07-29 20:10:13.280 Please replace `use_container_width` with `width`.

`use_container_width` will be removed after 2025-12-31.

For `use_container_width=True`, use `width='stretch'`. For `use_container_width=False`, use `width='content'`.
2026-07-29 20:10:13.294 Please replace `use_container_width` with `width`.

`use_container_width` will be removed after 2025-12-31.

For `use_container_width=True`, use `width='stretch'`. For `use_container_width=False`, use `width='content'`.
2026-07-29 20:10:13.294 Please replace `use_container_width` with `width`.

`use_container_width` will be removed after 2025-12-31.

For `use_container_width=True`, use `width='stretch'`. For `use_container_width=False`, use `width='content'`.
2026-07-29 20:10:13.326 Please replace `use_container_width` with `width`.

`use_container_width` will be removed after 2025-12-31.

For `use_container_width=True`, use `width='stretch'`. For `use_container_width=False`, use `width='content'`.
2026-07-29 20:10:13.361 Please replace `use_container_width` with `width`.

`use_container_width` will be removed after 2025-12-31.

For `use_container_width=True`, use `width='stretch'`. For `use_container_width=False`, use `width='content'`.
2026-07-29 20:10:13.396 Please replace `use_container_width` with `width`.

`use_container_width` will be removed after 2025-12-31.

For `use_container_width=True`, use `width='stretch'`. For `use_container_width=False`, use `width='content'`.
2026-07-29 20:10:13.436 Please replace `use_container_width` with `width`.

`use_container_width` will be removed after 2025-12-31.

For `use_container_width=True`, use `width='stretch'`. For `use_container_width=False`, use `width='content'`.
2026-07-29 20:10:13.472 Please replace `use_container_width` with `width`.

`use_container_width` will be removed after 2025-12-31.

For `use_container_width=True`, use `width='stretch'`. For `use_container_width=False`, use `width='content'`.
2026-07-29 20:10:13.509 Please replace `use_container_width` with `width`.

`use_container_width` will be removed after 2025-12-31.

For `use_container_width=True`, use `width='stretch'`. For `use_container_width=False`, use `width='content'`.
2026-07-29 20:10:13.545 Please replace `use_container_width` with `width`.

`use_container_width` will be removed after 2025-12-31.

For `use_container_width=True`, use `width='stretch'`. For `use_container_width=False`, use `width='content'`.
2026-07-29 20:10:13.582 Please replace `use_container_width` with `width`.

`use_container_width` will be removed after 2025-12-31.

For `use_container_width=True`, use `width='stretch'`. For `use_container_width=False`, use `width='content'`.
2026-07-29 20:10:13.617 Please replace `use_container_width` with `width`.

`use_container_width` will be removed after 2025-12-31.

For `use_container_width=True`, use `width='stretch'`. For `use_container_width=False`, use `width='content'`.
2026-07-29 20:10:13.653 Please replace `use_container_width` with `width`.

`use_container_width` will be removed after 2025-12-31.

For `use_container_width=True`, use `width='stretch'`. For `use_container_width=False`, use `width='content'`.
2026-07-29 20:10:13.689 Please replace `use_container_width` with `width`.

`use_container_width` will be removed after 2025-12-31.

For `use_container_width=True`, use `width='stretch'`. For `use_container_width=False`, use `width='content'`.
2026-07-29 20:10:13.725 Please replace `use_container_width` with `width`.

`use_container_width` will be removed after 2025-12-31.

For `use_container_width=True`, use `width='stretch'`. For `use_container_width=False`, use `width='content'`.
2026-07-29 20:10:13.761 Please replace `use_container_width` with `width`.

`use_container_width` will be removed after 2025-12-31.

For `use_container_width=True`, use `width='stretch'`. For `use_container_width=False`, use `width='content'`.
2026-07-29 20:10:13.797 Please replace `use_container_width` with `width`.

`use_container_width` will be removed after 2025-12-31.

For `use_container_width=True`, use `width='stretch'`. For `use_container_width=False`, use `width='content'`.
2026-07-29 20:10:13.834 Please replace `use_container_width` with `width`.

`use_container_width` will be removed after 2025-12-31.

For `use_container_width=True`, use `width='stretch'`. For `use_container_width=False`, use `width='content'`.
2026-07-29 20:10:13.871 Please replace `use_container_width` with `width`.

`use_container_width` will be removed after 2025-12-31.

For `use_container_width=True`, use `width='stretch'`. For `use_container_width=False`, use `width='content'`.
2026-07-29 20:10:13.905 Please replace `use_container_width` with `width`.

`use_container_width` will be removed after 2025-12-31.

For `use_container_width=True`, use `width='stretch'`. For `use_container_width=False`, use `width='content'`.
2026-07-29 20:10:13.940 Please replace `use_container_width` with `width`.

`use_container_width` will be removed after 2025-12-31.

For `use_container_width=True`, use `width='stretch'`. For `use_container_width=False`, use `width='content'`.
2026-07-29 20:10:13.977 Please replace `use_container_width` with `width`.

`use_container_width` will be removed after 2025-12-31.

For `use_container_width=True`, use `width='stretch'`. For `use_container_width=False`, use `width='content'`.
2026-07-29 20:10:14.012 Please replace `use_container_width` with `width`.

`use_container_width` will be removed after 2025-12-31.

For `use_container_width=True`, use `width='stretch'`. For `use_container_width=False`, use `width='content'`.
2026-07-29 20:10:14.048 Please replace `use_container_width` with `width`.

`use_container_width` will be removed after 2025-12-31.

For `use_container_width=True`, use `width='stretch'`. For `use_container_width=False`, use `width='content'`.
2026-07-29 20:10:14.084 Please replace `use_container_width` with `width`.

`use_container_width` will be removed after 2025-12-31.

For `use_container_width=True`, use `width='stretch'`. For `use_container_width=False`, use `width='content'`.
2026-07-29 20:10:14.120 Please replace `use_container_width` with `width`.

`use_container_width` will be removed after 2025-12-31.

For `use_container_width=True`, use `width='stretch'`. For `use_container_width=False`, use `width='content'`.
2026-07-29 20:10:14.156 Please replace `use_container_width` with `width`.

`use_container_width` will be removed after 2025-12-31.

For `use_container_width=True`, use `width='stretch'`. For `use_container_width=False`, use `width='content'`.
2026-07-29 20:10:14.191 Please replace `use_container_width` with `width`.

`use_container_width` will be removed after 2025-12-31.

For `use_container_width=True`, use `width='stretch'`. For `use_container_width=False`, use `width='content'`.
2026-07-29 20:10:14.227 Please replace `use_container_width` with `width`.

`use_container_width` will be removed after 2025-12-31.

For `use_container_width=True`, use `width='stretch'`. For `use_container_width=False`, use `width='content'`.
2026-07-29 20:10:14.261 Please replace `use_container_width` with `width`.

`use_container_width` will be removed after 2025-12-31.

For `use_container_width=True`, use `width='stretch'`. For `use_container_width=False`, use `width='content'`.
2026-07-29 20:10:14.297 Please replace `use_container_width` with `width`.

`use_container_width` will be removed after 2025-12-31.

For `use_container_width=True`, use `width='stretch'`. For `use_container_width=False`, use `width='content'`.
2026-07-29 20:10:14.311 Please replace `use_container_width` with `width`.

`use_container_width` will be removed after 2025-12-31.

For `use_container_width=True`, use `width='stretch'`. For `use_container_width=False`, use `width='content'`.
2026-07-29 20:10:14.312 Please replace `use_container_width` with `width`.

`use_container_width` will be removed after 2025-12-31.

For `use_container_width=True`, use `width='stretch'`. For `use_container_width=False`, use `width='content'`.
2026-07-29 20:10:14.341 Please replace `use_container_width` with `width`.

`use_container_width` will be removed after 2025-12-31.

For `use_container_width=True`, use `width='stretch'`. For `use_container_width=False`, use `width='content'`.
2026-07-29 20:10:14.379 Please replace `use_container_width` with `width`.

`use_container_width` will be removed after 2025-12-31.

For `use_container_width=True`, use `width='stretch'`. For `use_container_width=False`, use `width='content'`.
2026-07-29 20:10:14.414 Please replace `use_container_width` with `width`.

`use_container_width` will be removed after 2025-12-31.

For `use_container_width=True`, use `width='stretch'`. For `use_container_width=False`, use `width='content'`.
2026-07-29 20:10:14.450 Please replace `use_container_width` with `width`.

`use_container_width` will be removed after 2025-12-31.

For `use_container_width=True`, use `width='stretch'`. For `use_container_width=False`, use `width='content'`.
2026-07-29 20:10:14.488 Please replace `use_container_width` with `width`.

`use_container_width` will be removed after 2025-12-31.

For `use_container_width=True`, use `width='stretch'`. For `use_container_width=False`, use `width='content'`.
2026-07-29 20:10:14.524 Please replace `use_container_width` with `width`.

`use_container_width` will be removed after 2025-12-31.

For `use_container_width=True`, use `width='stretch'`. For `use_container_width=False`, use `width='content'`.
2026-07-29 20:10:14.561 Please replace `use_container_width` with `width`.

`use_container_width` will be removed after 2025-12-31.

For `use_container_width=True`, use `width='stretch'`. For `use_container_width=False`, use `width='content'`.
2026-07-29 20:10:14.597 Please replace `use_container_width` with `width`.

`use_container_width` will be removed after 2025-12-31.

For `use_container_width=True`, use `width='stretch'`. For `use_container_width=False`, use `width='content'`.
2026-07-29 20:10:14.634 Please replace `use_container_width` with `width`.

`use_container_width` will be removed after 2025-12-31.

For `use_container_width=True`, use `width='stretch'`. For `use_container_width=False`, use `width='content'`.
2026-07-29 20:10:14.671 Please replace `use_container_width` with `width`.

`use_container_width` will be removed after 2025-12-31.

For `use_container_width=True`, use `width='stretch'`. For `use_container_width=False`, use `width='content'`.
2026-07-29 20:10:14.708 Please replace `use_container_width` with `width`.

`use_container_width` will be removed after 2025-12-31.

For `use_container_width=True`, use `width='stretch'`. For `use_container_width=False`, use `width='content'`.
2026-07-29 20:10:14.744 Please replace `use_container_width` with `width`.

`use_container_width` will be removed after 2025-12-31.

For `use_container_width=True`, use `width='stretch'`. For `use_container_width=False`, use `width='content'`.
2026-07-29 20:10:14.779 Please replace `use_container_width` with `width`.

`use_container_width` will be removed after 2025-12-31.

For `use_container_width=True`, use `width='stretch'`. For `use_container_width=False`, use `width='content'`.
2026-07-29 20:10:14.818 Please replace `use_container_width` with `width`.

`use_container_width` will be removed after 2025-12-31.

For `use_container_width=True`, use `width='stretch'`. For `use_container_width=False`, use `width='content'`.
2026-07-29 20:10:14.854 Please replace `use_container_width` with `width`.

`use_container_width` will be removed after 2025-12-31.

For `use_container_width=True`, use `width='stretch'`. For `use_container_width=False`, use `width='content'`.
2026-07-29 20:10:14.889 Please replace `use_container_width` with `width`.

`use_container_width` will be removed after 2025-12-31.

For `use_container_width=True`, use `width='stretch'`. For `use_container_width=False`, use `width='content'`.
2026-07-29 20:10:14.922 Please replace `use_container_width` with `width`.

`use_container_width` will be removed after 2025-12-31.

For `use_container_width=True`, use `width='stretch'`. For `use_container_width=False`, use `width='content'`.
2026-07-29 20:10:14.959 Please replace `use_container_width` with `width`.

`use_container_width` will be removed after 2025-12-31.

For `use_container_width=True`, use `width='stretch'`. For `use_container_width=False`, use `width='content'`.
2026-07-29 20:10:14.995 Please replace `use_container_width` with `width`.

`use_container_width` will be removed after 2025-12-31.

For `use_container_width=True`, use `width='stretch'`. For `use_container_width=False`, use `width='content'`.
2026-07-29 20:10:15.032 Please replace `use_container_width` with `width`.

`use_container_width` will be removed after 2025-12-31.

For `use_container_width=True`, use `width='stretch'`. For `use_container_width=False`, use `width='content'`.
2026-07-29 20:10:15.068 Please replace `use_container_width` with `width`.

`use_container_width` will be removed after 2025-12-31.

For `use_container_width=True`, use `width='stretch'`. For `use_container_width=False`, use `width='content'`.
2026-07-29 20:10:15.104 Please replace `use_container_width` with `width`.

`use_container_width` will be removed after 2025-12-31.

For `use_container_width=True`, use `width='stretch'`. For `use_container_width=False`, use `width='content'`.
2026-07-29 20:10:15.140 Please replace `use_container_width` with `width`.

`use_container_width` will be removed after 2025-12-31.

For `use_container_width=True`, use `width='stretch'`. For `use_container_width=False`, use `width='content'`.
2026-07-29 20:10:15.176 Please replace `use_container_width` with `width`.

`use_container_width` will be removed after 2025-12-31.

For `use_container_width=True`, use `width='stretch'`. For `use_container_width=False`, use `width='content'`.
2026-07-29 20:10:15.212 Please replace `use_container_width` with `width`.

`use_container_width` will be removed after 2025-12-31.

For `use_container_width=True`, use `width='stretch'`. For `use_container_width=False`, use `width='content'`.
2026-07-29 20:10:15.248 Please replace `use_container_width` with `width`.

`use_container_width` will be removed after 2025-12-31.

For `use_container_width=True`, use `width='stretch'`. For `use_container_width=False`, use `width='content'`.
2026-07-29 20:10:15.294 Please replace `use_container_width` with `width`.

`use_container_width` will be removed after 2025-12-31.

For `use_container_width=True`, use `width='stretch'`. For `use_container_width=False`, use `width='content'`.
2026-07-29 20:10:15.329 Please replace `use_container_width` with `width`.

`use_container_width` will be removed after 2025-12-31.

For `use_container_width=True`, use `width='stretch'`. For `use_container_width=False`, use `width='content'`.
2026-07-29 20:10:15.343 Please replace `use_container_width` with `width`.

`use_container_width` will be removed after 2025-12-31.

For `use_container_width=True`, use `width='stretch'`. For `use_container_width=False`, use `width='content'`.
2026-07-29 20:10:15.344 Please replace `use_container_width` with `width`.

`use_container_width` will be removed after 2025-12-31.

For `use_container_width=True`, use `width='stretch'`. For `use_container_width=False`, use `width='content'`.
2026-07-29 20:10:15.376 Please replace `use_container_width` with `width`.

`use_container_width` will be removed after 2025-12-31.

For `use_container_width=True`, use `width='stretch'`. For `use_container_width=False`, use `width='content'`.
2026-07-29 20:10:15.413 Please replace `use_container_width` with `width`.

`use_container_width` will be removed after 2025-12-31.

For `use_container_width=True`, use `width='stretch'`. For `use_container_width=False`, use `width='content'`.
2026-07-29 20:10:15.452 Please replace `use_container_width` with `width`.

`use_container_width` will be removed after 2025-12-31.

For `use_container_width=True`, use `width='stretch'`. For `use_container_width=False`, use `width='content'`.
2026-07-29 20:10:15.488 Please replace `use_container_width` with `width`.

`use_container_width` will be removed after 2025-12-31.

For `use_container_width=True`, use `width='stretch'`. For `use_container_width=False`, use `width='content'`.
2026-07-29 20:10:15.523 Please replace `use_container_width` with `width`.

`use_container_width` will be removed after 2025-12-31.

For `use_container_width=True`, use `width='stretch'`. For `use_container_width=False`, use `width='content'`.
2026-07-29 20:10:15.558 Please replace `use_container_width` with `width`.

`use_container_width` will be removed after 2025-12-31.

For `use_container_width=True`, use `width='stretch'`. For `use_container_width=False`, use `width='content'`.
2026-07-29 20:10:15.593 Please replace `use_container_width` with `width`.

`use_container_width` will be removed after 2025-12-31.

For `use_container_width=True`, use `width='stretch'`. For `use_container_width=False`, use `width='content'`.
2026-07-29 20:10:15.629 Please replace `use_container_width` with `width`.

`use_container_width` will be removed after 2025-12-31.

For `use_container_width=True`, use `width='stretch'`. For `use_container_width=False`, use `width='content'`.
2026-07-29 20:10:15.664 Please replace `use_container_width` with `width`.

`use_container_width` will be removed after 2025-12-31.

For `use_container_width=True`, use `width='stretch'`. For `use_container_width=False`, use `width='content'`.
2026-07-29 20:10:15.701 Please replace `use_container_width` with `width`.

`use_container_width` will be removed after 2025-12-31.

For `use_container_width=True`, use `width='stretch'`. For `use_container_width=False`, use `width='content'`.
2026-07-29 20:10:15.738 Please replace `use_container_width` with `width`.

`use_container_width` will be removed after 2025-12-31.

For `use_container_width=True`, use `width='stretch'`. For `use_container_width=False`, use `width='content'`.
2026-07-29 20:10:15.773 Please replace `use_container_width` with `width`.

`use_container_width` will be removed after 2025-12-31.

For `use_container_width=True`, use `width='stretch'`. For `use_container_width=False`, use `width='content'`.
2026-07-29 20:10:15.810 Please replace `use_container_width` with `width`.

`use_container_width` will be removed after 2025-12-31.

For `use_container_width=True`, use `width='stretch'`. For `use_container_width=False`, use `width='content'`.
2026-07-29 20:10:15.845 Please replace `use_container_width` with `width`.

`use_container_width` will be removed after 2025-12-31.

For `use_container_width=True`, use `width='stretch'`. For `use_container_width=False`, use `width='content'`.
2026-07-29 20:10:15.884 Please replace `use_container_width` with `width`.

`use_container_width` will be removed after 2025-12-31.

For `use_container_width=True`, use `width='stretch'`. For `use_container_width=False`, use `width='content'`.
2026-07-29 20:10:15.919 Please replace `use_container_width` with `width`.

`use_container_width` will be removed after 2025-12-31.

For `use_container_width=True`, use `width='stretch'`. For `use_container_width=False`, use `width='content'`.
2026-07-29 20:10:15.956 Please replace `use_container_width` with `width`.

`use_container_width` will be removed after 2025-12-31.

For `use_container_width=True`, use `width='stretch'`. For `use_container_width=False`, use `width='content'`.
2026-07-29 20:10:15.992 Please replace `use_container_width` with `width`.

`use_container_width` will be removed after 2025-12-31.

For `use_container_width=True`, use `width='stretch'`. For `use_container_width=False`, use `width='content'`.
2026-07-29 20:10:16.027 Please replace `use_container_width` with `width`.

`use_container_width` will be removed after 2025-12-31.

For `use_container_width=True`, use `width='stretch'`. For `use_container_width=False`, use `width='content'`.
2026-07-29 20:10:16.064 Please replace `use_container_width` with `width`.

`use_container_width` will be removed after 2025-12-31.

For `use_container_width=True`, use `width='stretch'`. For `use_container_width=False`, use `width='content'`.
2026-07-29 20:10:16.099 Please replace `use_container_width` with `width`.

`use_container_width` will be removed after 2025-12-31.

For `use_container_width=True`, use `width='stretch'`. For `use_container_width=False`, use `width='content'`.
2026-07-29 20:10:16.135 Please replace `use_container_width` with `width`.

`use_container_width` will be removed after 2025-12-31.

For `use_container_width=True`, use `width='stretch'`. For `use_container_width=False`, use `width='content'`.
2026-07-29 20:10:16.175 Please replace `use_container_width` with `width`.

`use_container_width` will be removed after 2025-12-31.

For `use_container_width=True`, use `width='stretch'`. For `use_container_width=False`, use `width='content'`.
2026-07-29 20:10:16.210 Please replace `use_container_width` with `width`.

`use_container_width` will be removed after 2025-12-31.

For `use_container_width=True`, use `width='stretch'`. For `use_container_width=False`, use `width='content'`.
2026-07-29 20:10:16.248 Please replace `use_container_width` with `width`.

`use_container_width` will be removed after 2025-12-31.

For `use_container_width=True`, use `width='stretch'`. For `use_container_width=False`, use `width='content'`.
2026-07-29 20:10:16.284 Please replace `use_container_width` with `width`.

`use_container_width` will be removed after 2025-12-31.

For `use_container_width=True`, use `width='stretch'`. For `use_container_width=False`, use `width='content'`.
2026-07-29 20:10:16.321 Please replace `use_container_width` with `width`.

`use_container_width` will be removed after 2025-12-31.

For `use_container_width=True`, use `width='stretch'`. For `use_container_width=False`, use `width='content'`.
2026-07-29 20:10:16.358 Please replace `use_container_width` with `width`.

`use_container_width` will be removed after 2025-12-31.

For `use_container_width=True`, use `width='stretch'`. For `use_container_width=False`, use `width='content'`.
2026-07-29 20:10:16.369 Please replace `use_container_width` with `width`.

`use_container_width` will be removed after 2025-12-31.

For `use_container_width=True`, use `width='stretch'`. For `use_container_width=False`, use `width='content'`.
2026-07-29 20:10:16.370 Please replace `use_container_width` with `width`.

`use_container_width` will be removed after 2025-12-31.

For `use_container_width=True`, use `width='stretch'`. For `use_container_width=False`, use `width='content'`.
2026-07-29 20:10:16.402 Please replace `use_container_width` with `width`.

`use_container_width` will be removed after 2025-12-31.

For `use_container_width=True`, use `width='stretch'`. For `use_container_width=False`, use `width='content'`.
2026-07-29 20:10:16.437 Please replace `use_container_width` with `width`.

`use_container_width` will be removed after 2025-12-31.

For `use_container_width=True`, use `width='stretch'`. For `use_container_width=False`, use `width='content'`.
2026-07-29 20:10:16.474 Please replace `use_container_width` with `width`.

`use_container_width` will be removed after 2025-12-31.

For `use_container_width=True`, use `width='stretch'`. For `use_container_width=False`, use `width='content'`.
2026-07-29 20:10:16.511 Please replace `use_container_width` with `width`.

`use_container_width` will be removed after 2025-12-31.

For `use_container_width=True`, use `width='stretch'`. For `use_container_width=False`, use `width='content'`.
2026-07-29 20:10:16.548 Please replace `use_container_width` with `width`.

`use_container_width` will be removed after 2025-12-31.

For `use_container_width=True`, use `width='stretch'`. For `use_container_width=False`, use `width='content'`.
2026-07-29 20:10:16.584 Please replace `use_container_width` with `width`.

`use_container_width` will be removed after 2025-12-31.

For `use_container_width=True`, use `width='stretch'`. For `use_container_width=False`, use `width='content'`.
2026-07-29 20:10:16.621 Please replace `use_container_width` with `width`.

`use_container_width` will be removed after 2025-12-31.

For `use_container_width=True`, use `width='stretch'`. For `use_container_width=False`, use `width='content'`.
2026-07-29 20:10:16.655 Please replace `use_container_width` with `width`.

`use_container_width` will be removed after 2025-12-31.

For `use_container_width=True`, use `width='stretch'`. For `use_container_width=False`, use `width='content'`.
2026-07-29 20:10:16.694 Please replace `use_container_width` with `width`.

`use_container_width` will be removed after 2025-12-31.

For `use_container_width=True`, use `width='stretch'`. For `use_container_width=False`, use `width='content'`.
2026-07-29 20:10:16.732 Please replace `use_container_width` with `width`.

`use_container_width` will be removed after 2025-12-31.

For `use_container_width=True`, use `width='stretch'`. For `use_container_width=False`, use `width='content'`.
2026-07-29 20:10:16.767 Please replace `use_container_width` with `width`.

`use_container_width` will be removed after 2025-12-31.

For `use_container_width=True`, use `width='stretch'`. For `use_container_width=False`, use `width='content'`.
2026-07-29 20:10:16.802 Please replace `use_container_width` with `width`.

`use_container_width` will be removed after 2025-12-31.

For `use_container_width=True`, use `width='stretch'`. For `use_container_width=False`, use `width='content'`.
2026-07-29 20:10:16.842 Please replace `use_container_width` with `width`.

`use_container_width` will be removed after 2025-12-31.

For `use_container_width=True`, use `width='stretch'`. For `use_container_width=False`, use `width='content'`.
2026-07-29 20:10:16.878 Please replace `use_container_width` with `width`.

`use_container_width` will be removed after 2025-12-31.

For `use_container_width=True`, use `width='stretch'`. For `use_container_width=False`, use `width='content'`.
2026-07-29 20:10:16.913 Please replace `use_container_width` with `width`.

`use_container_width` will be removed after 2025-12-31.

For `use_container_width=True`, use `width='stretch'`. For `use_container_width=False`, use `width='content'`.
2026-07-29 20:10:16.950 Please replace `use_container_width` with `width`.

`use_container_width` will be removed after 2025-12-31.

For `use_container_width=True`, use `width='stretch'`. For `use_container_width=False`, use `width='content'`.
2026-07-29 20:10:16.986 Please replace `use_container_width` with `width`.

`use_container_width` will be removed after 2025-12-31.

For `use_container_width=True`, use `width='stretch'`. For `use_container_width=False`, use `width='content'`.
2026-07-29 20:10:17.022 Please replace `use_container_width` with `width`.

`use_container_width` will be removed after 2025-12-31.

For `use_container_width=True`, use `width='stretch'`. For `use_container_width=False`, use `width='content'`.
2026-07-29 20:10:17.059 Please replace `use_container_width` with `width`.

`use_container_width` will be removed after 2025-12-31.

For `use_container_width=True`, use `width='stretch'`. For `use_container_width=False`, use `width='content'`.
2026-07-29 20:10:17.096 Please replace `use_container_width` with `width`.

`use_container_width` will be removed after 2025-12-31.

For `use_container_width=True`, use `width='stretch'`. For `use_container_width=False`, use `width='content'`.
2026-07-29 20:10:17.132 Please replace `use_container_width` with `width`.

`use_container_width` will be removed after 2025-12-31.

For `use_container_width=True`, use `width='stretch'`. For `use_container_width=False`, use `width='content'`.
2026-07-29 20:10:17.168 Please replace `use_container_width` with `width`.

`use_container_width` will be removed after 2025-12-31.

For `use_container_width=True`, use `width='stretch'`. For `use_container_width=False`, use `width='content'`.
2026-07-29 20:10:17.204 Please replace `use_container_width` with `width`.

`use_container_width` will be removed after 2025-12-31.

For `use_container_width=True`, use `width='stretch'`. For `use_container_width=False`, use `width='content'`.
2026-07-29 20:10:17.245 Please replace `use_container_width` with `width`.

`use_container_width` will be removed after 2025-12-31.

For `use_container_width=True`, use `width='stretch'`. For `use_container_width=False`, use `width='content'`.
2026-07-29 20:10:17.280 Please replace `use_container_width` with `width`.

`use_container_width` will be removed after 2025-12-31.

For `use_container_width=True`, use `width='stretch'`. For `use_container_width=False`, use `width='content'`.
2026-07-29 20:10:17.315 Please replace `use_container_width` with `width`.

`use_container_width` will be removed after 2025-12-31.

For `use_container_width=True`, use `width='stretch'`. For `use_container_width=False`, use `width='content'`.
2026-07-29 20:10:17.352 Please replace `use_container_width` with `width`.

`use_container_width` will be removed after 2025-12-31.

For `use_container_width=True`, use `width='stretch'`. For `use_container_width=False`, use `width='content'`.
2026-07-29 20:10:17.387 Please replace `use_container_width` with `width`.

`use_container_width` will be removed after 2025-12-31.

For `use_container_width=True`, use `width='stretch'`. For `use_container_width=False`, use `width='content'`.
2026-07-29 20:10:17.402 Please replace `use_container_width` with `width`.

`use_container_width` will be removed after 2025-12-31.

For `use_container_width=True`, use `width='stretch'`. For `use_container_width=False`, use `width='content'`.
2026-07-29 20:10:17.402 Please replace `use_container_width` with `width`.

`use_container_width` will be removed after 2025-12-31.

For `use_container_width=True`, use `width='stretch'`. For `use_container_width=False`, use `width='content'`.
2026-07-29 20:10:17.433 Please replace `use_container_width` with `width`.

`use_container_width` will be removed after 2025-12-31.

For `use_container_width=True`, use `width='stretch'`. For `use_container_width=False`, use `width='content'`.
2026-07-29 20:10:17.471 Please replace `use_container_width` with `width`.

`use_container_width` will be removed after 2025-12-31.

For `use_container_width=True`, use `width='stretch'`. For `use_container_width=False`, use `width='content'`.
2026-07-29 20:10:17.505 Please replace `use_container_width` with `width`.

`use_container_width` will be removed after 2025-12-31.

For `use_container_width=True`, use `width='stretch'`. For `use_container_width=False`, use `width='content'`.
2026-07-29 20:10:17.541 Please replace `use_container_width` with `width`.

`use_container_width` will be removed after 2025-12-31.

For `use_container_width=True`, use `width='stretch'`. For `use_container_width=False`, use `width='content'`.
2026-07-29 20:10:17.578 Please replace `use_container_width` with `width`.

`use_container_width` will be removed after 2025-12-31.

For `use_container_width=True`, use `width='stretch'`. For `use_container_width=False`, use `width='content'`.
2026-07-29 20:10:17.614 Please replace `use_container_width` with `width`.

`use_container_width` will be removed after 2025-12-31.

For `use_container_width=True`, use `width='stretch'`. For `use_container_width=False`, use `width='content'`.
2026-07-29 20:10:17.650 Please replace `use_container_width` with `width`.

`use_container_width` will be removed after 2025-12-31.

For `use_container_width=True`, use `width='stretch'`. For `use_container_width=False`, use `width='content'`.
2026-07-29 20:10:17.686 Please replace `use_container_width` with `width`.

`use_container_width` will be removed after 2025-12-31.

For `use_container_width=True`, use `width='stretch'`. For `use_container_width=False`, use `width='content'`.
2026-07-29 20:10:17.721 Please replace `use_container_width` with `width`.

`use_container_width` will be removed after 2025-12-31.

For `use_container_width=True`, use `width='stretch'`. For `use_container_width=False`, use `width='content'`.
2026-07-29 20:10:17.756 Please replace `use_container_width` with `width`.

`use_container_width` will be removed after 2025-12-31.

For `use_container_width=True`, use `width='stretch'`. For `use_container_width=False`, use `width='content'`.
2026-07-29 20:10:17.791 Please replace `use_container_width` with `width`.

`use_container_width` will be removed after 2025-12-31.

For `use_container_width=True`, use `width='stretch'`. For `use_container_width=False`, use `width='content'`.
2026-07-29 20:10:17.827 Please replace `use_container_width` with `width`.

`use_container_width` will be removed after 2025-12-31.

For `use_container_width=True`, use `width='stretch'`. For `use_container_width=False`, use `width='content'`.
2026-07-29 20:10:17.862 Please replace `use_container_width` with `width`.

`use_container_width` will be removed after 2025-12-31.

For `use_container_width=True`, use `width='stretch'`. For `use_container_width=False`, use `width='content'`.
2026-07-29 20:10:17.903 Please replace `use_container_width` with `width`.

`use_container_width` will be removed after 2025-12-31.

For `use_container_width=True`, use `width='stretch'`. For `use_container_width=False`, use `width='content'`.
2026-07-29 20:10:17.938 Please replace `use_container_width` with `width`.

`use_container_width` will be removed after 2025-12-31.

For `use_container_width=True`, use `width='stretch'`. For `use_container_width=False`, use `width='content'`.
2026-07-29 20:10:17.974 Please replace `use_container_width` with `width`.

`use_container_width` will be removed after 2025-12-31.

For `use_container_width=True`, use `width='stretch'`. For `use_container_width=False`, use `width='content'`.
2026-07-29 20:10:18.011 Please replace `use_container_width` with `width`.

`use_container_width` will be removed after 2025-12-31.

For `use_container_width=True`, use `width='stretch'`. For `use_container_width=False`, use `width='content'`.
2026-07-29 20:10:18.048 Please replace `use_container_width` with `width`.

`use_container_width` will be removed after 2025-12-31.

For `use_container_width=True`, use `width='stretch'`. For `use_container_width=False`, use `width='content'`.
2026-07-29 20:10:18.085 Please replace `use_container_width` with `width`.

`use_container_width` will be removed after 2025-12-31.

For `use_container_width=True`, use `width='stretch'`. For `use_container_width=False`, use `width='content'`.
2026-07-29 20:10:18.122 Please replace `use_container_width` with `width`.

`use_container_width` will be removed after 2025-12-31.

For `use_container_width=True`, use `width='stretch'`. For `use_container_width=False`, use `width='content'`.
2026-07-29 20:10:18.157 Please replace `use_container_width` with `width`.

`use_container_width` will be removed after 2025-12-31.

For `use_container_width=True`, use `width='stretch'`. For `use_container_width=False`, use `width='content'`.
2026-07-29 20:10:18.194 Please replace `use_container_width` with `width`.

`use_container_width` will be removed after 2025-12-31.

For `use_container_width=True`, use `width='stretch'`. For `use_container_width=False`, use `width='content'`.
2026-07-29 20:10:18.230 Please replace `use_container_width` with `width`.

`use_container_width` will be removed after 2025-12-31.

For `use_container_width=True`, use `width='stretch'`. For `use_container_width=False`, use `width='content'`.
2026-07-29 20:10:18.267 Please replace `use_container_width` with `width`.

`use_container_width` will be removed after 2025-12-31.

For `use_container_width=True`, use `width='stretch'`. For `use_container_width=False`, use `width='content'`.
2026-07-29 20:10:18.304 Please replace `use_container_width` with `width`.

`use_container_width` will be removed after 2025-12-31.

For `use_container_width=True`, use `width='stretch'`. For `use_container_width=False`, use `width='content'`.
2026-07-29 20:10:18.339 Please replace `use_container_width` with `width`.

`use_container_width` will be removed after 2025-12-31.

For `use_container_width=True`, use `width='stretch'`. For `use_container_width=False`, use `width='content'`.
2026-07-29 20:10:18.374 Please replace `use_container_width` with `width`.

`use_container_width` will be removed after 2025-12-31.

For `use_container_width=True`, use `width='stretch'`. For `use_container_width=False`, use `width='content'`.
2026-07-29 20:10:18.410 Please replace `use_container_width` with `width`.

`use_container_width` will be removed after 2025-12-31.

For `use_container_width=True`, use `width='stretch'`. For `use_container_width=False`, use `width='content'`.
2026-07-29 20:10:18.424 Please replace `use_container_width` with `width`.

`use_container_width` will be removed after 2025-12-31.

For `use_container_width=True`, use `width='stretch'`. For `use_container_width=False`, use `width='content'`.
2026-07-29 20:10:18.425 Please replace `use_container_width` with `width`.

`use_container_width` will be removed after 2025-12-31.

For `use_container_width=True`, use `width='stretch'`. For `use_container_width=False`, use `width='content'`.
2026-07-29 20:10:18.457 Please replace `use_container_width` with `width`.

`use_container_width` will be removed after 2025-12-31.

For `use_container_width=True`, use `width='stretch'`. For `use_container_width=False`, use `width='content'`.
2026-07-29 20:10:18.493 Please replace `use_container_width` with `width`.

`use_container_width` will be removed after 2025-12-31.

For `use_container_width=True`, use `width='stretch'`. For `use_container_width=False`, use `width='content'`.
2026-07-29 20:10:18.528 Please replace `use_container_width` with `width`.

`use_container_width` will be removed after 2025-12-31.

For `use_container_width=True`, use `width='stretch'`. For `use_container_width=False`, use `width='content'`.
2026-07-29 20:10:18.563 Please replace `use_container_width` with `width`.

`use_container_width` will be removed after 2025-12-31.

For `use_container_width=True`, use `width='stretch'`. For `use_container_width=False`, use `width='content'`.
2026-07-29 20:10:18.599 Please replace `use_container_width` with `width`.

`use_container_width` will be removed after 2025-12-31.

For `use_container_width=True`, use `width='stretch'`. For `use_container_width=False`, use `width='content'`.
2026-07-29 20:10:18.634 Please replace `use_container_width` with `width`.

`use_container_width` will be removed after 2025-12-31.

For `use_container_width=True`, use `width='stretch'`. For `use_container_width=False`, use `width='content'`.
2026-07-29 20:10:18.671 Please replace `use_container_width` with `width`.

`use_container_width` will be removed after 2025-12-31.

For `use_container_width=True`, use `width='stretch'`. For `use_container_width=False`, use `width='content'`.
2026-07-29 20:10:18.707 Please replace `use_container_width` with `width`.

`use_container_width` will be removed after 2025-12-31.

For `use_container_width=True`, use `width='stretch'`. For `use_container_width=False`, use `width='content'`.
2026-07-29 20:10:18.742 Please replace `use_container_width` with `width`.

`use_container_width` will be removed after 2025-12-31.

For `use_container_width=True`, use `width='stretch'`. For `use_container_width=False`, use `width='content'`.
2026-07-29 20:10:18.783 Please replace `use_container_width` with `width`.

`use_container_width` will be removed after 2025-12-31.

For `use_container_width=True`, use `width='stretch'`. For `use_container_width=False`, use `width='content'`.
2026-07-29 20:10:18.819 Please replace `use_container_width` with `width`.

`use_container_width` will be removed after 2025-12-31.

For `use_container_width=True`, use `width='stretch'`. For `use_container_width=False`, use `width='content'`.
2026-07-29 20:10:18.856 Please replace `use_container_width` with `width`.

`use_container_width` will be removed after 2025-12-31.

For `use_container_width=True`, use `width='stretch'`. For `use_container_width=False`, use `width='content'`.
2026-07-29 20:10:18.891 Please replace `use_container_width` with `width`.

`use_container_width` will be removed after 2025-12-31.

For `use_container_width=True`, use `width='stretch'`. For `use_container_width=False`, use `width='content'`.
2026-07-29 20:10:18.926 Please replace `use_container_width` with `width`.

`use_container_width` will be removed after 2025-12-31.

For `use_container_width=True`, use `width='stretch'`. For `use_container_width=False`, use `width='content'`.
2026-07-29 20:10:18.962 Please replace `use_container_width` with `width`.

`use_container_width` will be removed after 2025-12-31.

For `use_container_width=True`, use `width='stretch'`. For `use_container_width=False`, use `width='content'`.
2026-07-29 20:10:18.997 Please replace `use_container_width` with `width`.

`use_container_width` will be removed after 2025-12-31.

For `use_container_width=True`, use `width='stretch'`. For `use_container_width=False`, use `width='content'`.
2026-07-29 20:10:19.031 Please replace `use_container_width` with `width`.

`use_container_width` will be removed after 2025-12-31.

For `use_container_width=True`, use `width='stretch'`. For `use_container_width=False`, use `width='content'`.
2026-07-29 20:10:19.068 Please replace `use_container_width` with `width`.

`use_container_width` will be removed after 2025-12-31.

For `use_container_width=True`, use `width='stretch'`. For `use_container_width=False`, use `width='content'`.
2026-07-29 20:10:19.103 Please replace `use_container_width` with `width`.

`use_container_width` will be removed after 2025-12-31.

For `use_container_width=True`, use `width='stretch'`. For `use_container_width=False`, use `width='content'`.
2026-07-29 20:10:19.138 Please replace `use_container_width` with `width`.

`use_container_width` will be removed after 2025-12-31.

For `use_container_width=True`, use `width='stretch'`. For `use_container_width=False`, use `width='content'`.
2026-07-29 20:10:19.173 Please replace `use_container_width` with `width`.

`use_container_width` will be removed after 2025-12-31.

For `use_container_width=True`, use `width='stretch'`. For `use_container_width=False`, use `width='content'`.
2026-07-29 20:10:19.211 Please replace `use_container_width` with `width`.

`use_container_width` will be removed after 2025-12-31.

For `use_container_width=True`, use `width='stretch'`. For `use_container_width=False`, use `width='content'`.
2026-07-29 20:10:19.249 Please replace `use_container_width` with `width`.

`use_container_width` will be removed after 2025-12-31.

For `use_container_width=True`, use `width='stretch'`. For `use_container_width=False`, use `width='content'`.
2026-07-29 20:10:19.285 Please replace `use_container_width` with `width`.

`use_container_width` will be removed after 2025-12-31.

For `use_container_width=True`, use `width='stretch'`. For `use_container_width=False`, use `width='content'`.
2026-07-29 20:10:19.321 Please replace `use_container_width` with `width`.

`use_container_width` will be removed after 2025-12-31.

For `use_container_width=True`, use `width='stretch'`. For `use_container_width=False`, use `width='content'`.
2026-07-29 20:10:19.357 Please replace `use_container_width` with `width`.

`use_container_width` will be removed after 2025-12-31.

For `use_container_width=True`, use `width='stretch'`. For `use_container_width=False`, use `width='content'`.
2026-07-29 20:10:19.393 Please replace `use_container_width` with `width`.

`use_container_width` will be removed after 2025-12-31.

For `use_container_width=True`, use `width='stretch'`. For `use_container_width=False`, use `width='content'`.
2026-07-29 20:10:19.432 Please replace `use_container_width` with `width`.

`use_container_width` will be removed after 2025-12-31.

For `use_container_width=True`, use `width='stretch'`. For `use_container_width=False`, use `width='content'`.
2026-07-29 20:10:19.445 Please replace `use_container_width` with `width`.

`use_container_width` will be removed after 2025-12-31.

For `use_container_width=True`, use `width='stretch'`. For `use_container_width=False`, use `width='content'`.
2026-07-29 20:10:19.446 Please replace `use_container_width` with `width`.

`use_container_width` will be removed after 2025-12-31.

For `use_container_width=True`, use `width='stretch'`. For `use_container_width=False`, use `width='content'`.
2026-07-29 20:10:19.477 Please replace `use_container_width` with `width`.

`use_container_width` will be removed after 2025-12-31.

For `use_container_width=True`, use `width='stretch'`. For `use_container_width=False`, use `width='content'`.
2026-07-29 20:10:19.514 Please replace `use_container_width` with `width`.

`use_container_width` will be removed after 2025-12-31.

For `use_container_width=True`, use `width='stretch'`. For `use_container_width=False`, use `width='content'`.
2026-07-29 20:10:19.550 Please replace `use_container_width` with `width`.

`use_container_width` will be removed after 2025-12-31.

For `use_container_width=True`, use `width='stretch'`. For `use_container_width=False`, use `width='content'`.
2026-07-29 20:10:19.585 Please replace `use_container_width` with `width`.

`use_container_width` will be removed after 2025-12-31.

For `use_container_width=True`, use `width='stretch'`. For `use_container_width=False`, use `width='content'`.
2026-07-29 20:10:19.630 Please replace `use_container_width` with `width`.

`use_container_width` will be removed after 2025-12-31.

For `use_container_width=True`, use `width='stretch'`. For `use_container_width=False`, use `width='content'`.
2026-07-29 20:10:19.665 Please replace `use_container_width` with `width`.

`use_container_width` will be removed after 2025-12-31.

For `use_container_width=True`, use `width='stretch'`. For `use_container_width=False`, use `width='content'`.
2026-07-29 20:10:19.703 Please replace `use_container_width` with `width`.

`use_container_width` will be removed after 2025-12-31.

For `use_container_width=True`, use `width='stretch'`. For `use_container_width=False`, use `width='content'`.
2026-07-29 20:10:19.738 Please replace `use_container_width` with `width`.

`use_container_width` will be removed after 2025-12-31.

For `use_container_width=True`, use `width='stretch'`. For `use_container_width=False`, use `width='content'`.
2026-07-29 20:10:19.774 Please replace `use_container_width` with `width`.

`use_container_width` will be removed after 2025-12-31.

For `use_container_width=True`, use `width='stretch'`. For `use_container_width=False`, use `width='content'`.
2026-07-29 20:10:19.815 Please replace `use_container_width` with `width`.

`use_container_width` will be removed after 2025-12-31.

For `use_container_width=True`, use `width='stretch'`. For `use_container_width=False`, use `width='content'`.
2026-07-29 20:10:19.850 Please replace `use_container_width` with `width`.

`use_container_width` will be removed after 2025-12-31.

For `use_container_width=True`, use `width='stretch'`. For `use_container_width=False`, use `width='content'`.
2026-07-29 20:10:19.886 Please replace `use_container_width` with `width`.

`use_container_width` will be removed after 2025-12-31.

For `use_container_width=True`, use `width='stretch'`. For `use_container_width=False`, use `width='content'`.
2026-07-29 20:10:19.922 Please replace `use_container_width` with `width`.

`use_container_width` will be removed after 2025-12-31.

For `use_container_width=True`, use `width='stretch'`. For `use_container_width=False`, use `width='content'`.
2026-07-29 20:10:19.957 Please replace `use_container_width` with `width`.

`use_container_width` will be removed after 2025-12-31.

For `use_container_width=True`, use `width='stretch'`. For `use_container_width=False`, use `width='content'`.
2026-07-29 20:10:19.992 Please replace `use_container_width` with `width`.

`use_container_width` will be removed after 2025-12-31.

For `use_container_width=True`, use `width='stretch'`. For `use_container_width=False`, use `width='content'`.
2026-07-29 20:10:20.029 Please replace `use_container_width` with `width`.

`use_container_width` will be removed after 2025-12-31.

For `use_container_width=True`, use `width='stretch'`. For `use_container_width=False`, use `width='content'`.
2026-07-29 20:10:20.065 Please replace `use_container_width` with `width`.

`use_container_width` will be removed after 2025-12-31.

For `use_container_width=True`, use `width='stretch'`. For `use_container_width=False`, use `width='content'`.
2026-07-29 20:10:20.106 Please replace `use_container_width` with `width`.

`use_container_width` will be removed after 2025-12-31.

For `use_container_width=True`, use `width='stretch'`. For `use_container_width=False`, use `width='content'`.
2026-07-29 20:10:20.140 Please replace `use_container_width` with `width`.

`use_container_width` will be removed after 2025-12-31.

For `use_container_width=True`, use `width='stretch'`. For `use_container_width=False`, use `width='content'`.
2026-07-29 20:10:20.175 Please replace `use_container_width` with `width`.

`use_container_width` will be removed after 2025-12-31.

For `use_container_width=True`, use `width='stretch'`. For `use_container_width=False`, use `width='content'`.
2026-07-29 20:10:20.210 Please replace `use_container_width` with `width`.

`use_container_width` will be removed after 2025-12-31.

For `use_container_width=True`, use `width='stretch'`. For `use_container_width=False`, use `width='content'`.
2026-07-29 20:10:20.246 Please replace `use_container_width` with `width`.

`use_container_width` will be removed after 2025-12-31.

For `use_container_width=True`, use `width='stretch'`. For `use_container_width=False`, use `width='content'`.
2026-07-29 20:10:20.283 Please replace `use_container_width` with `width`.

`use_container_width` will be removed after 2025-12-31.

For `use_container_width=True`, use `width='stretch'`. For `use_container_width=False`, use `width='content'`.
2026-07-29 20:10:20.318 Please replace `use_container_width` with `width`.

`use_container_width` will be removed after 2025-12-31.

For `use_container_width=True`, use `width='stretch'`. For `use_container_width=False`, use `width='content'`.
2026-07-29 20:10:20.355 Please replace `use_container_width` with `width`.

`use_container_width` will be removed after 2025-12-31.

For `use_container_width=True`, use `width='stretch'`. For `use_container_width=False`, use `width='content'`.
2026-07-29 20:10:20.391 Please replace `use_container_width` with `width`.

`use_container_width` will be removed after 2025-12-31.

For `use_container_width=True`, use `width='stretch'`. For `use_container_width=False`, use `width='content'`.
2026-07-29 20:10:20.427 Please replace `use_container_width` with `width`.

`use_container_width` will be removed after 2025-12-31.

For `use_container_width=True`, use `width='stretch'`. For `use_container_width=False`, use `width='content'`.
2026-07-29 20:10:20.462 Please replace `use_container_width` with `width`.

`use_container_width` will be removed after 2025-12-31.

For `use_container_width=True`, use `width='stretch'`. For `use_container_width=False`, use `width='content'`.
2026-07-29 20:10:20.476 Please replace `use_container_width` with `width`.

`use_container_width` will be removed after 2025-12-31.

For `use_container_width=True`, use `width='stretch'`. For `use_container_width=False`, use `width='content'`.
2026-07-29 20:10:20.476 Please replace `use_container_width` with `width`.

`use_container_width` will be removed after 2025-12-31.

For `use_container_width=True`, use `width='stretch'`. For `use_container_width=False`, use `width='content'`.
2026-07-29 20:10:20.508 Please replace `use_container_width` with `width`.

`use_container_width` will be removed after 2025-12-31.

For `use_container_width=True`, use `width='stretch'`. For `use_container_width=False`, use `width='content'`.
2026-07-29 20:10:20.543 Please replace `use_container_width` with `width`.

`use_container_width` will be removed after 2025-12-31.

For `use_container_width=True`, use `width='stretch'`. For `use_container_width=False`, use `width='content'`.
2026-07-29 20:10:20.581 Please replace `use_container_width` with `width`.

`use_container_width` will be removed after 2025-12-31.

For `use_container_width=True`, use `width='stretch'`. For `use_container_width=False`, use `width='content'`.
2026-07-29 20:10:20.618 Please replace `use_container_width` with `width`.

`use_container_width` will be removed after 2025-12-31.

For `use_container_width=True`, use `width='stretch'`. For `use_container_width=False`, use `width='content'`.
2026-07-29 20:10:20.653 Please replace `use_container_width` with `width`.

`use_container_width` will be removed after 2025-12-31.

For `use_container_width=True`, use `width='stretch'`. For `use_container_width=False`, use `width='content'`.
2026-07-29 20:10:20.688 Please replace `use_container_width` with `width`.

`use_container_width` will be removed after 2025-12-31.

For `use_container_width=True`, use `width='stretch'`. For `use_container_width=False`, use `width='content'`.
2026-07-29 20:10:20.725 Please replace `use_container_width` with `width`.

`use_container_width` will be removed after 2025-12-31.

For `use_container_width=True`, use `width='stretch'`. For `use_container_width=False`, use `width='content'`.
2026-07-29 20:10:20.761 Please replace `use_container_width` with `width`.

`use_container_width` will be removed after 2025-12-31.

For `use_container_width=True`, use `width='stretch'`. For `use_container_width=False`, use `width='content'`.
2026-07-29 20:10:20.796 Please replace `use_container_width` with `width`.

`use_container_width` will be removed after 2025-12-31.

For `use_container_width=True`, use `width='stretch'`. For `use_container_width=False`, use `width='content'`.
2026-07-29 20:10:20.836 Please replace `use_container_width` with `width`.

`use_container_width` will be removed after 2025-12-31.

For `use_container_width=True`, use `width='stretch'`. For `use_container_width=False`, use `width='content'`.
2026-07-29 20:10:20.873 Please replace `use_container_width` with `width`.

`use_container_width` will be removed after 2025-12-31.

For `use_container_width=True`, use `width='stretch'`. For `use_container_width=False`, use `width='content'`.
2026-07-29 20:10:20.909 Please replace `use_container_width` with `width`.

`use_container_width` will be removed after 2025-12-31.

For `use_container_width=True`, use `width='stretch'`. For `use_container_width=False`, use `width='content'`.
2026-07-29 20:10:20.944 Please replace `use_container_width` with `width`.

`use_container_width` will be removed after 2025-12-31.

For `use_container_width=True`, use `width='stretch'`. For `use_container_width=False`, use `width='content'`.
2026-07-29 20:10:20.980 Please replace `use_container_width` with `width`.

`use_container_width` will be removed after 2025-12-31.

For `use_container_width=True`, use `width='stretch'`. For `use_container_width=False`, use `width='content'`.
2026-07-29 20:10:21.016 Please replace `use_container_width` with `width`.

`use_container_width` will be removed after 2025-12-31.

For `use_container_width=True`, use `width='stretch'`. For `use_container_width=False`, use `width='content'`.
2026-07-29 20:10:21.052 Please replace `use_container_width` with `width`.

`use_container_width` will be removed after 2025-12-31.

For `use_container_width=True`, use `width='stretch'`. For `use_container_width=False`, use `width='content'`.
2026-07-29 20:10:21.088 Please replace `use_container_width` with `width`.

`use_container_width` will be removed after 2025-12-31.

For `use_container_width=True`, use `width='stretch'`. For `use_container_width=False`, use `width='content'`.
2026-07-29 20:10:21.123 Please replace `use_container_width` with `width`.

`use_container_width` will be removed after 2025-12-31.

For `use_container_width=True`, use `width='stretch'`. For `use_container_width=False`, use `width='content'`.
2026-07-29 20:10:21.160 Please replace `use_container_width` with `width`.

`use_container_width` will be removed after 2025-12-31.

For `use_container_width=True`, use `width='stretch'`. For `use_container_width=False`, use `width='content'`.
2026-07-29 20:10:21.195 Please replace `use_container_width` with `width`.

`use_container_width` will be removed after 2025-12-31.

For `use_container_width=True`, use `width='stretch'`. For `use_container_width=False`, use `width='content'`.
2026-07-29 20:10:21.232 Please replace `use_container_width` with `width`.

`use_container_width` will be removed after 2025-12-31.

For `use_container_width=True`, use `width='stretch'`. For `use_container_width=False`, use `width='content'`.
2026-07-29 20:10:21.268 Please replace `use_container_width` with `width`.

`use_container_width` will be removed after 2025-12-31.

For `use_container_width=True`, use `width='stretch'`. For `use_container_width=False`, use `width='content'`.
2026-07-29 20:10:21.304 Please replace `use_container_width` with `width`.

`use_container_width` will be removed after 2025-12-31.

For `use_container_width=True`, use `width='stretch'`. For `use_container_width=False`, use `width='content'`.
2026-07-29 20:10:21.339 Please replace `use_container_width` with `width`.

`use_container_width` will be removed after 2025-12-31.

For `use_container_width=True`, use `width='stretch'`. For `use_container_width=False`, use `width='content'`.
2026-07-29 20:10:21.373 Please replace `use_container_width` with `width`.

`use_container_width` will be removed after 2025-12-31.

For `use_container_width=True`, use `width='stretch'`. For `use_container_width=False`, use `width='content'`.
2026-07-29 20:10:21.410 Please replace `use_container_width` with `width`.

`use_container_width` will be removed after 2025-12-31.

For `use_container_width=True`, use `width='stretch'`. For `use_container_width=False`, use `width='content'`.
2026-07-29 20:10:21.445 Please replace `use_container_width` with `width`.

`use_container_width` will be removed after 2025-12-31.

For `use_container_width=True`, use `width='stretch'`. For `use_container_width=False`, use `width='content'`.
2026-07-29 20:10:21.481 Please replace `use_container_width` with `width`.

`use_container_width` will be removed after 2025-12-31.

For `use_container_width=True`, use `width='stretch'`. For `use_container_width=False`, use `width='content'`.
2026-07-29 20:10:21.494 Please replace `use_container_width` with `width`.

`use_container_width` will be removed after 2025-12-31.

For `use_container_width=True`, use `width='stretch'`. For `use_container_width=False`, use `width='content'`.
2026-07-29 20:10:21.495 Please replace `use_container_width` with `width`.

`use_container_width` will be removed after 2025-12-31.

For `use_container_width=True`, use `width='stretch'`. For `use_container_width=False`, use `width='content'`.
2026-07-29 20:10:21.525 Please replace `use_container_width` with `width`.

`use_container_width` will be removed after 2025-12-31.

For `use_container_width=True`, use `width='stretch'`. For `use_container_width=False`, use `width='content'`.
2026-07-29 20:10:21.560 Please replace `use_container_width` with `width`.

`use_container_width` will be removed after 2025-12-31.

For `use_container_width=True`, use `width='stretch'`. For `use_container_width=False`, use `width='content'`.
2026-07-29 20:10:21.596 Please replace `use_container_width` with `width`.

`use_container_width` will be removed after 2025-12-31.

For `use_container_width=True`, use `width='stretch'`. For `use_container_width=False`, use `width='content'`.
2026-07-29 20:10:21.631 Please replace `use_container_width` with `width`.

`use_container_width` will be removed after 2025-12-31.

For `use_container_width=True`, use `width='stretch'`. For `use_container_width=False`, use `width='content'`.
2026-07-29 20:10:21.667 Please replace `use_container_width` with `width`.

`use_container_width` will be removed after 2025-12-31.

For `use_container_width=True`, use `width='stretch'`. For `use_container_width=False`, use `width='content'`.
2026-07-29 20:10:21.703 Please replace `use_container_width` with `width`.

`use_container_width` will be removed after 2025-12-31.

For `use_container_width=True`, use `width='stretch'`. For `use_container_width=False`, use `width='content'`.
2026-07-29 20:10:21.739 Please replace `use_container_width` with `width`.

`use_container_width` will be removed after 2025-12-31.

For `use_container_width=True`, use `width='stretch'`. For `use_container_width=False`, use `width='content'`.
2026-07-29 20:10:21.774 Please replace `use_container_width` with `width`.

`use_container_width` will be removed after 2025-12-31.

For `use_container_width=True`, use `width='stretch'`. For `use_container_width=False`, use `width='content'`.
2026-07-29 20:10:21.809 Please replace `use_container_width` with `width`.

`use_container_width` will be removed after 2025-12-31.

For `use_container_width=True`, use `width='stretch'`. For `use_container_width=False`, use `width='content'`.
2026-07-29 20:10:21.845 Please replace `use_container_width` with `width`.

`use_container_width` will be removed after 2025-12-31.

For `use_container_width=True`, use `width='stretch'`. For `use_container_width=False`, use `width='content'`.
2026-07-29 20:10:21.882 Please replace `use_container_width` with `width`.

`use_container_width` will be removed after 2025-12-31.

For `use_container_width=True`, use `width='stretch'`. For `use_container_width=False`, use `width='content'`.
2026-07-29 20:10:21.919 Please replace `use_container_width` with `width`.

`use_container_width` will be removed after 2025-12-31.

For `use_container_width=True`, use `width='stretch'`. For `use_container_width=False`, use `width='content'`.
2026-07-29 20:10:21.954 Please replace `use_container_width` with `width`.

`use_container_width` will be removed after 2025-12-31.

For `use_container_width=True`, use `width='stretch'`. For `use_container_width=False`, use `width='content'`.
2026-07-29 20:10:21.991 Please replace `use_container_width` with `width`.

`use_container_width` will be removed after 2025-12-31.

For `use_container_width=True`, use `width='stretch'`. For `use_container_width=False`, use `width='content'`.
2026-07-29 20:10:22.026 Please replace `use_container_width` with `width`.

`use_container_width` will be removed after 2025-12-31.

For `use_container_width=True`, use `width='stretch'`. For `use_container_width=False`, use `width='content'`.
2026-07-29 20:10:22.062 Please replace `use_container_width` with `width`.

`use_container_width` will be removed after 2025-12-31.

For `use_container_width=True`, use `width='stretch'`. For `use_container_width=False`, use `width='content'`.
2026-07-29 20:10:22.099 Please replace `use_container_width` with `width`.

`use_container_width` will be removed after 2025-12-31.

For `use_container_width=True`, use `width='stretch'`. For `use_container_width=False`, use `width='content'`.
2026-07-29 20:10:22.135 Please replace `use_container_width` with `width`.

`use_container_width` will be removed after 2025-12-31.

For `use_container_width=True`, use `width='stretch'`. For `use_container_width=False`, use `width='content'`.
2026-07-29 20:10:22.173 Please replace `use_container_width` with `width`.

`use_container_width` will be removed after 2025-12-31.

For `use_container_width=True`, use `width='stretch'`. For `use_container_width=False`, use `width='content'`.
2026-07-29 20:10:22.208 Please replace `use_container_width` with `width`.

`use_container_width` will be removed after 2025-12-31.

For `use_container_width=True`, use `width='stretch'`. For `use_container_width=False`, use `width='content'`.
2026-07-29 20:10:22.246 Please replace `use_container_width` with `width`.

`use_container_width` will be removed after 2025-12-31.

For `use_container_width=True`, use `width='stretch'`. For `use_container_width=False`, use `width='content'`.
2026-07-29 20:10:22.281 Please replace `use_container_width` with `width`.

`use_container_width` will be removed after 2025-12-31.

For `use_container_width=True`, use `width='stretch'`. For `use_container_width=False`, use `width='content'`.
2026-07-29 20:10:22.319 Please replace `use_container_width` with `width`.

`use_container_width` will be removed after 2025-12-31.

For `use_container_width=True`, use `width='stretch'`. For `use_container_width=False`, use `width='content'`.
2026-07-29 20:10:22.355 Please replace `use_container_width` with `width`.

`use_container_width` will be removed after 2025-12-31.

For `use_container_width=True`, use `width='stretch'`. For `use_container_width=False`, use `width='content'`.
2026-07-29 20:10:22.390 Please replace `use_container_width` with `width`.

`use_container_width` will be removed after 2025-12-31.

For `use_container_width=True`, use `width='stretch'`. For `use_container_width=False`, use `width='content'`.
2026-07-29 20:10:22.426 Please replace `use_container_width` with `width`.

`use_container_width` will be removed after 2025-12-31.

For `use_container_width=True`, use `width='stretch'`. For `use_container_width=False`, use `width='content'`.
2026-07-29 20:10:22.463 Please replace `use_container_width` with `width`.

`use_container_width` will be removed after 2025-12-31.

For `use_container_width=True`, use `width='stretch'`. For `use_container_width=False`, use `width='content'`.
2026-07-29 20:10:22.499 Please replace `use_container_width` with `width`.

`use_container_width` will be removed after 2025-12-31.

For `use_container_width=True`, use `width='stretch'`. For `use_container_width=False`, use `width='content'`.
2026-07-29 20:10:22.511 Please replace `use_container_width` with `width`.

`use_container_width` will be removed after 2025-12-31.

For `use_container_width=True`, use `width='stretch'`. For `use_container_width=False`, use `width='content'`.
2026-07-29 20:10:22.512 Please replace `use_container_width` with `width`.

`use_container_width` will be removed after 2025-12-31.

For `use_container_width=True`, use `width='stretch'`. For `use_container_width=False`, use `width='content'`.
2026-07-29 20:10:22.543 Please replace `use_container_width` with `width`.

`use_container_width` will be removed after 2025-12-31.

For `use_container_width=True`, use `width='stretch'`. For `use_container_width=False`, use `width='content'`.
2026-07-29 20:10:22.579 Please replace `use_container_width` with `width`.

`use_container_width` will be removed after 2025-12-31.

For `use_container_width=True`, use `width='stretch'`. For `use_container_width=False`, use `width='content'`.
2026-07-29 20:10:22.615 Please replace `use_container_width` with `width`.

`use_container_width` will be removed after 2025-12-31.

For `use_container_width=True`, use `width='stretch'`. For `use_container_width=False`, use `width='content'`.
2026-07-29 20:10:22.649 Please replace `use_container_width` with `width`.

`use_container_width` will be removed after 2025-12-31.

For `use_container_width=True`, use `width='stretch'`. For `use_container_width=False`, use `width='content'`.
2026-07-29 20:10:22.685 Please replace `use_container_width` with `width`.

`use_container_width` will be removed after 2025-12-31.

For `use_container_width=True`, use `width='stretch'`. For `use_container_width=False`, use `width='content'`.
2026-07-29 20:10:22.721 Please replace `use_container_width` with `width`.

`use_container_width` will be removed after 2025-12-31.

For `use_container_width=True`, use `width='stretch'`. For `use_container_width=False`, use `width='content'`.
2026-07-29 20:10:22.756 Please replace `use_container_width` with `width`.

`use_container_width` will be removed after 2025-12-31.

For `use_container_width=True`, use `width='stretch'`. For `use_container_width=False`, use `width='content'`.
2026-07-29 20:10:22.791 Please replace `use_container_width` with `width`.

`use_container_width` will be removed after 2025-12-31.

For `use_container_width=True`, use `width='stretch'`. For `use_container_width=False`, use `width='content'`.
2026-07-29 20:10:22.827 Please replace `use_container_width` with `width`.

`use_container_width` will be removed after 2025-12-31.

For `use_container_width=True`, use `width='stretch'`. For `use_container_width=False`, use `width='content'`.
2026-07-29 20:10:22.862 Please replace `use_container_width` with `width`.

`use_container_width` will be removed after 2025-12-31.

For `use_container_width=True`, use `width='stretch'`. For `use_container_width=False`, use `width='content'`.
2026-07-29 20:10:22.898 Please replace `use_container_width` with `width`.

`use_container_width` will be removed after 2025-12-31.

For `use_container_width=True`, use `width='stretch'`. For `use_container_width=False`, use `width='content'`.
2026-07-29 20:10:22.934 Please replace `use_container_width` with `width`.

`use_container_width` will be removed after 2025-12-31.

For `use_container_width=True`, use `width='stretch'`. For `use_container_width=False`, use `width='content'`.
2026-07-29 20:10:22.969 Please replace `use_container_width` with `width`.

`use_container_width` will be removed after 2025-12-31.

For `use_container_width=True`, use `width='stretch'`. For `use_container_width=False`, use `width='content'`.
2026-07-29 20:10:23.005 Please replace `use_container_width` with `width`.

`use_container_width` will be removed after 2025-12-31.

For `use_container_width=True`, use `width='stretch'`. For `use_container_width=False`, use `width='content'`.
2026-07-29 20:10:23.041 Please replace `use_container_width` with `width`.

`use_container_width` will be removed after 2025-12-31.

For `use_container_width=True`, use `width='stretch'`. For `use_container_width=False`, use `width='content'`.
2026-07-29 20:10:23.087 Please replace `use_container_width` with `width`.

`use_container_width` will be removed after 2025-12-31.

For `use_container_width=True`, use `width='stretch'`. For `use_container_width=False`, use `width='content'`.
2026-07-29 20:10:23.122 Please replace `use_container_width` with `width`.

`use_container_width` will be removed after 2025-12-31.

For `use_container_width=True`, use `width='stretch'`. For `use_container_width=False`, use `width='content'`.
2026-07-29 20:10:23.156 Please replace `use_container_width` with `width`.

`use_container_width` will be removed after 2025-12-31.

For `use_container_width=True`, use `width='stretch'`. For `use_container_width=False`, use `width='content'`.
2026-07-29 20:10:23.190 Please replace `use_container_width` with `width`.

`use_container_width` will be removed after 2025-12-31.

For `use_container_width=True`, use `width='stretch'`. For `use_container_width=False`, use `width='content'`.
2026-07-29 20:10:23.226 Please replace `use_container_width` with `width`.

`use_container_width` will be removed after 2025-12-31.

For `use_container_width=True`, use `width='stretch'`. For `use_container_width=False`, use `width='content'`.
2026-07-29 20:10:23.261 Please replace `use_container_width` with `width`.

`use_container_width` will be removed after 2025-12-31.

For `use_container_width=True`, use `width='stretch'`. For `use_container_width=False`, use `width='content'`.
2026-07-29 20:10:23.296 Please replace `use_container_width` with `width`.

`use_container_width` will be removed after 2025-12-31.

For `use_container_width=True`, use `width='stretch'`. For `use_container_width=False`, use `width='content'`.
2026-07-29 20:10:23.330 Please replace `use_container_width` with `width`.

`use_container_width` will be removed after 2025-12-31.

For `use_container_width=True`, use `width='stretch'`. For `use_container_width=False`, use `width='content'`.
2026-07-29 20:10:23.367 Please replace `use_container_width` with `width`.

`use_container_width` will be removed after 2025-12-31.

For `use_container_width=True`, use `width='stretch'`. For `use_container_width=False`, use `width='content'`.
2026-07-29 20:10:23.403 Please replace `use_container_width` with `width`.

`use_container_width` will be removed after 2025-12-31.

For `use_container_width=True`, use `width='stretch'`. For `use_container_width=False`, use `width='content'`.
2026-07-29 20:10:23.437 Please replace `use_container_width` with `width`.

`use_container_width` will be removed after 2025-12-31.

For `use_container_width=True`, use `width='stretch'`. For `use_container_width=False`, use `width='content'`.
2026-07-29 20:10:23.472 Please replace `use_container_width` with `width`.

`use_container_width` will be removed after 2025-12-31.

For `use_container_width=True`, use `width='stretch'`. For `use_container_width=False`, use `width='content'`.
2026-07-29 20:10:23.506 Please replace `use_container_width` with `width`.

`use_container_width` will be removed after 2025-12-31.

For `use_container_width=True`, use `width='stretch'`. For `use_container_width=False`, use `width='content'`.
2026-07-29 20:10:23.518 Please replace `use_container_width` with `width`.

`use_container_width` will be removed after 2025-12-31.

For `use_container_width=True`, use `width='stretch'`. For `use_container_width=False`, use `width='content'`.
2026-07-29 20:10:23.520 Please replace `use_container_width` with `width`.

`use_container_width` will be removed after 2025-12-31.

For `use_container_width=True`, use `width='stretch'`. For `use_container_width=False`, use `width='content'`.
2026-07-29 20:10:23.550 Please replace `use_container_width` with `width`.

`use_container_width` will be removed after 2025-12-31.

For `use_container_width=True`, use `width='stretch'`. For `use_container_width=False`, use `width='content'`.
2026-07-29 20:10:23.586 Please replace `use_container_width` with `width`.

`use_container_width` will be removed after 2025-12-31.

For `use_container_width=True`, use `width='stretch'`. For `use_container_width=False`, use `width='content'`.
2026-07-29 20:10:23.621 Please replace `use_container_width` with `width`.

`use_container_width` will be removed after 2025-12-31.

For `use_container_width=True`, use `width='stretch'`. For `use_container_width=False`, use `width='content'`.
2026-07-29 20:10:23.657 Please replace `use_container_width` with `width`.

`use_container_width` will be removed after 2025-12-31.

For `use_container_width=True`, use `width='stretch'`. For `use_container_width=False`, use `width='content'`.
2026-07-29 20:10:23.691 Please replace `use_container_width` with `width`.

`use_container_width` will be removed after 2025-12-31.

For `use_container_width=True`, use `width='stretch'`. For `use_container_width=False`, use `width='content'`.
2026-07-29 20:10:23.725 Please replace `use_container_width` with `width`.

`use_container_width` will be removed after 2025-12-31.

For `use_container_width=True`, use `width='stretch'`. For `use_container_width=False`, use `width='content'`.
2026-07-29 20:10:23.761 Please replace `use_container_width` with `width`.

`use_container_width` will be removed after 2025-12-31.

For `use_container_width=True`, use `width='stretch'`. For `use_container_width=False`, use `width='content'`.
2026-07-29 20:10:23.797 Please replace `use_container_width` with `width`.

`use_container_width` will be removed after 2025-12-31.

For `use_container_width=True`, use `width='stretch'`. For `use_container_width=False`, use `width='content'`.
2026-07-29 20:10:23.832 Please replace `use_container_width` with `width`.

`use_container_width` will be removed after 2025-12-31.

For `use_container_width=True`, use `width='stretch'`. For `use_container_width=False`, use `width='content'`.
2026-07-29 20:10:23.867 Please replace `use_container_width` with `width`.

`use_container_width` will be removed after 2025-12-31.

For `use_container_width=True`, use `width='stretch'`. For `use_container_width=False`, use `width='content'`.
2026-07-29 20:10:23.903 Please replace `use_container_width` with `width`.

`use_container_width` will be removed after 2025-12-31.

For `use_container_width=True`, use `width='stretch'`. For `use_container_width=False`, use `width='content'`.
2026-07-29 20:10:23.938 Please replace `use_container_width` with `width`.

`use_container_width` will be removed after 2025-12-31.

For `use_container_width=True`, use `width='stretch'`. For `use_container_width=False`, use `width='content'`.
2026-07-29 20:10:23.972 Please replace `use_container_width` with `width`.

`use_container_width` will be removed after 2025-12-31.

For `use_container_width=True`, use `width='stretch'`. For `use_container_width=False`, use `width='content'`.
2026-07-29 20:10:24.007 Please replace `use_container_width` with `width`.

`use_container_width` will be removed after 2025-12-31.

For `use_container_width=True`, use `width='stretch'`. For `use_container_width=False`, use `width='content'`.
2026-07-29 20:10:24.044 Please replace `use_container_width` with `width`.

`use_container_width` will be removed after 2025-12-31.

For `use_container_width=True`, use `width='stretch'`. For `use_container_width=False`, use `width='content'`.
2026-07-29 20:10:24.078 Please replace `use_container_width` with `width`.

`use_container_width` will be removed after 2025-12-31.

For `use_container_width=True`, use `width='stretch'`. For `use_container_width=False`, use `width='content'`.
2026-07-29 20:10:24.113 Please replace `use_container_width` with `width`.

`use_container_width` will be removed after 2025-12-31.

For `use_container_width=True`, use `width='stretch'`. For `use_container_width=False`, use `width='content'`.
2026-07-29 20:10:24.149 Please replace `use_container_width` with `width`.

`use_container_width` will be removed after 2025-12-31.

For `use_container_width=True`, use `width='stretch'`. For `use_container_width=False`, use `width='content'`.
2026-07-29 20:10:24.186 Please replace `use_container_width` with `width`.

`use_container_width` will be removed after 2025-12-31.

For `use_container_width=True`, use `width='stretch'`. For `use_container_width=False`, use `width='content'`.
2026-07-29 20:10:24.221 Please replace `use_container_width` with `width`.

`use_container_width` will be removed after 2025-12-31.

For `use_container_width=True`, use `width='stretch'`. For `use_container_width=False`, use `width='content'`.
2026-07-29 20:10:24.255 Please replace `use_container_width` with `width`.

`use_container_width` will be removed after 2025-12-31.

For `use_container_width=True`, use `width='stretch'`. For `use_container_width=False`, use `width='content'`.
2026-07-29 20:10:24.290 Please replace `use_container_width` with `width`.

`use_container_width` will be removed after 2025-12-31.

For `use_container_width=True`, use `width='stretch'`. For `use_container_width=False`, use `width='content'`.
2026-07-29 20:10:24.324 Please replace `use_container_width` with `width`.

`use_container_width` will be removed after 2025-12-31.

For `use_container_width=True`, use `width='stretch'`. For `use_container_width=False`, use `width='content'`.
2026-07-29 20:10:24.359 Please replace `use_container_width` with `width`.

`use_container_width` will be removed after 2025-12-31.

For `use_container_width=True`, use `width='stretch'`. For `use_container_width=False`, use `width='content'`.
2026-07-29 20:10:24.394 Please replace `use_container_width` with `width`.

`use_container_width` will be removed after 2025-12-31.

For `use_container_width=True`, use `width='stretch'`. For `use_container_width=False`, use `width='content'`.
2026-07-29 20:10:24.430 Please replace `use_container_width` with `width`.

`use_container_width` will be removed after 2025-12-31.

For `use_container_width=True`, use `width='stretch'`. For `use_container_width=False`, use `width='content'`.
2026-07-29 20:10:24.465 Please replace `use_container_width` with `width`.

`use_container_width` will be removed after 2025-12-31.

For `use_container_width=True`, use `width='stretch'`. For `use_container_width=False`, use `width='content'`.
2026-07-29 20:10:24.501 Please replace `use_container_width` with `width`.

`use_container_width` will be removed after 2025-12-31.

For `use_container_width=True`, use `width='stretch'`. For `use_container_width=False`, use `width='content'`.
2026-07-29 20:10:24.536 Please replace `use_container_width` with `width`.

`use_container_width` will be removed after 2025-12-31.

For `use_container_width=True`, use `width='stretch'`. For `use_container_width=False`, use `width='content'`.
2026-07-29 20:10:24.548 Please replace `use_container_width` with `width`.

`use_container_width` will be removed after 2025-12-31.

For `use_container_width=True`, use `width='stretch'`. For `use_container_width=False`, use `width='content'`.
2026-07-29 20:10:24.549 Please replace `use_container_width` with `width`.

`use_container_width` will be removed after 2025-12-31.

For `use_container_width=True`, use `width='stretch'`. For `use_container_width=False`, use `width='content'`.
2026-07-29 20:10:24.578 Please replace `use_container_width` with `width`.

`use_container_width` will be removed after 2025-12-31.

For `use_container_width=True`, use `width='stretch'`. For `use_container_width=False`, use `width='content'`.
2026-07-29 20:10:24.612 Please replace `use_container_width` with `width`.

`use_container_width` will be removed after 2025-12-31.

For `use_container_width=True`, use `width='stretch'`. For `use_container_width=False`, use `width='content'`.
2026-07-29 20:10:24.647 Please replace `use_container_width` with `width`.

`use_container_width` will be removed after 2025-12-31.

For `use_container_width=True`, use `width='stretch'`. For `use_container_width=False`, use `width='content'`.
2026-07-29 20:10:24.683 Please replace `use_container_width` with `width`.

`use_container_width` will be removed after 2025-12-31.

For `use_container_width=True`, use `width='stretch'`. For `use_container_width=False`, use `width='content'`.
2026-07-29 20:10:24.718 Please replace `use_container_width` with `width`.

`use_container_width` will be removed after 2025-12-31.

For `use_container_width=True`, use `width='stretch'`. For `use_container_width=False`, use `width='content'`.
2026-07-29 20:10:24.754 Please replace `use_container_width` with `width`.

`use_container_width` will be removed after 2025-12-31.

For `use_container_width=True`, use `width='stretch'`. For `use_container_width=False`, use `width='content'`.
2026-07-29 20:10:24.788 Please replace `use_container_width` with `width`.

`use_container_width` will be removed after 2025-12-31.

For `use_container_width=True`, use `width='stretch'`. For `use_container_width=False`, use `width='content'`.
2026-07-29 20:10:24.822 Please replace `use_container_width` with `width`.

`use_container_width` will be removed after 2025-12-31.

For `use_container_width=True`, use `width='stretch'`. For `use_container_width=False`, use `width='content'`.
2026-07-29 20:10:24.859 Please replace `use_container_width` with `width`.

`use_container_width` will be removed after 2025-12-31.

For `use_container_width=True`, use `width='stretch'`. For `use_container_width=False`, use `width='content'`.
2026-07-29 20:10:24.895 Please replace `use_container_width` with `width`.

`use_container_width` will be removed after 2025-12-31.

For `use_container_width=True`, use `width='stretch'`. For `use_container_width=False`, use `width='content'`.
2026-07-29 20:10:24.930 Please replace `use_container_width` with `width`.

`use_container_width` will be removed after 2025-12-31.

For `use_container_width=True`, use `width='stretch'`. For `use_container_width=False`, use `width='content'`.
2026-07-29 20:10:24.965 Please replace `use_container_width` with `width`.

`use_container_width` will be removed after 2025-12-31.

For `use_container_width=True`, use `width='stretch'`. For `use_container_width=False`, use `width='content'`.
2026-07-29 20:10:25.000 Please replace `use_container_width` with `width`.

`use_container_width` will be removed after 2025-12-31.

For `use_container_width=True`, use `width='stretch'`. For `use_container_width=False`, use `width='content'`.
2026-07-29 20:10:25.034 Please replace `use_container_width` with `width`.

`use_container_width` will be removed after 2025-12-31.

For `use_container_width=True`, use `width='stretch'`. For `use_container_width=False`, use `width='content'`.
2026-07-29 20:10:25.071 Please replace `use_container_width` with `width`.

`use_container_width` will be removed after 2025-12-31.

For `use_container_width=True`, use `width='stretch'`. For `use_container_width=False`, use `width='content'`.
2026-07-29 20:10:25.107 Please replace `use_container_width` with `width`.

`use_container_width` will be removed after 2025-12-31.

For `use_container_width=True`, use `width='stretch'`. For `use_container_width=False`, use `width='content'`.
2026-07-29 20:10:25.141 Please replace `use_container_width` with `width`.

`use_container_width` will be removed after 2025-12-31.

For `use_container_width=True`, use `width='stretch'`. For `use_container_width=False`, use `width='content'`.
2026-07-29 20:10:25.176 Please replace `use_container_width` with `width`.

`use_container_width` will be removed after 2025-12-31.

For `use_container_width=True`, use `width='stretch'`. For `use_container_width=False`, use `width='content'`.
2026-07-29 20:10:25.210 Please replace `use_container_width` with `width`.

`use_container_width` will be removed after 2025-12-31.

For `use_container_width=True`, use `width='stretch'`. For `use_container_width=False`, use `width='content'`.
2026-07-29 20:10:25.246 Please replace `use_container_width` with `width`.

`use_container_width` will be removed after 2025-12-31.

For `use_container_width=True`, use `width='stretch'`. For `use_container_width=False`, use `width='content'`.
2026-07-29 20:10:25.282 Please replace `use_container_width` with `width`.

`use_container_width` will be removed after 2025-12-31.

For `use_container_width=True`, use `width='stretch'`. For `use_container_width=False`, use `width='content'`.
2026-07-29 20:10:25.318 Please replace `use_container_width` with `width`.

`use_container_width` will be removed after 2025-12-31.

For `use_container_width=True`, use `width='stretch'`. For `use_container_width=False`, use `width='content'`.
2026-07-29 20:10:25.354 Please replace `use_container_width` with `width`.

`use_container_width` will be removed after 2025-12-31.

For `use_container_width=True`, use `width='stretch'`. For `use_container_width=False`, use `width='content'`.
2026-07-29 20:10:25.391 Please replace `use_container_width` with `width`.

`use_container_width` will be removed after 2025-12-31.

For `use_container_width=True`, use `width='stretch'`. For `use_container_width=False`, use `width='content'`.
2026-07-29 20:10:25.426 Please replace `use_container_width` with `width`.

`use_container_width` will be removed after 2025-12-31.

For `use_container_width=True`, use `width='stretch'`. For `use_container_width=False`, use `width='content'`.
2026-07-29 20:10:25.464 Please replace `use_container_width` with `width`.

`use_container_width` will be removed after 2025-12-31.

For `use_container_width=True`, use `width='stretch'`. For `use_container_width=False`, use `width='content'`.
2026-07-29 20:10:25.501 Please replace `use_container_width` with `width`.

`use_container_width` will be removed after 2025-12-31.

For `use_container_width=True`, use `width='stretch'`. For `use_container_width=False`, use `width='content'`.
2026-07-29 20:10:25.539 Please replace `use_container_width` with `width`.

`use_container_width` will be removed after 2025-12-31.

For `use_container_width=True`, use `width='stretch'`. For `use_container_width=False`, use `width='content'`.
2026-07-29 20:10:25.552 Please replace `use_container_width` with `width`.

`use_container_width` will be removed after 2025-12-31.

For `use_container_width=True`, use `width='stretch'`. For `use_container_width=False`, use `width='content'`.
2026-07-29 20:10:25.553 Please replace `use_container_width` with `width`.

`use_container_width` will be removed after 2025-12-31.

For `use_container_width=True`, use `width='stretch'`. For `use_container_width=False`, use `width='content'`.
2026-07-29 20:10:25.586 Please replace `use_container_width` with `width`.

`use_container_width` will be removed after 2025-12-31.

For `use_container_width=True`, use `width='stretch'`. For `use_container_width=False`, use `width='content'`.
2026-07-29 20:10:25.622 Please replace `use_container_width` with `width`.

`use_container_width` will be removed after 2025-12-31.

For `use_container_width=True`, use `width='stretch'`. For `use_container_width=False`, use `width='content'`.
2026-07-29 20:10:25.659 Please replace `use_container_width` with `width`.

`use_container_width` will be removed after 2025-12-31.

For `use_container_width=True`, use `width='stretch'`. For `use_container_width=False`, use `width='content'`.
2026-07-29 20:10:25.697 Please replace `use_container_width` with `width`.

`use_container_width` will be removed after 2025-12-31.

For `use_container_width=True`, use `width='stretch'`. For `use_container_width=False`, use `width='content'`.
2026-07-29 20:10:25.735 Please replace `use_container_width` with `width`.

`use_container_width` will be removed after 2025-12-31.

For `use_container_width=True`, use `width='stretch'`. For `use_container_width=False`, use `width='content'`.
2026-07-29 20:10:25.772 Please replace `use_container_width` with `width`.

`use_container_width` will be removed after 2025-12-31.

For `use_container_width=True`, use `width='stretch'`. For `use_container_width=False`, use `width='content'`.
2026-07-29 20:10:25.810 Please replace `use_container_width` with `width`.

`use_container_width` will be removed after 2025-12-31.

For `use_container_width=True`, use `width='stretch'`. For `use_container_width=False`, use `width='content'`.
2026-07-29 20:10:25.847 Please replace `use_container_width` with `width`.

`use_container_width` will be removed after 2025-12-31.

For `use_container_width=True`, use `width='stretch'`. For `use_container_width=False`, use `width='content'`.
2026-07-29 20:10:25.885 Please replace `use_container_width` with `width`.

`use_container_width` will be removed after 2025-12-31.

For `use_container_width=True`, use `width='stretch'`. For `use_container_width=False`, use `width='content'`.
2026-07-29 20:10:25.922 Please replace `use_container_width` with `width`.

`use_container_width` will be removed after 2025-12-31.

For `use_container_width=True`, use `width='stretch'`. For `use_container_width=False`, use `width='content'`.
2026-07-29 20:10:25.961 Please replace `use_container_width` with `width`.

`use_container_width` will be removed after 2025-12-31.

For `use_container_width=True`, use `width='stretch'`. For `use_container_width=False`, use `width='content'`.
2026-07-29 20:10:25.998 Please replace `use_container_width` with `width`.

`use_container_width` will be removed after 2025-12-31.

For `use_container_width=True`, use `width='stretch'`. For `use_container_width=False`, use `width='content'`.
2026-07-29 20:10:26.033 Please replace `use_container_width` with `width`.

`use_container_width` will be removed after 2025-12-31.

For `use_container_width=True`, use `width='stretch'`. For `use_container_width=False`, use `width='content'`.
2026-07-29 20:10:26.070 Please replace `use_container_width` with `width`.

`use_container_width` will be removed after 2025-12-31.

For `use_container_width=True`, use `width='stretch'`. For `use_container_width=False`, use `width='content'`.
2026-07-29 20:10:26.106 Please replace `use_container_width` with `width`.

`use_container_width` will be removed after 2025-12-31.

For `use_container_width=True`, use `width='stretch'`. For `use_container_width=False`, use `width='content'`.
2026-07-29 20:10:26.143 Please replace `use_container_width` with `width`.

`use_container_width` will be removed after 2025-12-31.

For `use_container_width=True`, use `width='stretch'`. For `use_container_width=False`, use `width='content'`.
2026-07-29 20:10:26.180 Please replace `use_container_width` with `width`.

`use_container_width` will be removed after 2025-12-31.

For `use_container_width=True`, use `width='stretch'`. For `use_container_width=False`, use `width='content'`.
2026-07-29 20:10:26.215 Please replace `use_container_width` with `width`.

`use_container_width` will be removed after 2025-12-31.

For `use_container_width=True`, use `width='stretch'`. For `use_container_width=False`, use `width='content'`.
2026-07-29 20:10:26.252 Please replace `use_container_width` with `width`.

`use_container_width` will be removed after 2025-12-31.

For `use_container_width=True`, use `width='stretch'`. For `use_container_width=False`, use `width='content'`.
2026-07-29 20:10:26.290 Please replace `use_container_width` with `width`.

`use_container_width` will be removed after 2025-12-31.

For `use_container_width=True`, use `width='stretch'`. For `use_container_width=False`, use `width='content'`.
2026-07-29 20:10:26.326 Please replace `use_container_width` with `width`.

`use_container_width` will be removed after 2025-12-31.

For `use_container_width=True`, use `width='stretch'`. For `use_container_width=False`, use `width='content'`.
2026-07-29 20:10:26.363 Please replace `use_container_width` with `width`.

`use_container_width` will be removed after 2025-12-31.

For `use_container_width=True`, use `width='stretch'`. For `use_container_width=False`, use `width='content'`.
2026-07-29 20:10:26.401 Please replace `use_container_width` with `width`.

`use_container_width` will be removed after 2025-12-31.

For `use_container_width=True`, use `width='stretch'`. For `use_container_width=False`, use `width='content'`.
2026-07-29 20:10:26.438 Please replace `use_container_width` with `width`.

`use_container_width` will be removed after 2025-12-31.

For `use_container_width=True`, use `width='stretch'`. For `use_container_width=False`, use `width='content'`.
2026-07-29 20:10:26.473 Please replace `use_container_width` with `width`.

`use_container_width` will be removed after 2025-12-31.

For `use_container_width=True`, use `width='stretch'`. For `use_container_width=False`, use `width='content'`.
2026-07-29 20:10:26.508 Please replace `use_container_width` with `width`.

`use_container_width` will be removed after 2025-12-31.

For `use_container_width=True`, use `width='stretch'`. For `use_container_width=False`, use `width='content'`.
2026-07-29 20:10:26.546 Please replace `use_container_width` with `width`.

`use_container_width` will be removed after 2025-12-31.

For `use_container_width=True`, use `width='stretch'`. For `use_container_width=False`, use `width='content'`.
2026-07-29 20:10:26.561 Please replace `use_container_width` with `width`.

`use_container_width` will be removed after 2025-12-31.

For `use_container_width=True`, use `width='stretch'`. For `use_container_width=False`, use `width='content'`.
2026-07-29 20:10:26.562 Please replace `use_container_width` with `width`.

`use_container_width` will be removed after 2025-12-31.

For `use_container_width=True`, use `width='stretch'`. For `use_container_width=False`, use `width='content'`.
2026-07-29 20:10:26.594 Please replace `use_container_width` with `width`.

`use_container_width` will be removed after 2025-12-31.

For `use_container_width=True`, use `width='stretch'`. For `use_container_width=False`, use `width='content'`.
2026-07-29 20:10:26.631 Please replace `use_container_width` with `width`.

`use_container_width` will be removed after 2025-12-31.

For `use_container_width=True`, use `width='stretch'`. For `use_container_width=False`, use `width='content'`.
2026-07-29 20:10:26.669 Please replace `use_container_width` with `width`.

`use_container_width` will be removed after 2025-12-31.

For `use_container_width=True`, use `width='stretch'`. For `use_container_width=False`, use `width='content'`.
2026-07-29 20:10:26.707 Please replace `use_container_width` with `width`.

`use_container_width` will be removed after 2025-12-31.

For `use_container_width=True`, use `width='stretch'`. For `use_container_width=False`, use `width='content'`.
2026-07-29 20:10:26.743 Please replace `use_container_width` with `width`.

`use_container_width` will be removed after 2025-12-31.

For `use_container_width=True`, use `width='stretch'`. For `use_container_width=False`, use `width='content'`.
2026-07-29 20:10:26.780 Please replace `use_container_width` with `width`.

`use_container_width` will be removed after 2025-12-31.

For `use_container_width=True`, use `width='stretch'`. For `use_container_width=False`, use `width='content'`.
2026-07-29 20:10:26.819 Please replace `use_container_width` with `width`.

`use_container_width` will be removed after 2025-12-31.

For `use_container_width=True`, use `width='stretch'`. For `use_container_width=False`, use `width='content'`.
2026-07-29 20:10:26.855 Please replace `use_container_width` with `width`.

`use_container_width` will be removed after 2025-12-31.

For `use_container_width=True`, use `width='stretch'`. For `use_container_width=False`, use `width='content'`.
2026-07-29 20:10:26.892 Please replace `use_container_width` with `width`.

`use_container_width` will be removed after 2025-12-31.

For `use_container_width=True`, use `width='stretch'`. For `use_container_width=False`, use `width='content'`.
2026-07-29 20:10:26.931 Please replace `use_container_width` with `width`.

`use_container_width` will be removed after 2025-12-31.

For `use_container_width=True`, use `width='stretch'`. For `use_container_width=False`, use `width='content'`.
2026-07-29 20:10:26.968 Please replace `use_container_width` with `width`.

`use_container_width` will be removed after 2025-12-31.

For `use_container_width=True`, use `width='stretch'`. For `use_container_width=False`, use `width='content'`.
2026-07-29 20:10:27.005 Please replace `use_container_width` with `width`.

`use_container_width` will be removed after 2025-12-31.

For `use_container_width=True`, use `width='stretch'`. For `use_container_width=False`, use `width='content'`.
2026-07-29 20:10:27.043 Please replace `use_container_width` with `width`.

`use_container_width` will be removed after 2025-12-31.

For `use_container_width=True`, use `width='stretch'`. For `use_container_width=False`, use `width='content'`.
2026-07-29 20:10:27.079 Please replace `use_container_width` with `width`.

`use_container_width` will be removed after 2025-12-31.

For `use_container_width=True`, use `width='stretch'`. For `use_container_width=False`, use `width='content'`.
2026-07-29 20:10:27.115 Please replace `use_container_width` with `width`.

`use_container_width` will be removed after 2025-12-31.

For `use_container_width=True`, use `width='stretch'`. For `use_container_width=False`, use `width='content'`.
2026-07-29 20:10:27.153 Please replace `use_container_width` with `width`.

`use_container_width` will be removed after 2025-12-31.

For `use_container_width=True`, use `width='stretch'`. For `use_container_width=False`, use `width='content'`.
2026-07-29 20:10:27.189 Please replace `use_container_width` with `width`.

`use_container_width` will be removed after 2025-12-31.

For `use_container_width=True`, use `width='stretch'`. For `use_container_width=False`, use `width='content'`.
2026-07-29 20:10:27.226 Please replace `use_container_width` with `width`.

`use_container_width` will be removed after 2025-12-31.

For `use_container_width=True`, use `width='stretch'`. For `use_container_width=False`, use `width='content'`.
2026-07-29 20:10:27.263 Please replace `use_container_width` with `width`.

`use_container_width` will be removed after 2025-12-31.

For `use_container_width=True`, use `width='stretch'`. For `use_container_width=False`, use `width='content'`.
2026-07-29 20:10:27.299 Please replace `use_container_width` with `width`.

`use_container_width` will be removed after 2025-12-31.

For `use_container_width=True`, use `width='stretch'`. For `use_container_width=False`, use `width='content'`.
2026-07-29 20:10:27.336 Please replace `use_container_width` with `width`.

`use_container_width` will be removed after 2025-12-31.

For `use_container_width=True`, use `width='stretch'`. For `use_container_width=False`, use `width='content'`.
2026-07-29 20:10:27.372 Please replace `use_container_width` with `width`.

`use_container_width` will be removed after 2025-12-31.

For `use_container_width=True`, use `width='stretch'`. For `use_container_width=False`, use `width='content'`.
2026-07-29 20:10:27.408 Please replace `use_container_width` with `width`.

`use_container_width` will be removed after 2025-12-31.

For `use_container_width=True`, use `width='stretch'`. For `use_container_width=False`, use `width='content'`.
2026-07-29 20:10:27.445 Please replace `use_container_width` with `width`.

`use_container_width` will be removed after 2025-12-31.

For `use_container_width=True`, use `width='stretch'`. For `use_container_width=False`, use `width='content'`.
2026-07-29 20:10:27.482 Please replace `use_container_width` with `width`.

`use_container_width` will be removed after 2025-12-31.

For `use_container_width=True`, use `width='stretch'`. For `use_container_width=False`, use `width='content'`.
2026-07-29 20:10:27.518 Please replace `use_container_width` with `width`.

`use_container_width` will be removed after 2025-12-31.

For `use_container_width=True`, use `width='stretch'`. For `use_container_width=False`, use `width='content'`.
2026-07-29 20:10:27.555 Please replace `use_container_width` with `width`.

`use_container_width` will be removed after 2025-12-31.

For `use_container_width=True`, use `width='stretch'`. For `use_container_width=False`, use `width='content'`.
2026-07-29 20:10:27.567 Please replace `use_container_width` with `width`.

`use_container_width` will be removed after 2025-12-31.

For `use_container_width=True`, use `width='stretch'`. For `use_container_width=False`, use `width='content'`.
2026-07-29 20:10:27.568 Please replace `use_container_width` with `width`.

`use_container_width` will be removed after 2025-12-31.

For `use_container_width=True`, use `width='stretch'`. For `use_container_width=False`, use `width='content'`.
2026-07-29 20:10:27.600 Please replace `use_container_width` with `width`.

`use_container_width` will be removed after 2025-12-31.

For `use_container_width=True`, use `width='stretch'`. For `use_container_width=False`, use `width='content'`.
2026-07-29 20:10:27.636 Please replace `use_container_width` with `width`.

`use_container_width` will be removed after 2025-12-31.

For `use_container_width=True`, use `width='stretch'`. For `use_container_width=False`, use `width='content'`.
2026-07-29 20:10:27.672 Please replace `use_container_width` with `width`.

`use_container_width` will be removed after 2025-12-31.

For `use_container_width=True`, use `width='stretch'`. For `use_container_width=False`, use `width='content'`.
2026-07-29 20:10:27.709 Please replace `use_container_width` with `width`.

`use_container_width` will be removed after 2025-12-31.

For `use_container_width=True`, use `width='stretch'`. For `use_container_width=False`, use `width='content'`.
2026-07-29 20:10:27.749 Please replace `use_container_width` with `width`.

`use_container_width` will be removed after 2025-12-31.

For `use_container_width=True`, use `width='stretch'`. For `use_container_width=False`, use `width='content'`.
2026-07-29 20:10:27.785 Please replace `use_container_width` with `width`.

`use_container_width` will be removed after 2025-12-31.

For `use_container_width=True`, use `width='stretch'`. For `use_container_width=False`, use `width='content'`.
2026-07-29 20:10:27.821 Please replace `use_container_width` with `width`.

`use_container_width` will be removed after 2025-12-31.

For `use_container_width=True`, use `width='stretch'`. For `use_container_width=False`, use `width='content'`.
2026-07-29 20:10:27.856 Please replace `use_container_width` with `width`.

`use_container_width` will be removed after 2025-12-31.

For `use_container_width=True`, use `width='stretch'`. For `use_container_width=False`, use `width='content'`.
2026-07-29 20:10:27.893 Please replace `use_container_width` with `width`.

`use_container_width` will be removed after 2025-12-31.

For `use_container_width=True`, use `width='stretch'`. For `use_container_width=False`, use `width='content'`.
2026-07-29 20:10:27.931 Please replace `use_container_width` with `width`.

`use_container_width` will be removed after 2025-12-31.

For `use_container_width=True`, use `width='stretch'`. For `use_container_width=False`, use `width='content'`.
2026-07-29 20:10:27.968 Please replace `use_container_width` with `width`.

`use_container_width` will be removed after 2025-12-31.

For `use_container_width=True`, use `width='stretch'`. For `use_container_width=False`, use `width='content'`.
2026-07-29 20:10:28.005 Please replace `use_container_width` with `width`.

`use_container_width` will be removed after 2025-12-31.

For `use_container_width=True`, use `width='stretch'`. For `use_container_width=False`, use `width='content'`.
2026-07-29 20:10:28.043 Please replace `use_container_width` with `width`.

`use_container_width` will be removed after 2025-12-31.

For `use_container_width=True`, use `width='stretch'`. For `use_container_width=False`, use `width='content'`.
2026-07-29 20:10:28.079 Please replace `use_container_width` with `width`.

`use_container_width` will be removed after 2025-12-31.

For `use_container_width=True`, use `width='stretch'`. For `use_container_width=False`, use `width='content'`.
2026-07-29 20:10:28.116 Please replace `use_container_width` with `width`.

`use_container_width` will be removed after 2025-12-31.

For `use_container_width=True`, use `width='stretch'`. For `use_container_width=False`, use `width='content'`.
2026-07-29 20:10:28.152 Please replace `use_container_width` with `width`.

`use_container_width` will be removed after 2025-12-31.

For `use_container_width=True`, use `width='stretch'`. For `use_container_width=False`, use `width='content'`.
2026-07-29 20:10:28.189 Please replace `use_container_width` with `width`.

`use_container_width` will be removed after 2025-12-31.

For `use_container_width=True`, use `width='stretch'`. For `use_container_width=False`, use `width='content'`.
2026-07-29 20:10:28.226 Please replace `use_container_width` with `width`.

`use_container_width` will be removed after 2025-12-31.

For `use_container_width=True`, use `width='stretch'`. For `use_container_width=False`, use `width='content'`.
2026-07-29 20:10:28.263 Please replace `use_container_width` with `width`.

`use_container_width` will be removed after 2025-12-31.

For `use_container_width=True`, use `width='stretch'`. For `use_container_width=False`, use `width='content'`.
2026-07-29 20:10:28.304 Please replace `use_container_width` with `width`.

`use_container_width` will be removed after 2025-12-31.

For `use_container_width=True`, use `width='stretch'`. For `use_container_width=False`, use `width='content'`.
2026-07-29 20:10:28.340 Please replace `use_container_width` with `width`.

`use_container_width` will be removed after 2025-12-31.

For `use_container_width=True`, use `width='stretch'`. For `use_container_width=False`, use `width='content'`.
2026-07-29 20:10:28.377 Please replace `use_container_width` with `width`.

`use_container_width` will be removed after 2025-12-31.

For `use_container_width=True`, use `width='stretch'`. For `use_container_width=False`, use `width='content'`.
2026-07-29 20:10:28.413 Please replace `use_container_width` with `width`.

`use_container_width` will be removed after 2025-12-31.

For `use_container_width=True`, use `width='stretch'`. For `use_container_width=False`, use `width='content'`.
2026-07-29 20:10:28.449 Please replace `use_container_width` with `width`.

`use_container_width` will be removed after 2025-12-31.

For `use_container_width=True`, use `width='stretch'`. For `use_container_width=False`, use `width='content'`.
2026-07-29 20:10:28.487 Please replace `use_container_width` with `width`.

`use_container_width` will be removed after 2025-12-31.

For `use_container_width=True`, use `width='stretch'`. For `use_container_width=False`, use `width='content'`.
2026-07-29 20:10:28.523 Please replace `use_container_width` with `width`.

`use_container_width` will be removed after 2025-12-31.

For `use_container_width=True`, use `width='stretch'`. For `use_container_width=False`, use `width='content'`.
2026-07-29 20:10:28.560 Please replace `use_container_width` with `width`.

`use_container_width` will be removed after 2025-12-31.

For `use_container_width=True`, use `width='stretch'`. For `use_container_width=False`, use `width='content'`.
2026-07-29 20:10:28.573 Please replace `use_container_width` with `width`.

`use_container_width` will be removed after 2025-12-31.

For `use_container_width=True`, use `width='stretch'`. For `use_container_width=False`, use `width='content'`.
2026-07-29 20:10:28.574 Please replace `use_container_width` with `width`.

`use_container_width` will be removed after 2025-12-31.

For `use_container_width=True`, use `width='stretch'`. For `use_container_width=False`, use `width='content'`.
2026-07-29 20:10:28.606 Please replace `use_container_width` with `width`.

`use_container_width` will be removed after 2025-12-31.

For `use_container_width=True`, use `width='stretch'`. For `use_container_width=False`, use `width='content'`.
2026-07-29 20:10:28.642 Please replace `use_container_width` with `width`.

`use_container_width` will be removed after 2025-12-31.

For `use_container_width=True`, use `width='stretch'`. For `use_container_width=False`, use `width='content'`.
2026-07-29 20:10:28.679 Please replace `use_container_width` with `width`.

`use_container_width` will be removed after 2025-12-31.

For `use_container_width=True`, use `width='stretch'`. For `use_container_width=False`, use `width='content'`.
2026-07-29 20:10:28.715 Please replace `use_container_width` with `width`.

`use_container_width` will be removed after 2025-12-31.

For `use_container_width=True`, use `width='stretch'`. For `use_container_width=False`, use `width='content'`.
2026-07-29 20:10:28.752 Please replace `use_container_width` with `width`.

`use_container_width` will be removed after 2025-12-31.

For `use_container_width=True`, use `width='stretch'`. For `use_container_width=False`, use `width='content'`.
2026-07-29 20:10:28.788 Please replace `use_container_width` with `width`.

`use_container_width` will be removed after 2025-12-31.

For `use_container_width=True`, use `width='stretch'`. For `use_container_width=False`, use `width='content'`.
2026-07-29 20:10:28.825 Please replace `use_container_width` with `width`.

`use_container_width` will be removed after 2025-12-31.

For `use_container_width=True`, use `width='stretch'`. For `use_container_width=False`, use `width='content'`.
2026-07-29 20:10:28.861 Please replace `use_container_width` with `width`.

`use_container_width` will be removed after 2025-12-31.

For `use_container_width=True`, use `width='stretch'`. For `use_container_width=False`, use `width='content'`.
2026-07-29 20:10:28.899 Please replace `use_container_width` with `width`.

`use_container_width` will be removed after 2025-12-31.

For `use_container_width=True`, use `width='stretch'`. For `use_container_width=False`, use `width='content'`.
2026-07-29 20:10:28.935 Please replace `use_container_width` with `width`.

`use_container_width` will be removed after 2025-12-31.

For `use_container_width=True`, use `width='stretch'`. For `use_container_width=False`, use `width='content'`.
2026-07-29 20:10:28.973 Please replace `use_container_width` with `width`.

`use_container_width` will be removed after 2025-12-31.

For `use_container_width=True`, use `width='stretch'`. For `use_container_width=False`, use `width='content'`.
2026-07-29 20:10:29.010 Please replace `use_container_width` with `width`.

`use_container_width` will be removed after 2025-12-31.

For `use_container_width=True`, use `width='stretch'`. For `use_container_width=False`, use `width='content'`.
2026-07-29 20:10:29.047 Please replace `use_container_width` with `width`.

`use_container_width` will be removed after 2025-12-31.

For `use_container_width=True`, use `width='stretch'`. For `use_container_width=False`, use `width='content'`.
2026-07-29 20:10:29.084 Please replace `use_container_width` with `width`.

`use_container_width` will be removed after 2025-12-31.

For `use_container_width=True`, use `width='stretch'`. For `use_container_width=False`, use `width='content'`.
2026-07-29 20:10:29.120 Please replace `use_container_width` with `width`.

`use_container_width` will be removed after 2025-12-31.

For `use_container_width=True`, use `width='stretch'`. For `use_container_width=False`, use `width='content'`.
2026-07-29 20:10:29.157 Please replace `use_container_width` with `width`.

`use_container_width` will be removed after 2025-12-31.

For `use_container_width=True`, use `width='stretch'`. For `use_container_width=False`, use `width='content'`.
2026-07-29 20:10:29.194 Please replace `use_container_width` with `width`.

`use_container_width` will be removed after 2025-12-31.

For `use_container_width=True`, use `width='stretch'`. For `use_container_width=False`, use `width='content'`.
2026-07-29 20:10:29.232 Please replace `use_container_width` with `width`.

`use_container_width` will be removed after 2025-12-31.

For `use_container_width=True`, use `width='stretch'`. For `use_container_width=False`, use `width='content'`.
2026-07-29 20:10:29.269 Please replace `use_container_width` with `width`.

`use_container_width` will be removed after 2025-12-31.

For `use_container_width=True`, use `width='stretch'`. For `use_container_width=False`, use `width='content'`.
2026-07-29 20:10:29.305 Please replace `use_container_width` with `width`.

`use_container_width` will be removed after 2025-12-31.

For `use_container_width=True`, use `width='stretch'`. For `use_container_width=False`, use `width='content'`.
2026-07-29 20:10:29.341 Please replace `use_container_width` with `width`.

`use_container_width` will be removed after 2025-12-31.

For `use_container_width=True`, use `width='stretch'`. For `use_container_width=False`, use `width='content'`.
2026-07-29 20:10:29.381 Please replace `use_container_width` with `width`.

`use_container_width` will be removed after 2025-12-31.

For `use_container_width=True`, use `width='stretch'`. For `use_container_width=False`, use `width='content'`.
2026-07-29 20:10:29.417 Please replace `use_container_width` with `width`.

`use_container_width` will be removed after 2025-12-31.

For `use_container_width=True`, use `width='stretch'`. For `use_container_width=False`, use `width='content'`.
2026-07-29 20:10:29.454 Please replace `use_container_width` with `width`.

`use_container_width` will be removed after 2025-12-31.

For `use_container_width=True`, use `width='stretch'`. For `use_container_width=False`, use `width='content'`.
2026-07-29 20:10:29.489 Please replace `use_container_width` with `width`.

`use_container_width` will be removed after 2025-12-31.

For `use_container_width=True`, use `width='stretch'`. For `use_container_width=False`, use `width='content'`.
2026-07-29 20:10:29.525 Please replace `use_container_width` with `width`.

`use_container_width` will be removed after 2025-12-31.

For `use_container_width=True`, use `width='stretch'`. For `use_container_width=False`, use `width='content'`.
2026-07-29 20:10:29.560 Please replace `use_container_width` with `width`.

`use_container_width` will be removed after 2025-12-31.

For `use_container_width=True`, use `width='stretch'`. For `use_container_width=False`, use `width='content'`.
2026-07-29 20:10:29.574 Please replace `use_container_width` with `width`.

`use_container_width` will be removed after 2025-12-31.

For `use_container_width=True`, use `width='stretch'`. For `use_container_width=False`, use `width='content'`.
2026-07-29 20:10:29.575 Please replace `use_container_width` with `width`.

`use_container_width` will be removed after 2025-12-31.

For `use_container_width=True`, use `width='stretch'`. For `use_container_width=False`, use `width='content'`.
2026-07-29 20:10:29.605 Please replace `use_container_width` with `width`.

`use_container_width` will be removed after 2025-12-31.

For `use_container_width=True`, use `width='stretch'`. For `use_container_width=False`, use `width='content'`.
2026-07-29 20:10:29.641 Please replace `use_container_width` with `width`.

`use_container_width` will be removed after 2025-12-31.

For `use_container_width=True`, use `width='stretch'`. For `use_container_width=False`, use `width='content'`.
2026-07-29 20:10:29.676 Please replace `use_container_width` with `width`.

`use_container_width` will be removed after 2025-12-31.

For `use_container_width=True`, use `width='stretch'`. For `use_container_width=False`, use `width='content'`.
2026-07-29 20:10:29.713 Please replace `use_container_width` with `width`.

`use_container_width` will be removed after 2025-12-31.

For `use_container_width=True`, use `width='stretch'`. For `use_container_width=False`, use `width='content'`.
2026-07-29 20:10:29.749 Please replace `use_container_width` with `width`.

`use_container_width` will be removed after 2025-12-31.

For `use_container_width=True`, use `width='stretch'`. For `use_container_width=False`, use `width='content'`.
2026-07-29 20:10:29.786 Please replace `use_container_width` with `width`.

`use_container_width` will be removed after 2025-12-31.

For `use_container_width=True`, use `width='stretch'`. For `use_container_width=False`, use `width='content'`.
2026-07-29 20:10:29.821 Please replace `use_container_width` with `width`.

`use_container_width` will be removed after 2025-12-31.

For `use_container_width=True`, use `width='stretch'`. For `use_container_width=False`, use `width='content'`.
2026-07-29 20:10:29.857 Please replace `use_container_width` with `width`.

`use_container_width` will be removed after 2025-12-31.

For `use_container_width=True`, use `width='stretch'`. For `use_container_width=False`, use `width='content'`.
2026-07-29 20:10:29.893 Please replace `use_container_width` with `width`.

`use_container_width` will be removed after 2025-12-31.

For `use_container_width=True`, use `width='stretch'`. For `use_container_width=False`, use `width='content'`.
2026-07-29 20:10:29.929 Please replace `use_container_width` with `width`.

`use_container_width` will be removed after 2025-12-31.

For `use_container_width=True`, use `width='stretch'`. For `use_container_width=False`, use `width='content'`.
2026-07-29 20:10:29.965 Please replace `use_container_width` with `width`.

`use_container_width` will be removed after 2025-12-31.

For `use_container_width=True`, use `width='stretch'`. For `use_container_width=False`, use `width='content'`.
2026-07-29 20:10:30.001 Please replace `use_container_width` with `width`.

`use_container_width` will be removed after 2025-12-31.

For `use_container_width=True`, use `width='stretch'`. For `use_container_width=False`, use `width='content'`.
2026-07-29 20:10:30.036 Please replace `use_container_width` with `width`.

`use_container_width` will be removed after 2025-12-31.

For `use_container_width=True`, use `width='stretch'`. For `use_container_width=False`, use `width='content'`.
2026-07-29 20:10:30.072 Please replace `use_container_width` with `width`.

`use_container_width` will be removed after 2025-12-31.

For `use_container_width=True`, use `width='stretch'`. For `use_container_width=False`, use `width='content'`.
2026-07-29 20:10:30.108 Please replace `use_container_width` with `width`.

`use_container_width` will be removed after 2025-12-31.

For `use_container_width=True`, use `width='stretch'`. For `use_container_width=False`, use `width='content'`.
2026-07-29 20:10:30.143 Please replace `use_container_width` with `width`.

`use_container_width` will be removed after 2025-12-31.

For `use_container_width=True`, use `width='stretch'`. For `use_container_width=False`, use `width='content'`.
2026-07-29 20:10:30.178 Please replace `use_container_width` with `width`.

`use_container_width` will be removed after 2025-12-31.

For `use_container_width=True`, use `width='stretch'`. For `use_container_width=False`, use `width='content'`.
2026-07-29 20:10:30.213 Please replace `use_container_width` with `width`.

`use_container_width` will be removed after 2025-12-31.

For `use_container_width=True`, use `width='stretch'`. For `use_container_width=False`, use `width='content'`.
2026-07-29 20:10:30.249 Please replace `use_container_width` with `width`.

`use_container_width` will be removed after 2025-12-31.

For `use_container_width=True`, use `width='stretch'`. For `use_container_width=False`, use `width='content'`.
2026-07-29 20:10:30.284 Please replace `use_container_width` with `width`.

`use_container_width` will be removed after 2025-12-31.

For `use_container_width=True`, use `width='stretch'`. For `use_container_width=False`, use `width='content'`.
2026-07-29 20:10:30.320 Please replace `use_container_width` with `width`.

`use_container_width` will be removed after 2025-12-31.

For `use_container_width=True`, use `width='stretch'`. For `use_container_width=False`, use `width='content'`.
2026-07-29 20:10:30.356 Please replace `use_container_width` with `width`.

`use_container_width` will be removed after 2025-12-31.

For `use_container_width=True`, use `width='stretch'`. For `use_container_width=False`, use `width='content'`.
2026-07-29 20:10:30.390 Please replace `use_container_width` with `width`.

`use_container_width` will be removed after 2025-12-31.

For `use_container_width=True`, use `width='stretch'`. For `use_container_width=False`, use `width='content'`.
2026-07-29 20:10:30.426 Please replace `use_container_width` with `width`.

`use_container_width` will be removed after 2025-12-31.

For `use_container_width=True`, use `width='stretch'`. For `use_container_width=False`, use `width='content'`.
2026-07-29 20:10:30.460 Please replace `use_container_width` with `width`.

`use_container_width` will be removed after 2025-12-31.

For `use_container_width=True`, use `width='stretch'`. For `use_container_width=False`, use `width='content'`.
2026-07-29 20:10:30.495 Please replace `use_container_width` with `width`.

`use_container_width` will be removed after 2025-12-31.

For `use_container_width=True`, use `width='stretch'`. For `use_container_width=False`, use `width='content'`.
2026-07-29 20:10:30.529 Please replace `use_container_width` with `width`.

`use_container_width` will be removed after 2025-12-31.

For `use_container_width=True`, use `width='stretch'`. For `use_container_width=False`, use `width='content'`.
2026-07-29 20:10:30.565 Please replace `use_container_width` with `width`.

`use_container_width` will be removed after 2025-12-31.

For `use_container_width=True`, use `width='stretch'`. For `use_container_width=False`, use `width='content'`.
2026-07-29 20:10:30.577 Please replace `use_container_width` with `width`.

`use_container_width` will be removed after 2025-12-31.

For `use_container_width=True`, use `width='stretch'`. For `use_container_width=False`, use `width='content'`.
2026-07-29 20:10:30.578 Please replace `use_container_width` with `width`.

`use_container_width` will be removed after 2025-12-31.

For `use_container_width=True`, use `width='stretch'`. For `use_container_width=False`, use `width='content'`.
2026-07-29 20:10:30.610 Please replace `use_container_width` with `width`.

`use_container_width` will be removed after 2025-12-31.

For `use_container_width=True`, use `width='stretch'`. For `use_container_width=False`, use `width='content'`.
2026-07-29 20:10:30.645 Please replace `use_container_width` with `width`.

`use_container_width` will be removed after 2025-12-31.

For `use_container_width=True`, use `width='stretch'`. For `use_container_width=False`, use `width='content'`.
2026-07-29 20:10:30.679 Please replace `use_container_width` with `width`.

`use_container_width` will be removed after 2025-12-31.

For `use_container_width=True`, use `width='stretch'`. For `use_container_width=False`, use `width='content'`.
2026-07-29 20:10:30.714 Please replace `use_container_width` with `width`.

`use_container_width` will be removed after 2025-12-31.

For `use_container_width=True`, use `width='stretch'`. For `use_container_width=False`, use `width='content'`.
2026-07-29 20:10:30.750 Please replace `use_container_width` with `width`.

`use_container_width` will be removed after 2025-12-31.

For `use_container_width=True`, use `width='stretch'`. For `use_container_width=False`, use `width='content'`.
2026-07-29 20:10:30.784 Please replace `use_container_width` with `width`.

`use_container_width` will be removed after 2025-12-31.

For `use_container_width=True`, use `width='stretch'`. For `use_container_width=False`, use `width='content'`.
2026-07-29 20:10:30.820 Please replace `use_container_width` with `width`.

`use_container_width` will be removed after 2025-12-31.

For `use_container_width=True`, use `width='stretch'`. For `use_container_width=False`, use `width='content'`.
2026-07-29 20:10:30.855 Please replace `use_container_width` with `width`.

`use_container_width` will be removed after 2025-12-31.

For `use_container_width=True`, use `width='stretch'`. For `use_container_width=False`, use `width='content'`.
2026-07-29 20:10:30.889 Please replace `use_container_width` with `width`.

`use_container_width` will be removed after 2025-12-31.

For `use_container_width=True`, use `width='stretch'`. For `use_container_width=False`, use `width='content'`.
2026-07-29 20:10:30.924 Please replace `use_container_width` with `width`.

`use_container_width` will be removed after 2025-12-31.

For `use_container_width=True`, use `width='stretch'`. For `use_container_width=False`, use `width='content'`.
2026-07-29 20:10:30.959 Please replace `use_container_width` with `width`.

`use_container_width` will be removed after 2025-12-31.

For `use_container_width=True`, use `width='stretch'`. For `use_container_width=False`, use `width='content'`.
2026-07-29 20:10:30.996 Please replace `use_container_width` with `width`.

`use_container_width` will be removed after 2025-12-31.

For `use_container_width=True`, use `width='stretch'`. For `use_container_width=False`, use `width='content'`.
2026-07-29 20:10:31.030 Please replace `use_container_width` with `width`.

`use_container_width` will be removed after 2025-12-31.

For `use_container_width=True`, use `width='stretch'`. For `use_container_width=False`, use `width='content'`.
2026-07-29 20:10:31.066 Please replace `use_container_width` with `width`.

`use_container_width` will be removed after 2025-12-31.

For `use_container_width=True`, use `width='stretch'`. For `use_container_width=False`, use `width='content'`.
2026-07-29 20:10:31.102 Please replace `use_container_width` with `width`.

`use_container_width` will be removed after 2025-12-31.

For `use_container_width=True`, use `width='stretch'`. For `use_container_width=False`, use `width='content'`.
2026-07-29 20:10:31.136 Please replace `use_container_width` with `width`.

`use_container_width` will be removed after 2025-12-31.

For `use_container_width=True`, use `width='stretch'`. For `use_container_width=False`, use `width='content'`.
2026-07-29 20:10:31.171 Please replace `use_container_width` with `width`.

`use_container_width` will be removed after 2025-12-31.

For `use_container_width=True`, use `width='stretch'`. For `use_container_width=False`, use `width='content'`.
2026-07-29 20:10:31.206 Please replace `use_container_width` with `width`.

`use_container_width` will be removed after 2025-12-31.

For `use_container_width=True`, use `width='stretch'`. For `use_container_width=False`, use `width='content'`.
2026-07-29 20:10:31.241 Please replace `use_container_width` with `width`.

`use_container_width` will be removed after 2025-12-31.

For `use_container_width=True`, use `width='stretch'`. For `use_container_width=False`, use `width='content'`.
2026-07-29 20:10:31.276 Please replace `use_container_width` with `width`.

`use_container_width` will be removed after 2025-12-31.

For `use_container_width=True`, use `width='stretch'`. For `use_container_width=False`, use `width='content'`.
2026-07-29 20:10:31.312 Please replace `use_container_width` with `width`.

`use_container_width` will be removed after 2025-12-31.

For `use_container_width=True`, use `width='stretch'`. For `use_container_width=False`, use `width='content'`.
2026-07-29 20:10:31.346 Please replace `use_container_width` with `width`.

`use_container_width` will be removed after 2025-12-31.

For `use_container_width=True`, use `width='stretch'`. For `use_container_width=False`, use `width='content'`.
2026-07-29 20:10:31.382 Please replace `use_container_width` with `width`.

`use_container_width` will be removed after 2025-12-31.

For `use_container_width=True`, use `width='stretch'`. For `use_container_width=False`, use `width='content'`.
2026-07-29 20:10:31.416 Please replace `use_container_width` with `width`.

`use_container_width` will be removed after 2025-12-31.

For `use_container_width=True`, use `width='stretch'`. For `use_container_width=False`, use `width='content'`.
2026-07-29 20:10:31.452 Please replace `use_container_width` with `width`.

`use_container_width` will be removed after 2025-12-31.

For `use_container_width=True`, use `width='stretch'`. For `use_container_width=False`, use `width='content'`.
2026-07-29 20:10:31.488 Please replace `use_container_width` with `width`.

`use_container_width` will be removed after 2025-12-31.

For `use_container_width=True`, use `width='stretch'`. For `use_container_width=False`, use `width='content'`.
2026-07-29 20:10:31.523 Please replace `use_container_width` with `width`.

`use_container_width` will be removed after 2025-12-31.

For `use_container_width=True`, use `width='stretch'`. For `use_container_width=False`, use `width='content'`.
2026-07-29 20:10:31.557 Please replace `use_container_width` with `width`.

`use_container_width` will be removed after 2025-12-31.

For `use_container_width=True`, use `width='stretch'`. For `use_container_width=False`, use `width='content'`.
2026-07-29 20:10:31.592 Please replace `use_container_width` with `width`.

`use_container_width` will be removed after 2025-12-31.

For `use_container_width=True`, use `width='stretch'`. For `use_container_width=False`, use `width='content'`.
2026-07-29 20:10:31.604 Please replace `use_container_width` with `width`.

`use_container_width` will be removed after 2025-12-31.

For `use_container_width=True`, use `width='stretch'`. For `use_container_width=False`, use `width='content'`.
2026-07-29 20:10:31.605 Please replace `use_container_width` with `width`.

`use_container_width` will be removed after 2025-12-31.

For `use_container_width=True`, use `width='stretch'`. For `use_container_width=False`, use `width='content'`.
2026-07-29 20:10:31.636 Please replace `use_container_width` with `width`.

`use_container_width` will be removed after 2025-12-31.

For `use_container_width=True`, use `width='stretch'`. For `use_container_width=False`, use `width='content'`.
2026-07-29 20:10:31.671 Please replace `use_container_width` with `width`.

`use_container_width` will be removed after 2025-12-31.

For `use_container_width=True`, use `width='stretch'`. For `use_container_width=False`, use `width='content'`.
2026-07-29 20:10:31.706 Please replace `use_container_width` with `width`.

`use_container_width` will be removed after 2025-12-31.

For `use_container_width=True`, use `width='stretch'`. For `use_container_width=False`, use `width='content'`.
2026-07-29 20:10:31.741 Please replace `use_container_width` with `width`.

`use_container_width` will be removed after 2025-12-31.

For `use_container_width=True`, use `width='stretch'`. For `use_container_width=False`, use `width='content'`.
2026-07-29 20:10:31.776 Please replace `use_container_width` with `width`.

`use_container_width` will be removed after 2025-12-31.

For `use_container_width=True`, use `width='stretch'`. For `use_container_width=False`, use `width='content'`.
2026-07-29 20:10:31.810 Please replace `use_container_width` with `width`.

`use_container_width` will be removed after 2025-12-31.

For `use_container_width=True`, use `width='stretch'`. For `use_container_width=False`, use `width='content'`.
2026-07-29 20:10:31.846 Please replace `use_container_width` with `width`.

`use_container_width` will be removed after 2025-12-31.

For `use_container_width=True`, use `width='stretch'`. For `use_container_width=False`, use `width='content'`.
2026-07-29 20:10:31.880 Please replace `use_container_width` with `width`.

`use_container_width` will be removed after 2025-12-31.

For `use_container_width=True`, use `width='stretch'`. For `use_container_width=False`, use `width='content'`.
2026-07-29 20:10:31.915 Please replace `use_container_width` with `width`.

`use_container_width` will be removed after 2025-12-31.

For `use_container_width=True`, use `width='stretch'`. For `use_container_width=False`, use `width='content'`.
2026-07-29 20:10:31.950 Please replace `use_container_width` with `width`.

`use_container_width` will be removed after 2025-12-31.

For `use_container_width=True`, use `width='stretch'`. For `use_container_width=False`, use `width='content'`.
2026-07-29 20:10:31.987 Please replace `use_container_width` with `width`.

`use_container_width` will be removed after 2025-12-31.

For `use_container_width=True`, use `width='stretch'`. For `use_container_width=False`, use `width='content'`.
2026-07-29 20:10:32.022 Please replace `use_container_width` with `width`.

`use_container_width` will be removed after 2025-12-31.

For `use_container_width=True`, use `width='stretch'`. For `use_container_width=False`, use `width='content'`.
2026-07-29 20:10:32.058 Please replace `use_container_width` with `width`.

`use_container_width` will be removed after 2025-12-31.

For `use_container_width=True`, use `width='stretch'`. For `use_container_width=False`, use `width='content'`.
2026-07-29 20:10:32.094 Please replace `use_container_width` with `width`.

`use_container_width` will be removed after 2025-12-31.

For `use_container_width=True`, use `width='stretch'`. For `use_container_width=False`, use `width='content'`.
2026-07-29 20:10:32.129 Please replace `use_container_width` with `width`.

`use_container_width` will be removed after 2025-12-31.

For `use_container_width=True`, use `width='stretch'`. For `use_container_width=False`, use `width='content'`.
2026-07-29 20:10:32.164 Please replace `use_container_width` with `width`.

`use_container_width` will be removed after 2025-12-31.

For `use_container_width=True`, use `width='stretch'`. For `use_container_width=False`, use `width='content'`.
2026-07-29 20:10:32.198 Please replace `use_container_width` with `width`.

`use_container_width` will be removed after 2025-12-31.

For `use_container_width=True`, use `width='stretch'`. For `use_container_width=False`, use `width='content'`.
2026-07-29 20:10:32.233 Please replace `use_container_width` with `width`.

`use_container_width` will be removed after 2025-12-31.

For `use_container_width=True`, use `width='stretch'`. For `use_container_width=False`, use `width='content'`.
2026-07-29 20:10:32.269 Please replace `use_container_width` with `width`.

`use_container_width` will be removed after 2025-12-31.

For `use_container_width=True`, use `width='stretch'`. For `use_container_width=False`, use `width='content'`.
2026-07-29 20:10:32.305 Please replace `use_container_width` with `width`.

`use_container_width` will be removed after 2025-12-31.

For `use_container_width=True`, use `width='stretch'`. For `use_container_width=False`, use `width='content'`.
2026-07-29 20:10:32.340 Please replace `use_container_width` with `width`.

`use_container_width` will be removed after 2025-12-31.

For `use_container_width=True`, use `width='stretch'`. For `use_container_width=False`, use `width='content'`.
2026-07-29 20:10:32.375 Please replace `use_container_width` with `width`.

`use_container_width` will be removed after 2025-12-31.

For `use_container_width=True`, use `width='stretch'`. For `use_container_width=False`, use `width='content'`.
2026-07-29 20:10:32.411 Please replace `use_container_width` with `width`.

`use_container_width` will be removed after 2025-12-31.

For `use_container_width=True`, use `width='stretch'`. For `use_container_width=False`, use `width='content'`.
2026-07-29 20:10:32.446 Please replace `use_container_width` with `width`.

`use_container_width` will be removed after 2025-12-31.

For `use_container_width=True`, use `width='stretch'`. For `use_container_width=False`, use `width='content'`.
2026-07-29 20:10:32.482 Please replace `use_container_width` with `width`.

`use_container_width` will be removed after 2025-12-31.

For `use_container_width=True`, use `width='stretch'`. For `use_container_width=False`, use `width='content'`.
2026-07-29 20:10:32.517 Please replace `use_container_width` with `width`.

`use_container_width` will be removed after 2025-12-31.

For `use_container_width=True`, use `width='stretch'`. For `use_container_width=False`, use `width='content'`.
2026-07-29 20:10:32.553 Please replace `use_container_width` with `width`.

`use_container_width` will be removed after 2025-12-31.

For `use_container_width=True`, use `width='stretch'`. For `use_container_width=False`, use `width='content'`.
2026-07-29 20:10:32.588 Please replace `use_container_width` with `width`.

`use_container_width` will be removed after 2025-12-31.

For `use_container_width=True`, use `width='stretch'`. For `use_container_width=False`, use `width='content'`.
2026-07-29 20:10:32.622 Please replace `use_container_width` with `width`.

`use_container_width` will be removed after 2025-12-31.

For `use_container_width=True`, use `width='stretch'`. For `use_container_width=False`, use `width='content'`.
2026-07-29 20:10:32.633 Please replace `use_container_width` with `width`.

`use_container_width` will be removed after 2025-12-31.

For `use_container_width=True`, use `width='stretch'`. For `use_container_width=False`, use `width='content'`.
2026-07-29 20:10:32.635 Please replace `use_container_width` with `width`.

`use_container_width` will be removed after 2025-12-31.

For `use_container_width=True`, use `width='stretch'`. For `use_container_width=False`, use `width='content'`.
2026-07-29 20:10:32.667 Please replace `use_container_width` with `width`.

`use_container_width` will be removed after 2025-12-31.

For `use_container_width=True`, use `width='stretch'`. For `use_container_width=False`, use `width='content'`.
2026-07-29 20:10:32.702 Please replace `use_container_width` with `width`.

`use_container_width` will be removed after 2025-12-31.

For `use_container_width=True`, use `width='stretch'`. For `use_container_width=False`, use `width='content'`.
2026-07-29 20:10:32.737 Please replace `use_container_width` with `width`.

`use_container_width` will be removed after 2025-12-31.

For `use_container_width=True`, use `width='stretch'`. For `use_container_width=False`, use `width='content'`.
2026-07-29 20:10:32.772 Please replace `use_container_width` with `width`.

`use_container_width` will be removed after 2025-12-31.

For `use_container_width=True`, use `width='stretch'`. For `use_container_width=False`, use `width='content'`.
2026-07-29 20:10:32.807 Please replace `use_container_width` with `width`.

`use_container_width` will be removed after 2025-12-31.

For `use_container_width=True`, use `width='stretch'`. For `use_container_width=False`, use `width='content'`.
2026-07-29 20:10:32.843 Please replace `use_container_width` with `width`.

`use_container_width` will be removed after 2025-12-31.

For `use_container_width=True`, use `width='stretch'`. For `use_container_width=False`, use `width='content'`.
2026-07-29 20:10:32.877 Please replace `use_container_width` with `width`.

`use_container_width` will be removed after 2025-12-31.

For `use_container_width=True`, use `width='stretch'`. For `use_container_width=False`, use `width='content'`.
2026-07-29 20:10:32.913 Please replace `use_container_width` with `width`.

`use_container_width` will be removed after 2025-12-31.

For `use_container_width=True`, use `width='stretch'`. For `use_container_width=False`, use `width='content'`.
2026-07-29 20:10:32.947 Please replace `use_container_width` with `width`.

`use_container_width` will be removed after 2025-12-31.

For `use_container_width=True`, use `width='stretch'`. For `use_container_width=False`, use `width='content'`.
2026-07-29 20:10:32.982 Please replace `use_container_width` with `width`.

`use_container_width` will be removed after 2025-12-31.

For `use_container_width=True`, use `width='stretch'`. For `use_container_width=False`, use `width='content'`.
2026-07-29 20:10:33.019 Please replace `use_container_width` with `width`.

`use_container_width` will be removed after 2025-12-31.

For `use_container_width=True`, use `width='stretch'`. For `use_container_width=False`, use `width='content'`.
2026-07-29 20:10:33.054 Please replace `use_container_width` with `width`.

`use_container_width` will be removed after 2025-12-31.

For `use_container_width=True`, use `width='stretch'`. For `use_container_width=False`, use `width='content'`.
2026-07-29 20:10:33.089 Please replace `use_container_width` with `width`.

`use_container_width` will be removed after 2025-12-31.

For `use_container_width=True`, use `width='stretch'`. For `use_container_width=False`, use `width='content'`.
2026-07-29 20:10:33.124 Please replace `use_container_width` with `width`.

`use_container_width` will be removed after 2025-12-31.

For `use_container_width=True`, use `width='stretch'`. For `use_container_width=False`, use `width='content'`.
2026-07-29 20:10:33.159 Please replace `use_container_width` with `width`.

`use_container_width` will be removed after 2025-12-31.

For `use_container_width=True`, use `width='stretch'`. For `use_container_width=False`, use `width='content'`.
2026-07-29 20:10:33.195 Please replace `use_container_width` with `width`.

`use_container_width` will be removed after 2025-12-31.

For `use_container_width=True`, use `width='stretch'`. For `use_container_width=False`, use `width='content'`.
2026-07-29 20:10:33.230 Please replace `use_container_width` with `width`.

`use_container_width` will be removed after 2025-12-31.

For `use_container_width=True`, use `width='stretch'`. For `use_container_width=False`, use `width='content'`.
2026-07-29 20:10:33.266 Please replace `use_container_width` with `width`.

`use_container_width` will be removed after 2025-12-31.

For `use_container_width=True`, use `width='stretch'`. For `use_container_width=False`, use `width='content'`.
2026-07-29 20:10:33.300 Please replace `use_container_width` with `width`.

`use_container_width` will be removed after 2025-12-31.

For `use_container_width=True`, use `width='stretch'`. For `use_container_width=False`, use `width='content'`.
2026-07-29 20:10:33.336 Please replace `use_container_width` with `width`.

`use_container_width` will be removed after 2025-12-31.

For `use_container_width=True`, use `width='stretch'`. For `use_container_width=False`, use `width='content'`.
2026-07-29 20:10:33.370 Please replace `use_container_width` with `width`.

`use_container_width` will be removed after 2025-12-31.

For `use_container_width=True`, use `width='stretch'`. For `use_container_width=False`, use `width='content'`.
2026-07-29 20:10:33.406 Please replace `use_container_width` with `width`.

`use_container_width` will be removed after 2025-12-31.

For `use_container_width=True`, use `width='stretch'`. For `use_container_width=False`, use `width='content'`.
2026-07-29 20:10:33.442 Please replace `use_container_width` with `width`.

`use_container_width` will be removed after 2025-12-31.

For `use_container_width=True`, use `width='stretch'`. For `use_container_width=False`, use `width='content'`.
2026-07-29 20:10:33.487 Please replace `use_container_width` with `width`.

`use_container_width` will be removed after 2025-12-31.

For `use_container_width=True`, use `width='stretch'`. For `use_container_width=False`, use `width='content'`.
2026-07-29 20:10:33.522 Please replace `use_container_width` with `width`.

`use_container_width` will be removed after 2025-12-31.

For `use_container_width=True`, use `width='stretch'`. For `use_container_width=False`, use `width='content'`.
2026-07-29 20:10:33.556 Please replace `use_container_width` with `width`.

`use_container_width` will be removed after 2025-12-31.

For `use_container_width=True`, use `width='stretch'`. For `use_container_width=False`, use `width='content'`.
2026-07-29 20:10:33.591 Please replace `use_container_width` with `width`.

`use_container_width` will be removed after 2025-12-31.

For `use_container_width=True`, use `width='stretch'`. For `use_container_width=False`, use `width='content'`.
2026-07-29 20:10:33.626 Please replace `use_container_width` with `width`.

`use_container_width` will be removed after 2025-12-31.

For `use_container_width=True`, use `width='stretch'`. For `use_container_width=False`, use `width='content'`.
2026-07-29 20:10:33.638 Please replace `use_container_width` with `width`.

`use_container_width` will be removed after 2025-12-31.

For `use_container_width=True`, use `width='stretch'`. For `use_container_width=False`, use `width='content'`.
2026-07-29 20:10:33.639 Please replace `use_container_width` with `width`.

`use_container_width` will be removed after 2025-12-31.

For `use_container_width=True`, use `width='stretch'`. For `use_container_width=False`, use `width='content'`.
2026-07-29 20:10:33.671 Please replace `use_container_width` with `width`.

`use_container_width` will be removed after 2025-12-31.

For `use_container_width=True`, use `width='stretch'`. For `use_container_width=False`, use `width='content'`.
2026-07-29 20:10:33.706 Please replace `use_container_width` with `width`.

`use_container_width` will be removed after 2025-12-31.

For `use_container_width=True`, use `width='stretch'`. For `use_container_width=False`, use `width='content'`.
2026-07-29 20:10:33.740 Please replace `use_container_width` with `width`.

`use_container_width` will be removed after 2025-12-31.

For `use_container_width=True`, use `width='stretch'`. For `use_container_width=False`, use `width='content'`.
2026-07-29 20:10:33.775 Please replace `use_container_width` with `width`.

`use_container_width` will be removed after 2025-12-31.

For `use_container_width=True`, use `width='stretch'`. For `use_container_width=False`, use `width='content'`.
2026-07-29 20:10:33.810 Please replace `use_container_width` with `width`.

`use_container_width` will be removed after 2025-12-31.

For `use_container_width=True`, use `width='stretch'`. For `use_container_width=False`, use `width='content'`.
2026-07-29 20:10:33.845 Please replace `use_container_width` with `width`.

`use_container_width` will be removed after 2025-12-31.

For `use_container_width=True`, use `width='stretch'`. For `use_container_width=False`, use `width='content'`.
2026-07-29 20:10:33.881 Please replace `use_container_width` with `width`.

`use_container_width` will be removed after 2025-12-31.

For `use_container_width=True`, use `width='stretch'`. For `use_container_width=False`, use `width='content'`.
2026-07-29 20:10:33.916 Please replace `use_container_width` with `width`.

`use_container_width` will be removed after 2025-12-31.

For `use_container_width=True`, use `width='stretch'`. For `use_container_width=False`, use `width='content'`.
2026-07-29 20:10:33.950 Please replace `use_container_width` with `width`.

`use_container_width` will be removed after 2025-12-31.

For `use_container_width=True`, use `width='stretch'`. For `use_container_width=False`, use `width='content'`.
2026-07-29 20:10:33.987 Please replace `use_container_width` with `width`.

`use_container_width` will be removed after 2025-12-31.

For `use_container_width=True`, use `width='stretch'`. For `use_container_width=False`, use `width='content'`.
2026-07-29 20:10:34.022 Please replace `use_container_width` with `width`.

`use_container_width` will be removed after 2025-12-31.

For `use_container_width=True`, use `width='stretch'`. For `use_container_width=False`, use `width='content'`.
2026-07-29 20:10:34.056 Please replace `use_container_width` with `width`.

`use_container_width` will be removed after 2025-12-31.

For `use_container_width=True`, use `width='stretch'`. For `use_container_width=False`, use `width='content'`.
2026-07-29 20:10:34.090 Please replace `use_container_width` with `width`.

`use_container_width` will be removed after 2025-12-31.

For `use_container_width=True`, use `width='stretch'`. For `use_container_width=False`, use `width='content'`.
2026-07-29 20:10:34.124 Please replace `use_container_width` with `width`.

`use_container_width` will be removed after 2025-12-31.

For `use_container_width=True`, use `width='stretch'`. For `use_container_width=False`, use `width='content'`.
2026-07-29 20:10:34.159 Please replace `use_container_width` with `width`.

`use_container_width` will be removed after 2025-12-31.

For `use_container_width=True`, use `width='stretch'`. For `use_container_width=False`, use `width='content'`.
2026-07-29 20:10:34.194 Please replace `use_container_width` with `width`.

`use_container_width` will be removed after 2025-12-31.

For `use_container_width=True`, use `width='stretch'`. For `use_container_width=False`, use `width='content'`.
2026-07-29 20:10:34.230 Please replace `use_container_width` with `width`.

`use_container_width` will be removed after 2025-12-31.

For `use_container_width=True`, use `width='stretch'`. For `use_container_width=False`, use `width='content'`.
2026-07-29 20:10:34.264 Please replace `use_container_width` with `width`.

`use_container_width` will be removed after 2025-12-31.

For `use_container_width=True`, use `width='stretch'`. For `use_container_width=False`, use `width='content'`.
2026-07-29 20:10:34.299 Please replace `use_container_width` with `width`.

`use_container_width` will be removed after 2025-12-31.

For `use_container_width=True`, use `width='stretch'`. For `use_container_width=False`, use `width='content'`.
2026-07-29 20:10:34.336 Please replace `use_container_width` with `width`.

`use_container_width` will be removed after 2025-12-31.

For `use_container_width=True`, use `width='stretch'`. For `use_container_width=False`, use `width='content'`.
2026-07-29 20:10:34.370 Please replace `use_container_width` with `width`.

`use_container_width` will be removed after 2025-12-31.

For `use_container_width=True`, use `width='stretch'`. For `use_container_width=False`, use `width='content'`.
2026-07-29 20:10:34.404 Please replace `use_container_width` with `width`.

`use_container_width` will be removed after 2025-12-31.

For `use_container_width=True`, use `width='stretch'`. For `use_container_width=False`, use `width='content'`.
2026-07-29 20:10:34.440 Please replace `use_container_width` with `width`.

`use_container_width` will be removed after 2025-12-31.

For `use_container_width=True`, use `width='stretch'`. For `use_container_width=False`, use `width='content'`.
2026-07-29 20:10:34.476 Please replace `use_container_width` with `width`.

`use_container_width` will be removed after 2025-12-31.

For `use_container_width=True`, use `width='stretch'`. For `use_container_width=False`, use `width='content'`.
2026-07-29 20:10:34.511 Please replace `use_container_width` with `width`.

`use_container_width` will be removed after 2025-12-31.

For `use_container_width=True`, use `width='stretch'`. For `use_container_width=False`, use `width='content'`.
2026-07-29 20:10:34.547 Please replace `use_container_width` with `width`.

`use_container_width` will be removed after 2025-12-31.

For `use_container_width=True`, use `width='stretch'`. For `use_container_width=False`, use `width='content'`.
2026-07-29 20:10:34.581 Please replace `use_container_width` with `width`.

`use_container_width` will be removed after 2025-12-31.

For `use_container_width=True`, use `width='stretch'`. For `use_container_width=False`, use `width='content'`.
2026-07-29 20:10:34.617 Please replace `use_container_width` with `width`.

`use_container_width` will be removed after 2025-12-31.

For `use_container_width=True`, use `width='stretch'`. For `use_container_width=False`, use `width='content'`.
2026-07-29 20:10:34.652 Please replace `use_container_width` with `width`.

`use_container_width` will be removed after 2025-12-31.

For `use_container_width=True`, use `width='stretch'`. For `use_container_width=False`, use `width='content'`.
2026-07-29 20:10:34.665 Please replace `use_container_width` with `width`.

`use_container_width` will be removed after 2025-12-31.

For `use_container_width=True`, use `width='stretch'`. For `use_container_width=False`, use `width='content'`.
2026-07-29 20:10:34.666 Please replace `use_container_width` with `width`.

`use_container_width` will be removed after 2025-12-31.

For `use_container_width=True`, use `width='stretch'`. For `use_container_width=False`, use `width='content'`.
2026-07-29 20:10:34.696 Please replace `use_container_width` with `width`.

`use_container_width` will be removed after 2025-12-31.

For `use_container_width=True`, use `width='stretch'`. For `use_container_width=False`, use `width='content'`.
2026-07-29 20:10:34.731 Please replace `use_container_width` with `width`.

`use_container_width` will be removed after 2025-12-31.

For `use_container_width=True`, use `width='stretch'`. For `use_container_width=False`, use `width='content'`.
2026-07-29 20:10:34.766 Please replace `use_container_width` with `width`.

`use_container_width` will be removed after 2025-12-31.

For `use_container_width=True`, use `width='stretch'`. For `use_container_width=False`, use `width='content'`.
2026-07-29 20:10:34.801 Please replace `use_container_width` with `width`.

`use_container_width` will be removed after 2025-12-31.

For `use_container_width=True`, use `width='stretch'`. For `use_container_width=False`, use `width='content'`.
2026-07-29 20:10:34.837 Please replace `use_container_width` with `width`.

`use_container_width` will be removed after 2025-12-31.

For `use_container_width=True`, use `width='stretch'`. For `use_container_width=False`, use `width='content'`.
2026-07-29 20:10:34.871 Please replace `use_container_width` with `width`.

`use_container_width` will be removed after 2025-12-31.

For `use_container_width=True`, use `width='stretch'`. For `use_container_width=False`, use `width='content'`.
2026-07-29 20:10:34.906 Please replace `use_container_width` with `width`.

`use_container_width` will be removed after 2025-12-31.

For `use_container_width=True`, use `width='stretch'`. For `use_container_width=False`, use `width='content'`.
2026-07-29 20:10:34.941 Please replace `use_container_width` with `width`.

`use_container_width` will be removed after 2025-12-31.

For `use_container_width=True`, use `width='stretch'`. For `use_container_width=False`, use `width='content'`.
2026-07-29 20:10:34.976 Please replace `use_container_width` with `width`.

`use_container_width` will be removed after 2025-12-31.

For `use_container_width=True`, use `width='stretch'`. For `use_container_width=False`, use `width='content'`.
2026-07-29 20:10:35.011 Please replace `use_container_width` with `width`.

`use_container_width` will be removed after 2025-12-31.

For `use_container_width=True`, use `width='stretch'`. For `use_container_width=False`, use `width='content'`.
2026-07-29 20:10:35.046 Please replace `use_container_width` with `width`.

`use_container_width` will be removed after 2025-12-31.

For `use_container_width=True`, use `width='stretch'`. For `use_container_width=False`, use `width='content'`.
2026-07-29 20:10:35.081 Please replace `use_container_width` with `width`.

`use_container_width` will be removed after 2025-12-31.

For `use_container_width=True`, use `width='stretch'`. For `use_container_width=False`, use `width='content'`.
2026-07-29 20:10:35.117 Please replace `use_container_width` with `width`.

`use_container_width` will be removed after 2025-12-31.

For `use_container_width=True`, use `width='stretch'`. For `use_container_width=False`, use `width='content'`.
2026-07-29 20:10:35.152 Please replace `use_container_width` with `width`.

`use_container_width` will be removed after 2025-12-31.

For `use_container_width=True`, use `width='stretch'`. For `use_container_width=False`, use `width='content'`.
2026-07-29 20:10:35.187 Please replace `use_container_width` with `width`.

`use_container_width` will be removed after 2025-12-31.

For `use_container_width=True`, use `width='stretch'`. For `use_container_width=False`, use `width='content'`.
2026-07-29 20:10:35.222 Please replace `use_container_width` with `width`.

`use_container_width` will be removed after 2025-12-31.

For `use_container_width=True`, use `width='stretch'`. For `use_container_width=False`, use `width='content'`.
2026-07-29 20:10:35.255 Please replace `use_container_width` with `width`.

`use_container_width` will be removed after 2025-12-31.

For `use_container_width=True`, use `width='stretch'`. For `use_container_width=False`, use `width='content'`.
2026-07-29 20:10:35.289 Please replace `use_container_width` with `width`.

`use_container_width` will be removed after 2025-12-31.

For `use_container_width=True`, use `width='stretch'`. For `use_container_width=False`, use `width='content'`.
2026-07-29 20:10:35.324 Please replace `use_container_width` with `width`.

`use_container_width` will be removed after 2025-12-31.

For `use_container_width=True`, use `width='stretch'`. For `use_container_width=False`, use `width='content'`.
2026-07-29 20:10:35.359 Please replace `use_container_width` with `width`.

`use_container_width` will be removed after 2025-12-31.

For `use_container_width=True`, use `width='stretch'`. For `use_container_width=False`, use `width='content'`.
2026-07-29 20:10:35.394 Please replace `use_container_width` with `width`.

`use_container_width` will be removed after 2025-12-31.

For `use_container_width=True`, use `width='stretch'`. For `use_container_width=False`, use `width='content'`.
2026-07-29 20:10:35.429 Please replace `use_container_width` with `width`.

`use_container_width` will be removed after 2025-12-31.

For `use_container_width=True`, use `width='stretch'`. For `use_container_width=False`, use `width='content'`.
2026-07-29 20:10:35.466 Please replace `use_container_width` with `width`.

`use_container_width` will be removed after 2025-12-31.

For `use_container_width=True`, use `width='stretch'`. For `use_container_width=False`, use `width='content'`.
2026-07-29 20:10:35.501 Please replace `use_container_width` with `width`.

`use_container_width` will be removed after 2025-12-31.

For `use_container_width=True`, use `width='stretch'`. For `use_container_width=False`, use `width='content'`.
2026-07-29 20:10:35.536 Please replace `use_container_width` with `width`.

`use_container_width` will be removed after 2025-12-31.

For `use_container_width=True`, use `width='stretch'`. For `use_container_width=False`, use `width='content'`.
2026-07-29 20:10:35.571 Please replace `use_container_width` with `width`.

`use_container_width` will be removed after 2025-12-31.

For `use_container_width=True`, use `width='stretch'`. For `use_container_width=False`, use `width='content'`.
2026-07-29 20:10:35.605 Please replace `use_container_width` with `width`.

`use_container_width` will be removed after 2025-12-31.

For `use_container_width=True`, use `width='stretch'`. For `use_container_width=False`, use `width='content'`.
2026-07-29 20:10:35.642 Please replace `use_container_width` with `width`.

`use_container_width` will be removed after 2025-12-31.

For `use_container_width=True`, use `width='stretch'`. For `use_container_width=False`, use `width='content'`.
2026-07-29 20:10:35.677 Please replace `use_container_width` with `width`.

`use_container_width` will be removed after 2025-12-31.

For `use_container_width=True`, use `width='stretch'`. For `use_container_width=False`, use `width='content'`.
2026-07-29 20:10:35.689 Please replace `use_container_width` with `width`.

`use_container_width` will be removed after 2025-12-31.

For `use_container_width=True`, use `width='stretch'`. For `use_container_width=False`, use `width='content'`.
2026-07-29 20:10:35.690 Please replace `use_container_width` with `width`.

`use_container_width` will be removed after 2025-12-31.

For `use_container_width=True`, use `width='stretch'`. For `use_container_width=False`, use `width='content'`.
2026-07-29 20:10:35.721 Please replace `use_container_width` with `width`.

`use_container_width` will be removed after 2025-12-31.

For `use_container_width=True`, use `width='stretch'`. For `use_container_width=False`, use `width='content'`.
2026-07-29 20:10:35.756 Please replace `use_container_width` with `width`.

`use_container_width` will be removed after 2025-12-31.

For `use_container_width=True`, use `width='stretch'`. For `use_container_width=False`, use `width='content'`.
2026-07-29 20:10:35.792 Please replace `use_container_width` with `width`.

`use_container_width` will be removed after 2025-12-31.

For `use_container_width=True`, use `width='stretch'`. For `use_container_width=False`, use `width='content'`.
2026-07-29 20:10:35.828 Please replace `use_container_width` with `width`.

`use_container_width` will be removed after 2025-12-31.

For `use_container_width=True`, use `width='stretch'`. For `use_container_width=False`, use `width='content'`.
2026-07-29 20:10:35.866 Please replace `use_container_width` with `width`.

`use_container_width` will be removed after 2025-12-31.

For `use_container_width=True`, use `width='stretch'`. For `use_container_width=False`, use `width='content'`.
2026-07-29 20:10:35.903 Please replace `use_container_width` with `width`.

`use_container_width` will be removed after 2025-12-31.

For `use_container_width=True`, use `width='stretch'`. For `use_container_width=False`, use `width='content'`.
2026-07-29 20:10:35.938 Please replace `use_container_width` with `width`.

`use_container_width` will be removed after 2025-12-31.

For `use_container_width=True`, use `width='stretch'`. For `use_container_width=False`, use `width='content'`.
2026-07-29 20:10:35.974 Please replace `use_container_width` with `width`.

`use_container_width` will be removed after 2025-12-31.

For `use_container_width=True`, use `width='stretch'`. For `use_container_width=False`, use `width='content'`.
2026-07-29 20:10:36.010 Please replace `use_container_width` with `width`.

`use_container_width` will be removed after 2025-12-31.

For `use_container_width=True`, use `width='stretch'`. For `use_container_width=False`, use `width='content'`.
2026-07-29 20:10:36.044 Please replace `use_container_width` with `width`.

`use_container_width` will be removed after 2025-12-31.

For `use_container_width=True`, use `width='stretch'`. For `use_container_width=False`, use `width='content'`.
2026-07-29 20:10:36.080 Please replace `use_container_width` with `width`.

`use_container_width` will be removed after 2025-12-31.

For `use_container_width=True`, use `width='stretch'`. For `use_container_width=False`, use `width='content'`.
2026-07-29 20:10:36.116 Please replace `use_container_width` with `width`.

`use_container_width` will be removed after 2025-12-31.

For `use_container_width=True`, use `width='stretch'`. For `use_container_width=False`, use `width='content'`.
2026-07-29 20:10:36.153 Please replace `use_container_width` with `width`.

`use_container_width` will be removed after 2025-12-31.

For `use_container_width=True`, use `width='stretch'`. For `use_container_width=False`, use `width='content'`.
2026-07-29 20:10:36.190 Please replace `use_container_width` with `width`.

`use_container_width` will be removed after 2025-12-31.

For `use_container_width=True`, use `width='stretch'`. For `use_container_width=False`, use `width='content'`.
2026-07-29 20:10:36.228 Please replace `use_container_width` with `width`.

`use_container_width` will be removed after 2025-12-31.

For `use_container_width=True`, use `width='stretch'`. For `use_container_width=False`, use `width='content'`.
2026-07-29 20:10:36.265 Please replace `use_container_width` with `width`.

`use_container_width` will be removed after 2025-12-31.

For `use_container_width=True`, use `width='stretch'`. For `use_container_width=False`, use `width='content'`.
2026-07-29 20:10:36.302 Please replace `use_container_width` with `width`.

`use_container_width` will be removed after 2025-12-31.

For `use_container_width=True`, use `width='stretch'`. For `use_container_width=False`, use `width='content'`.
2026-07-29 20:10:36.338 Please replace `use_container_width` with `width`.

`use_container_width` will be removed after 2025-12-31.

For `use_container_width=True`, use `width='stretch'`. For `use_container_width=False`, use `width='content'`.
2026-07-29 20:10:36.376 Please replace `use_container_width` with `width`.

`use_container_width` will be removed after 2025-12-31.

For `use_container_width=True`, use `width='stretch'`. For `use_container_width=False`, use `width='content'`.
2026-07-29 20:10:36.412 Please replace `use_container_width` with `width`.

`use_container_width` will be removed after 2025-12-31.

For `use_container_width=True`, use `width='stretch'`. For `use_container_width=False`, use `width='content'`.
2026-07-29 20:10:36.450 Please replace `use_container_width` with `width`.

`use_container_width` will be removed after 2025-12-31.

For `use_container_width=True`, use `width='stretch'`. For `use_container_width=False`, use `width='content'`.
2026-07-29 20:10:36.487 Please replace `use_container_width` with `width`.

`use_container_width` will be removed after 2025-12-31.

For `use_container_width=True`, use `width='stretch'`. For `use_container_width=False`, use `width='content'`.
2026-07-29 20:10:36.523 Please replace `use_container_width` with `width`.

`use_container_width` will be removed after 2025-12-31.

For `use_container_width=True`, use `width='stretch'`. For `use_container_width=False`, use `width='content'`.
2026-07-29 20:10:36.560 Please replace `use_container_width` with `width`.

`use_container_width` will be removed after 2025-12-31.

For `use_container_width=True`, use `width='stretch'`. For `use_container_width=False`, use `width='content'`.
2026-07-29 20:10:36.598 Please replace `use_container_width` with `width`.

`use_container_width` will be removed after 2025-12-31.

For `use_container_width=True`, use `width='stretch'`. For `use_container_width=False`, use `width='content'`.
2026-07-29 20:10:36.633 Please replace `use_container_width` with `width`.

`use_container_width` will be removed after 2025-12-31.

For `use_container_width=True`, use `width='stretch'`. For `use_container_width=False`, use `width='content'`.
2026-07-29 20:10:36.671 Please replace `use_container_width` with `width`.

`use_container_width` will be removed after 2025-12-31.

For `use_container_width=True`, use `width='stretch'`. For `use_container_width=False`, use `width='content'`.
2026-07-29 20:10:36.708 Please replace `use_container_width` with `width`.

`use_container_width` will be removed after 2025-12-31.

For `use_container_width=True`, use `width='stretch'`. For `use_container_width=False`, use `width='content'`.
2026-07-29 20:10:36.721 Please replace `use_container_width` with `width`.

`use_container_width` will be removed after 2025-12-31.

For `use_container_width=True`, use `width='stretch'`. For `use_container_width=False`, use `width='content'`.
2026-07-29 20:10:36.722 Please replace `use_container_width` with `width`.

`use_container_width` will be removed after 2025-12-31.

For `use_container_width=True`, use `width='stretch'`. For `use_container_width=False`, use `width='content'`.
2026-07-29 20:10:36.752 Please replace `use_container_width` with `width`.

`use_container_width` will be removed after 2025-12-31.

For `use_container_width=True`, use `width='stretch'`. For `use_container_width=False`, use `width='content'`.
2026-07-29 20:10:36.788 Please replace `use_container_width` with `width`.

`use_container_width` will be removed after 2025-12-31.

For `use_container_width=True`, use `width='stretch'`. For `use_container_width=False`, use `width='content'`.
2026-07-29 20:10:36.823 Please replace `use_container_width` with `width`.

`use_container_width` will be removed after 2025-12-31.

For `use_container_width=True`, use `width='stretch'`. For `use_container_width=False`, use `width='content'`.
2026-07-29 20:10:36.859 Please replace `use_container_width` with `width`.

`use_container_width` will be removed after 2025-12-31.

For `use_container_width=True`, use `width='stretch'`. For `use_container_width=False`, use `width='content'`.
2026-07-29 20:10:36.897 Please replace `use_container_width` with `width`.

`use_container_width` will be removed after 2025-12-31.

For `use_container_width=True`, use `width='stretch'`. For `use_container_width=False`, use `width='content'`.
2026-07-29 20:10:36.933 Please replace `use_container_width` with `width`.

`use_container_width` will be removed after 2025-12-31.

For `use_container_width=True`, use `width='stretch'`. For `use_container_width=False`, use `width='content'`.
2026-07-29 20:10:36.975 Please replace `use_container_width` with `width`.

`use_container_width` will be removed after 2025-12-31.

For `use_container_width=True`, use `width='stretch'`. For `use_container_width=False`, use `width='content'`.
2026-07-29 20:10:37.012 Please replace `use_container_width` with `width`.

`use_container_width` will be removed after 2025-12-31.

For `use_container_width=True`, use `width='stretch'`. For `use_container_width=False`, use `width='content'`.
2026-07-29 20:10:37.050 Please replace `use_container_width` with `width`.

`use_container_width` will be removed after 2025-12-31.

For `use_container_width=True`, use `width='stretch'`. For `use_container_width=False`, use `width='content'`.
2026-07-29 20:10:37.087 Please replace `use_container_width` with `width`.

`use_container_width` will be removed after 2025-12-31.

For `use_container_width=True`, use `width='stretch'`. For `use_container_width=False`, use `width='content'`.
2026-07-29 20:10:37.124 Please replace `use_container_width` with `width`.

`use_container_width` will be removed after 2025-12-31.

For `use_container_width=True`, use `width='stretch'`. For `use_container_width=False`, use `width='content'`.
2026-07-29 20:10:37.161 Please replace `use_container_width` with `width`.

`use_container_width` will be removed after 2025-12-31.

For `use_container_width=True`, use `width='stretch'`. For `use_container_width=False`, use `width='content'`.
2026-07-29 20:10:37.198 Please replace `use_container_width` with `width`.

`use_container_width` will be removed after 2025-12-31.

For `use_container_width=True`, use `width='stretch'`. For `use_container_width=False`, use `width='content'`.
2026-07-29 20:10:37.235 Please replace `use_container_width` with `width`.

`use_container_width` will be removed after 2025-12-31.

For `use_container_width=True`, use `width='stretch'`. For `use_container_width=False`, use `width='content'`.
2026-07-29 20:10:37.272 Please replace `use_container_width` with `width`.

`use_container_width` will be removed after 2025-12-31.

For `use_container_width=True`, use `width='stretch'`. For `use_container_width=False`, use `width='content'`.
2026-07-29 20:10:37.309 Please replace `use_container_width` with `width`.

`use_container_width` will be removed after 2025-12-31.

For `use_container_width=True`, use `width='stretch'`. For `use_container_width=False`, use `width='content'`.
2026-07-29 20:10:37.346 Please replace `use_container_width` with `width`.

`use_container_width` will be removed after 2025-12-31.

For `use_container_width=True`, use `width='stretch'`. For `use_container_width=False`, use `width='content'`.
2026-07-29 20:10:37.382 Please replace `use_container_width` with `width`.

`use_container_width` will be removed after 2025-12-31.

For `use_container_width=True`, use `width='stretch'`. For `use_container_width=False`, use `width='content'`.
2026-07-29 20:10:37.419 Please replace `use_container_width` with `width`.

`use_container_width` will be removed after 2025-12-31.

For `use_container_width=True`, use `width='stretch'`. For `use_container_width=False`, use `width='content'`.
2026-07-29 20:10:37.455 Please replace `use_container_width` with `width`.

`use_container_width` will be removed after 2025-12-31.

For `use_container_width=True`, use `width='stretch'`. For `use_container_width=False`, use `width='content'`.
2026-07-29 20:10:37.491 Please replace `use_container_width` with `width`.

`use_container_width` will be removed after 2025-12-31.

For `use_container_width=True`, use `width='stretch'`. For `use_container_width=False`, use `width='content'`.
2026-07-29 20:10:37.527 Please replace `use_container_width` with `width`.

`use_container_width` will be removed after 2025-12-31.

For `use_container_width=True`, use `width='stretch'`. For `use_container_width=False`, use `width='content'`.
2026-07-29 20:10:37.565 Please replace `use_container_width` with `width`.

`use_container_width` will be removed after 2025-12-31.

For `use_container_width=True`, use `width='stretch'`. For `use_container_width=False`, use `width='content'`.
2026-07-29 20:10:37.601 Please replace `use_container_width` with `width`.

`use_container_width` will be removed after 2025-12-31.

For `use_container_width=True`, use `width='stretch'`. For `use_container_width=False`, use `width='content'`.
2026-07-29 20:10:37.637 Please replace `use_container_width` with `width`.

`use_container_width` will be removed after 2025-12-31.

For `use_container_width=True`, use `width='stretch'`. For `use_container_width=False`, use `width='content'`.
2026-07-29 20:10:37.673 Please replace `use_container_width` with `width`.

`use_container_width` will be removed after 2025-12-31.

For `use_container_width=True`, use `width='stretch'`. For `use_container_width=False`, use `width='content'`.
2026-07-29 20:10:37.708 Please replace `use_container_width` with `width`.

`use_container_width` will be removed after 2025-12-31.

For `use_container_width=True`, use `width='stretch'`. For `use_container_width=False`, use `width='content'`.
2026-07-29 20:10:37.744 Please replace `use_container_width` with `width`.

`use_container_width` will be removed after 2025-12-31.

For `use_container_width=True`, use `width='stretch'`. For `use_container_width=False`, use `width='content'`.
2026-07-29 20:10:37.758 Please replace `use_container_width` with `width`.

`use_container_width` will be removed after 2025-12-31.

For `use_container_width=True`, use `width='stretch'`. For `use_container_width=False`, use `width='content'`.
2026-07-29 20:10:37.759 Please replace `use_container_width` with `width`.

`use_container_width` will be removed after 2025-12-31.

For `use_container_width=True`, use `width='stretch'`. For `use_container_width=False`, use `width='content'`.
2026-07-29 20:10:37.796 Please replace `use_container_width` with `width`.

`use_container_width` will be removed after 2025-12-31.

For `use_container_width=True`, use `width='stretch'`. For `use_container_width=False`, use `width='content'`.
2026-07-29 20:10:37.831 Please replace `use_container_width` with `width`.

`use_container_width` will be removed after 2025-12-31.

For `use_container_width=True`, use `width='stretch'`. For `use_container_width=False`, use `width='content'`.
2026-07-29 20:10:37.868 Please replace `use_container_width` with `width`.

`use_container_width` will be removed after 2025-12-31.

For `use_container_width=True`, use `width='stretch'`. For `use_container_width=False`, use `width='content'`.
2026-07-29 20:10:37.904 Please replace `use_container_width` with `width`.

`use_container_width` will be removed after 2025-12-31.

For `use_container_width=True`, use `width='stretch'`. For `use_container_width=False`, use `width='content'`.
2026-07-29 20:10:37.939 Please replace `use_container_width` with `width`.

`use_container_width` will be removed after 2025-12-31.

For `use_container_width=True`, use `width='stretch'`. For `use_container_width=False`, use `width='content'`.
2026-07-29 20:10:37.975 Please replace `use_container_width` with `width`.

`use_container_width` will be removed after 2025-12-31.

For `use_container_width=True`, use `width='stretch'`. For `use_container_width=False`, use `width='content'`.
2026-07-29 20:10:38.012 Please replace `use_container_width` with `width`.

`use_container_width` will be removed after 2025-12-31.

For `use_container_width=True`, use `width='stretch'`. For `use_container_width=False`, use `width='content'`.
2026-07-29 20:10:38.048 Please replace `use_container_width` with `width`.

`use_container_width` will be removed after 2025-12-31.

For `use_container_width=True`, use `width='stretch'`. For `use_container_width=False`, use `width='content'`.
2026-07-29 20:10:38.086 Please replace `use_container_width` with `width`.

`use_container_width` will be removed after 2025-12-31.

For `use_container_width=True`, use `width='stretch'`. For `use_container_width=False`, use `width='content'`.
2026-07-29 20:10:38.122 Please replace `use_container_width` with `width`.

`use_container_width` will be removed after 2025-12-31.

For `use_container_width=True`, use `width='stretch'`. For `use_container_width=False`, use `width='content'`.
2026-07-29 20:10:38.158 Please replace `use_container_width` with `width`.

`use_container_width` will be removed after 2025-12-31.

For `use_container_width=True`, use `width='stretch'`. For `use_container_width=False`, use `width='content'`.
2026-07-29 20:10:38.194 Please replace `use_container_width` with `width`.

`use_container_width` will be removed after 2025-12-31.

For `use_container_width=True`, use `width='stretch'`. For `use_container_width=False`, use `width='content'`.
2026-07-29 20:10:38.229 Please replace `use_container_width` with `width`.

`use_container_width` will be removed after 2025-12-31.

For `use_container_width=True`, use `width='stretch'`. For `use_container_width=False`, use `width='content'`.
2026-07-29 20:10:38.266 Please replace `use_container_width` with `width`.

`use_container_width` will be removed after 2025-12-31.

For `use_container_width=True`, use `width='stretch'`. For `use_container_width=False`, use `width='content'`.
2026-07-29 20:10:38.301 Please replace `use_container_width` with `width`.

`use_container_width` will be removed after 2025-12-31.

For `use_container_width=True`, use `width='stretch'`. For `use_container_width=False`, use `width='content'`.
2026-07-29 20:10:38.339 Please replace `use_container_width` with `width`.

`use_container_width` will be removed after 2025-12-31.

For `use_container_width=True`, use `width='stretch'`. For `use_container_width=False`, use `width='content'`.
2026-07-29 20:10:38.374 Please replace `use_container_width` with `width`.

`use_container_width` will be removed after 2025-12-31.

For `use_container_width=True`, use `width='stretch'`. For `use_container_width=False`, use `width='content'`.
2026-07-29 20:10:38.409 Please replace `use_container_width` with `width`.

`use_container_width` will be removed after 2025-12-31.

For `use_container_width=True`, use `width='stretch'`. For `use_container_width=False`, use `width='content'`.
2026-07-29 20:10:38.445 Please replace `use_container_width` with `width`.

`use_container_width` will be removed after 2025-12-31.

For `use_container_width=True`, use `width='stretch'`. For `use_container_width=False`, use `width='content'`.
2026-07-29 20:10:38.480 Please replace `use_container_width` with `width`.

`use_container_width` will be removed after 2025-12-31.

For `use_container_width=True`, use `width='stretch'`. For `use_container_width=False`, use `width='content'`.
2026-07-29 20:10:38.514 Please replace `use_container_width` with `width`.

`use_container_width` will be removed after 2025-12-31.

For `use_container_width=True`, use `width='stretch'`. For `use_container_width=False`, use `width='content'`.
2026-07-29 20:10:38.550 Please replace `use_container_width` with `width`.

`use_container_width` will be removed after 2025-12-31.

For `use_container_width=True`, use `width='stretch'`. For `use_container_width=False`, use `width='content'`.
2026-07-29 20:10:38.585 Please replace `use_container_width` with `width`.

`use_container_width` will be removed after 2025-12-31.

For `use_container_width=True`, use `width='stretch'`. For `use_container_width=False`, use `width='content'`.
2026-07-29 20:10:38.620 Please replace `use_container_width` with `width`.

`use_container_width` will be removed after 2025-12-31.

For `use_container_width=True`, use `width='stretch'`. For `use_container_width=False`, use `width='content'`.
2026-07-29 20:10:38.656 Please replace `use_container_width` with `width`.

`use_container_width` will be removed after 2025-12-31.

For `use_container_width=True`, use `width='stretch'`. For `use_container_width=False`, use `width='content'`.
2026-07-29 20:10:38.703 Please replace `use_container_width` with `width`.

`use_container_width` will be removed after 2025-12-31.

For `use_container_width=True`, use `width='stretch'`. For `use_container_width=False`, use `width='content'`.
2026-07-29 20:10:38.738 Please replace `use_container_width` with `width`.

`use_container_width` will be removed after 2025-12-31.

For `use_container_width=True`, use `width='stretch'`. For `use_container_width=False`, use `width='content'`.
2026-07-29 20:10:38.773 Please replace `use_container_width` with `width`.

`use_container_width` will be removed after 2025-12-31.

For `use_container_width=True`, use `width='stretch'`. For `use_container_width=False`, use `width='content'`.
2026-07-29 20:10:38.786 Please replace `use_container_width` with `width`.

`use_container_width` will be removed after 2025-12-31.

For `use_container_width=True`, use `width='stretch'`. For `use_container_width=False`, use `width='content'`.
2026-07-29 20:10:38.786 Please replace `use_container_width` with `width`.

`use_container_width` will be removed after 2025-12-31.

For `use_container_width=True`, use `width='stretch'`. For `use_container_width=False`, use `width='content'`.
2026-07-29 20:10:38.818 Please replace `use_container_width` with `width`.

`use_container_width` will be removed after 2025-12-31.

For `use_container_width=True`, use `width='stretch'`. For `use_container_width=False`, use `width='content'`.
2026-07-29 20:10:38.853 Please replace `use_container_width` with `width`.

`use_container_width` will be removed after 2025-12-31.

For `use_container_width=True`, use `width='stretch'`. For `use_container_width=False`, use `width='content'`.
2026-07-29 20:10:38.888 Please replace `use_container_width` with `width`.

`use_container_width` will be removed after 2025-12-31.

For `use_container_width=True`, use `width='stretch'`. For `use_container_width=False`, use `width='content'`.
2026-07-29 20:10:38.923 Please replace `use_container_width` with `width`.

`use_container_width` will be removed after 2025-12-31.

For `use_container_width=True`, use `width='stretch'`. For `use_container_width=False`, use `width='content'`.
2026-07-29 20:10:38.958 Please replace `use_container_width` with `width`.

`use_container_width` will be removed after 2025-12-31.

For `use_container_width=True`, use `width='stretch'`. For `use_container_width=False`, use `width='content'`.
2026-07-29 20:10:38.993 Please replace `use_container_width` with `width`.

`use_container_width` will be removed after 2025-12-31.

For `use_container_width=True`, use `width='stretch'`. For `use_container_width=False`, use `width='content'`.
2026-07-29 20:10:39.029 Please replace `use_container_width` with `width`.

`use_container_width` will be removed after 2025-12-31.

For `use_container_width=True`, use `width='stretch'`. For `use_container_width=False`, use `width='content'`.
2026-07-29 20:10:39.063 Please replace `use_container_width` with `width`.

`use_container_width` will be removed after 2025-12-31.

For `use_container_width=True`, use `width='stretch'`. For `use_container_width=False`, use `width='content'`.
2026-07-29 20:10:39.098 Please replace `use_container_width` with `width`.

`use_container_width` will be removed after 2025-12-31.

For `use_container_width=True`, use `width='stretch'`. For `use_container_width=False`, use `width='content'`.
2026-07-29 20:10:39.134 Please replace `use_container_width` with `width`.

`use_container_width` will be removed after 2025-12-31.

For `use_container_width=True`, use `width='stretch'`. For `use_container_width=False`, use `width='content'`.
2026-07-29 20:10:39.169 Please replace `use_container_width` with `width`.

`use_container_width` will be removed after 2025-12-31.

For `use_container_width=True`, use `width='stretch'`. For `use_container_width=False`, use `width='content'`.
2026-07-29 20:10:39.204 Please replace `use_container_width` with `width`.

`use_container_width` will be removed after 2025-12-31.

For `use_container_width=True`, use `width='stretch'`. For `use_container_width=False`, use `width='content'`.
2026-07-29 20:10:39.240 Please replace `use_container_width` with `width`.

`use_container_width` will be removed after 2025-12-31.

For `use_container_width=True`, use `width='stretch'`. For `use_container_width=False`, use `width='content'`.
2026-07-29 20:10:39.275 Please replace `use_container_width` with `width`.

`use_container_width` will be removed after 2025-12-31.

For `use_container_width=True`, use `width='stretch'`. For `use_container_width=False`, use `width='content'`.
2026-07-29 20:10:39.310 Please replace `use_container_width` with `width`.

`use_container_width` will be removed after 2025-12-31.

For `use_container_width=True`, use `width='stretch'`. For `use_container_width=False`, use `width='content'`.
2026-07-29 20:10:39.346 Please replace `use_container_width` with `width`.

`use_container_width` will be removed after 2025-12-31.

For `use_container_width=True`, use `width='stretch'`. For `use_container_width=False`, use `width='content'`.
2026-07-29 20:10:39.381 Please replace `use_container_width` with `width`.

`use_container_width` will be removed after 2025-12-31.

For `use_container_width=True`, use `width='stretch'`. For `use_container_width=False`, use `width='content'`.
2026-07-29 20:10:39.416 Please replace `use_container_width` with `width`.

`use_container_width` will be removed after 2025-12-31.

For `use_container_width=True`, use `width='stretch'`. For `use_container_width=False`, use `width='content'`.
2026-07-29 20:10:39.450 Please replace `use_container_width` with `width`.

`use_container_width` will be removed after 2025-12-31.

For `use_container_width=True`, use `width='stretch'`. For `use_container_width=False`, use `width='content'`.
2026-07-29 20:10:39.488 Please replace `use_container_width` with `width`.

`use_container_width` will be removed after 2025-12-31.

For `use_container_width=True`, use `width='stretch'`. For `use_container_width=False`, use `width='content'`.
2026-07-29 20:10:39.523 Please replace `use_container_width` with `width`.

`use_container_width` will be removed after 2025-12-31.

For `use_container_width=True`, use `width='stretch'`. For `use_container_width=False`, use `width='content'`.
2026-07-29 20:10:39.556 Please replace `use_container_width` with `width`.

`use_container_width` will be removed after 2025-12-31.

For `use_container_width=True`, use `width='stretch'`. For `use_container_width=False`, use `width='content'`.
2026-07-29 20:10:39.591 Please replace `use_container_width` with `width`.

`use_container_width` will be removed after 2025-12-31.

For `use_container_width=True`, use `width='stretch'`. For `use_container_width=False`, use `width='content'`.
2026-07-29 20:10:39.625 Please replace `use_container_width` with `width`.

`use_container_width` will be removed after 2025-12-31.

For `use_container_width=True`, use `width='stretch'`. For `use_container_width=False`, use `width='content'`.
2026-07-29 20:10:39.660 Please replace `use_container_width` with `width`.

`use_container_width` will be removed after 2025-12-31.

For `use_container_width=True`, use `width='stretch'`. For `use_container_width=False`, use `width='content'`.
2026-07-29 20:10:39.696 Please replace `use_container_width` with `width`.

`use_container_width` will be removed after 2025-12-31.

For `use_container_width=True`, use `width='stretch'`. For `use_container_width=False`, use `width='content'`.
2026-07-29 20:10:39.730 Please replace `use_container_width` with `width`.

`use_container_width` will be removed after 2025-12-31.

For `use_container_width=True`, use `width='stretch'`. For `use_container_width=False`, use `width='content'`.
2026-07-29 20:10:39.765 Please replace `use_container_width` with `width`.

`use_container_width` will be removed after 2025-12-31.

For `use_container_width=True`, use `width='stretch'`. For `use_container_width=False`, use `width='content'`.
2026-07-29 20:10:39.800 Please replace `use_container_width` with `width`.

`use_container_width` will be removed after 2025-12-31.

For `use_container_width=True`, use `width='stretch'`. For `use_container_width=False`, use `width='content'`.
2026-07-29 20:10:39.812 Please replace `use_container_width` with `width`.

`use_container_width` will be removed after 2025-12-31.

For `use_container_width=True`, use `width='stretch'`. For `use_container_width=False`, use `width='content'`.
2026-07-29 20:10:39.813 Please replace `use_container_width` with `width`.

`use_container_width` will be removed after 2025-12-31.

For `use_container_width=True`, use `width='stretch'`. For `use_container_width=False`, use `width='content'`.
2026-07-29 20:10:39.844 Please replace `use_container_width` with `width`.

`use_container_width` will be removed after 2025-12-31.

For `use_container_width=True`, use `width='stretch'`. For `use_container_width=False`, use `width='content'`.
2026-07-29 20:10:39.880 Please replace `use_container_width` with `width`.

`use_container_width` will be removed after 2025-12-31.

For `use_container_width=True`, use `width='stretch'`. For `use_container_width=False`, use `width='content'`.
2026-07-29 20:10:39.916 Please replace `use_container_width` with `width`.

`use_container_width` will be removed after 2025-12-31.

For `use_container_width=True`, use `width='stretch'`. For `use_container_width=False`, use `width='content'`.
2026-07-29 20:10:39.952 Please replace `use_container_width` with `width`.

`use_container_width` will be removed after 2025-12-31.

For `use_container_width=True`, use `width='stretch'`. For `use_container_width=False`, use `width='content'`.
2026-07-29 20:10:39.987 Please replace `use_container_width` with `width`.

`use_container_width` will be removed after 2025-12-31.

For `use_container_width=True`, use `width='stretch'`. For `use_container_width=False`, use `width='content'`.
2026-07-29 20:10:40.021 Please replace `use_container_width` with `width`.

`use_container_width` will be removed after 2025-12-31.

For `use_container_width=True`, use `width='stretch'`. For `use_container_width=False`, use `width='content'`.
2026-07-29 20:10:40.056 Please replace `use_container_width` with `width`.

`use_container_width` will be removed after 2025-12-31.

For `use_container_width=True`, use `width='stretch'`. For `use_container_width=False`, use `width='content'`.
2026-07-29 20:10:40.091 Please replace `use_container_width` with `width`.

`use_container_width` will be removed after 2025-12-31.

For `use_container_width=True`, use `width='stretch'`. For `use_container_width=False`, use `width='content'`.
2026-07-29 20:10:40.124 Please replace `use_container_width` with `width`.

`use_container_width` will be removed after 2025-12-31.

For `use_container_width=True`, use `width='stretch'`. For `use_container_width=False`, use `width='content'`.
2026-07-29 20:10:40.159 Please replace `use_container_width` with `width`.

`use_container_width` will be removed after 2025-12-31.

For `use_container_width=True`, use `width='stretch'`. For `use_container_width=False`, use `width='content'`.
2026-07-29 20:10:40.195 Please replace `use_container_width` with `width`.

`use_container_width` will be removed after 2025-12-31.

For `use_container_width=True`, use `width='stretch'`. For `use_container_width=False`, use `width='content'`.
2026-07-29 20:10:40.229 Please replace `use_container_width` with `width`.

`use_container_width` will be removed after 2025-12-31.

For `use_container_width=True`, use `width='stretch'`. For `use_container_width=False`, use `width='content'`.
2026-07-29 20:10:40.264 Please replace `use_container_width` with `width`.

`use_container_width` will be removed after 2025-12-31.

For `use_container_width=True`, use `width='stretch'`. For `use_container_width=False`, use `width='content'`.
2026-07-29 20:10:40.299 Please replace `use_container_width` with `width`.

`use_container_width` will be removed after 2025-12-31.

For `use_container_width=True`, use `width='stretch'`. For `use_container_width=False`, use `width='content'`.
2026-07-29 20:10:40.333 Please replace `use_container_width` with `width`.

`use_container_width` will be removed after 2025-12-31.

For `use_container_width=True`, use `width='stretch'`. For `use_container_width=False`, use `width='content'`.
2026-07-29 20:10:40.368 Please replace `use_container_width` with `width`.

`use_container_width` will be removed after 2025-12-31.

For `use_container_width=True`, use `width='stretch'`. For `use_container_width=False`, use `width='content'`.
2026-07-29 20:10:40.403 Please replace `use_container_width` with `width`.

`use_container_width` will be removed after 2025-12-31.

For `use_container_width=True`, use `width='stretch'`. For `use_container_width=False`, use `width='content'`.
2026-07-29 20:10:40.439 Please replace `use_container_width` with `width`.

`use_container_width` will be removed after 2025-12-31.

For `use_container_width=True`, use `width='stretch'`. For `use_container_width=False`, use `width='content'`.
2026-07-29 20:10:40.473 Please replace `use_container_width` with `width`.

`use_container_width` will be removed after 2025-12-31.

For `use_container_width=True`, use `width='stretch'`. For `use_container_width=False`, use `width='content'`.
2026-07-29 20:10:40.509 Please replace `use_container_width` with `width`.

`use_container_width` will be removed after 2025-12-31.

For `use_container_width=True`, use `width='stretch'`. For `use_container_width=False`, use `width='content'`.
2026-07-29 20:10:40.545 Please replace `use_container_width` with `width`.

`use_container_width` will be removed after 2025-12-31.

For `use_container_width=True`, use `width='stretch'`. For `use_container_width=False`, use `width='content'`.
2026-07-29 20:10:40.580 Please replace `use_container_width` with `width`.

`use_container_width` will be removed after 2025-12-31.

For `use_container_width=True`, use `width='stretch'`. For `use_container_width=False`, use `width='content'`.
2026-07-29 20:10:40.615 Please replace `use_container_width` with `width`.

`use_container_width` will be removed after 2025-12-31.

For `use_container_width=True`, use `width='stretch'`. For `use_container_width=False`, use `width='content'`.
2026-07-29 20:10:40.650 Please replace `use_container_width` with `width`.

`use_container_width` will be removed after 2025-12-31.

For `use_container_width=True`, use `width='stretch'`. For `use_container_width=False`, use `width='content'`.
2026-07-29 20:10:40.686 Please replace `use_container_width` with `width`.

`use_container_width` will be removed after 2025-12-31.

For `use_container_width=True`, use `width='stretch'`. For `use_container_width=False`, use `width='content'`.
2026-07-29 20:10:40.721 Please replace `use_container_width` with `width`.

`use_container_width` will be removed after 2025-12-31.

For `use_container_width=True`, use `width='stretch'`. For `use_container_width=False`, use `width='content'`.
2026-07-29 20:10:40.755 Please replace `use_container_width` with `width`.

`use_container_width` will be removed after 2025-12-31.

For `use_container_width=True`, use `width='stretch'`. For `use_container_width=False`, use `width='content'`.
2026-07-29 20:10:40.790 Please replace `use_container_width` with `width`.

`use_container_width` will be removed after 2025-12-31.

For `use_container_width=True`, use `width='stretch'`. For `use_container_width=False`, use `width='content'`.
2026-07-29 20:10:40.825 Please replace `use_container_width` with `width`.

`use_container_width` will be removed after 2025-12-31.

For `use_container_width=True`, use `width='stretch'`. For `use_container_width=False`, use `width='content'`.
2026-07-29 20:10:40.836 Please replace `use_container_width` with `width`.

`use_container_width` will be removed after 2025-12-31.

For `use_container_width=True`, use `width='stretch'`. For `use_container_width=False`, use `width='content'`.
2026-07-29 20:10:40.837 Please replace `use_container_width` with `width`.

`use_container_width` will be removed after 2025-12-31.

For `use_container_width=True`, use `width='stretch'`. For `use_container_width=False`, use `width='content'`.
2026-07-29 20:10:40.869 Please replace `use_container_width` with `width`.

`use_container_width` will be removed after 2025-12-31.

For `use_container_width=True`, use `width='stretch'`. For `use_container_width=False`, use `width='content'`.
2026-07-29 20:10:40.903 Please replace `use_container_width` with `width`.

`use_container_width` will be removed after 2025-12-31.

For `use_container_width=True`, use `width='stretch'`. For `use_container_width=False`, use `width='content'`.
2026-07-29 20:10:40.938 Please replace `use_container_width` with `width`.

`use_container_width` will be removed after 2025-12-31.

For `use_container_width=True`, use `width='stretch'`. For `use_container_width=False`, use `width='content'`.
2026-07-29 20:10:40.973 Please replace `use_container_width` with `width`.

`use_container_width` will be removed after 2025-12-31.

For `use_container_width=True`, use `width='stretch'`. For `use_container_width=False`, use `width='content'`.
2026-07-29 20:10:41.008 Please replace `use_container_width` with `width`.

`use_container_width` will be removed after 2025-12-31.

For `use_container_width=True`, use `width='stretch'`. For `use_container_width=False`, use `width='content'`.
2026-07-29 20:10:41.043 Please replace `use_container_width` with `width`.

`use_container_width` will be removed after 2025-12-31.

For `use_container_width=True`, use `width='stretch'`. For `use_container_width=False`, use `width='content'`.
2026-07-29 20:10:41.078 Please replace `use_container_width` with `width`.

`use_container_width` will be removed after 2025-12-31.

For `use_container_width=True`, use `width='stretch'`. For `use_container_width=False`, use `width='content'`.
2026-07-29 20:10:41.113 Please replace `use_container_width` with `width`.

`use_container_width` will be removed after 2025-12-31.

For `use_container_width=True`, use `width='stretch'`. For `use_container_width=False`, use `width='content'`.
2026-07-29 20:10:41.149 Please replace `use_container_width` with `width`.

`use_container_width` will be removed after 2025-12-31.

For `use_container_width=True`, use `width='stretch'`. For `use_container_width=False`, use `width='content'`.
2026-07-29 20:10:41.184 Please replace `use_container_width` with `width`.

`use_container_width` will be removed after 2025-12-31.

For `use_container_width=True`, use `width='stretch'`. For `use_container_width=False`, use `width='content'`.
2026-07-29 20:10:41.218 Please replace `use_container_width` with `width`.

`use_container_width` will be removed after 2025-12-31.

For `use_container_width=True`, use `width='stretch'`. For `use_container_width=False`, use `width='content'`.
2026-07-29 20:10:41.254 Please replace `use_container_width` with `width`.

`use_container_width` will be removed after 2025-12-31.

For `use_container_width=True`, use `width='stretch'`. For `use_container_width=False`, use `width='content'`.
2026-07-29 20:10:41.289 Please replace `use_container_width` with `width`.

`use_container_width` will be removed after 2025-12-31.

For `use_container_width=True`, use `width='stretch'`. For `use_container_width=False`, use `width='content'`.
2026-07-29 20:10:41.323 Please replace `use_container_width` with `width`.

`use_container_width` will be removed after 2025-12-31.

For `use_container_width=True`, use `width='stretch'`. For `use_container_width=False`, use `width='content'`.
2026-07-29 20:10:41.358 Please replace `use_container_width` with `width`.

`use_container_width` will be removed after 2025-12-31.

For `use_container_width=True`, use `width='stretch'`. For `use_container_width=False`, use `width='content'`.
2026-07-29 20:10:41.392 Please replace `use_container_width` with `width`.

`use_container_width` will be removed after 2025-12-31.

For `use_container_width=True`, use `width='stretch'`. For `use_container_width=False`, use `width='content'`.
2026-07-29 20:10:41.427 Please replace `use_container_width` with `width`.

`use_container_width` will be removed after 2025-12-31.

For `use_container_width=True`, use `width='stretch'`. For `use_container_width=False`, use `width='content'`.
2026-07-29 20:10:41.463 Please replace `use_container_width` with `width`.

`use_container_width` will be removed after 2025-12-31.

For `use_container_width=True`, use `width='stretch'`. For `use_container_width=False`, use `width='content'`.
2026-07-29 20:10:41.498 Please replace `use_container_width` with `width`.

`use_container_width` will be removed after 2025-12-31.

For `use_container_width=True`, use `width='stretch'`. For `use_container_width=False`, use `width='content'`.
2026-07-29 20:10:41.533 Please replace `use_container_width` with `width`.

`use_container_width` will be removed after 2025-12-31.

For `use_container_width=True`, use `width='stretch'`. For `use_container_width=False`, use `width='content'`.
2026-07-29 20:10:41.568 Please replace `use_container_width` with `width`.

`use_container_width` will be removed after 2025-12-31.

For `use_container_width=True`, use `width='stretch'`. For `use_container_width=False`, use `width='content'`.
2026-07-29 20:10:41.604 Please replace `use_container_width` with `width`.

`use_container_width` will be removed after 2025-12-31.

For `use_container_width=True`, use `width='stretch'`. For `use_container_width=False`, use `width='content'`.
2026-07-29 20:10:41.639 Please replace `use_container_width` with `width`.

`use_container_width` will be removed after 2025-12-31.

For `use_container_width=True`, use `width='stretch'`. For `use_container_width=False`, use `width='content'`.
2026-07-29 20:10:41.673 Please replace `use_container_width` with `width`.

`use_container_width` will be removed after 2025-12-31.

For `use_container_width=True`, use `width='stretch'`. For `use_container_width=False`, use `width='content'`.
2026-07-29 20:10:41.708 Please replace `use_container_width` with `width`.

`use_container_width` will be removed after 2025-12-31.

For `use_container_width=True`, use `width='stretch'`. For `use_container_width=False`, use `width='content'`.
2026-07-29 20:10:41.743 Please replace `use_container_width` with `width`.

`use_container_width` will be removed after 2025-12-31.

For `use_container_width=True`, use `width='stretch'`. For `use_container_width=False`, use `width='content'`.
2026-07-29 20:10:41.789 Please replace `use_container_width` with `width`.

`use_container_width` will be removed after 2025-12-31.

For `use_container_width=True`, use `width='stretch'`. For `use_container_width=False`, use `width='content'`.
2026-07-29 20:10:41.823 Please replace `use_container_width` with `width`.

`use_container_width` will be removed after 2025-12-31.

For `use_container_width=True`, use `width='stretch'`. For `use_container_width=False`, use `width='content'`.
2026-07-29 20:10:41.836 Please replace `use_container_width` with `width`.

`use_container_width` will be removed after 2025-12-31.

For `use_container_width=True`, use `width='stretch'`. For `use_container_width=False`, use `width='content'`.
2026-07-29 20:10:41.838 Please replace `use_container_width` with `width`.

`use_container_width` will be removed after 2025-12-31.

For `use_container_width=True`, use `width='stretch'`. For `use_container_width=False`, use `width='content'`.
2026-07-29 20:10:41.869 Please replace `use_container_width` with `width`.

`use_container_width` will be removed after 2025-12-31.

For `use_container_width=True`, use `width='stretch'`. For `use_container_width=False`, use `width='content'`.
2026-07-29 20:10:41.905 Please replace `use_container_width` with `width`.

`use_container_width` will be removed after 2025-12-31.

For `use_container_width=True`, use `width='stretch'`. For `use_container_width=False`, use `width='content'`.
2026-07-29 20:10:41.939 Please replace `use_container_width` with `width`.

`use_container_width` will be removed after 2025-12-31.

For `use_container_width=True`, use `width='stretch'`. For `use_container_width=False`, use `width='content'`.
2026-07-29 20:10:41.974 Please replace `use_container_width` with `width`.

`use_container_width` will be removed after 2025-12-31.

For `use_container_width=True`, use `width='stretch'`. For `use_container_width=False`, use `width='content'`.
2026-07-29 20:10:42.008 Please replace `use_container_width` with `width`.

`use_container_width` will be removed after 2025-12-31.

For `use_container_width=True`, use `width='stretch'`. For `use_container_width=False`, use `width='content'`.
2026-07-29 20:10:42.043 Please replace `use_container_width` with `width`.

`use_container_width` will be removed after 2025-12-31.

For `use_container_width=True`, use `width='stretch'`. For `use_container_width=False`, use `width='content'`.
2026-07-29 20:10:42.079 Please replace `use_container_width` with `width`.

`use_container_width` will be removed after 2025-12-31.

For `use_container_width=True`, use `width='stretch'`. For `use_container_width=False`, use `width='content'`.
2026-07-29 20:10:42.113 Please replace `use_container_width` with `width`.

`use_container_width` will be removed after 2025-12-31.

For `use_container_width=True`, use `width='stretch'`. For `use_container_width=False`, use `width='content'`.
2026-07-29 20:10:42.158 Please replace `use_container_width` with `width`.

`use_container_width` will be removed after 2025-12-31.

For `use_container_width=True`, use `width='stretch'`. For `use_container_width=False`, use `width='content'`.
2026-07-29 20:10:42.193 Please replace `use_container_width` with `width`.

`use_container_width` will be removed after 2025-12-31.

For `use_container_width=True`, use `width='stretch'`. For `use_container_width=False`, use `width='content'`.
2026-07-29 20:10:42.229 Please replace `use_container_width` with `width`.

`use_container_width` will be removed after 2025-12-31.

For `use_container_width=True`, use `width='stretch'`. For `use_container_width=False`, use `width='content'`.
2026-07-29 20:10:42.264 Please replace `use_container_width` with `width`.

`use_container_width` will be removed after 2025-12-31.

For `use_container_width=True`, use `width='stretch'`. For `use_container_width=False`, use `width='content'`.
2026-07-29 20:10:42.300 Please replace `use_container_width` with `width`.

`use_container_width` will be removed after 2025-12-31.

For `use_container_width=True`, use `width='stretch'`. For `use_container_width=False`, use `width='content'`.
2026-07-29 20:10:42.335 Please replace `use_container_width` with `width`.

`use_container_width` will be removed after 2025-12-31.

For `use_container_width=True`, use `width='stretch'`. For `use_container_width=False`, use `width='content'`.
2026-07-29 20:10:42.371 Please replace `use_container_width` with `width`.

`use_container_width` will be removed after 2025-12-31.

For `use_container_width=True`, use `width='stretch'`. For `use_container_width=False`, use `width='content'`.
2026-07-29 20:10:42.405 Please replace `use_container_width` with `width`.

`use_container_width` will be removed after 2025-12-31.

For `use_container_width=True`, use `width='stretch'`. For `use_container_width=False`, use `width='content'`.
2026-07-29 20:10:42.441 Please replace `use_container_width` with `width`.

`use_container_width` will be removed after 2025-12-31.

For `use_container_width=True`, use `width='stretch'`. For `use_container_width=False`, use `width='content'`.
2026-07-29 20:10:42.476 Please replace `use_container_width` with `width`.

`use_container_width` will be removed after 2025-12-31.

For `use_container_width=True`, use `width='stretch'`. For `use_container_width=False`, use `width='content'`.
2026-07-29 20:10:42.512 Please replace `use_container_width` with `width`.

`use_container_width` will be removed after 2025-12-31.

For `use_container_width=True`, use `width='stretch'`. For `use_container_width=False`, use `width='content'`.
2026-07-29 20:10:42.547 Please replace `use_container_width` with `width`.

`use_container_width` will be removed after 2025-12-31.

For `use_container_width=True`, use `width='stretch'`. For `use_container_width=False`, use `width='content'`.
2026-07-29 20:10:42.582 Please replace `use_container_width` with `width`.

`use_container_width` will be removed after 2025-12-31.

For `use_container_width=True`, use `width='stretch'`. For `use_container_width=False`, use `width='content'`.
2026-07-29 20:10:42.617 Please replace `use_container_width` with `width`.

`use_container_width` will be removed after 2025-12-31.

For `use_container_width=True`, use `width='stretch'`. For `use_container_width=False`, use `width='content'`.
2026-07-29 20:10:42.652 Please replace `use_container_width` with `width`.

`use_container_width` will be removed after 2025-12-31.

For `use_container_width=True`, use `width='stretch'`. For `use_container_width=False`, use `width='content'`.
2026-07-29 20:10:42.688 Please replace `use_container_width` with `width`.

`use_container_width` will be removed after 2025-12-31.

For `use_container_width=True`, use `width='stretch'`. For `use_container_width=False`, use `width='content'`.
2026-07-29 20:10:42.722 Please replace `use_container_width` with `width`.

`use_container_width` will be removed after 2025-12-31.

For `use_container_width=True`, use `width='stretch'`. For `use_container_width=False`, use `width='content'`.
2026-07-29 20:10:42.757 Please replace `use_container_width` with `width`.

`use_container_width` will be removed after 2025-12-31.

For `use_container_width=True`, use `width='stretch'`. For `use_container_width=False`, use `width='content'`.
2026-07-29 20:10:42.792 Please replace `use_container_width` with `width`.

`use_container_width` will be removed after 2025-12-31.

For `use_container_width=True`, use `width='stretch'`. For `use_container_width=False`, use `width='content'`.
2026-07-29 20:10:42.825 Please replace `use_container_width` with `width`.

`use_container_width` will be removed after 2025-12-31.

For `use_container_width=True`, use `width='stretch'`. For `use_container_width=False`, use `width='content'`.
2026-07-29 20:10:42.837 Please replace `use_container_width` with `width`.

`use_container_width` will be removed after 2025-12-31.

For `use_container_width=True`, use `width='stretch'`. For `use_container_width=False`, use `width='content'`.
2026-07-29 20:10:42.839 Please replace `use_container_width` with `width`.

`use_container_width` will be removed after 2025-12-31.

For `use_container_width=True`, use `width='stretch'`. For `use_container_width=False`, use `width='content'`.
2026-07-29 20:10:42.871 Please replace `use_container_width` with `width`.

`use_container_width` will be removed after 2025-12-31.

For `use_container_width=True`, use `width='stretch'`. For `use_container_width=False`, use `width='content'`.
2026-07-29 20:10:42.905 Please replace `use_container_width` with `width`.

`use_container_width` will be removed after 2025-12-31.

For `use_container_width=True`, use `width='stretch'`. For `use_container_width=False`, use `width='content'`.
2026-07-29 20:10:42.940 Please replace `use_container_width` with `width`.

`use_container_width` will be removed after 2025-12-31.

For `use_container_width=True`, use `width='stretch'`. For `use_container_width=False`, use `width='content'`.
2026-07-29 20:10:42.975 Please replace `use_container_width` with `width`.

`use_container_width` will be removed after 2025-12-31.

For `use_container_width=True`, use `width='stretch'`. For `use_container_width=False`, use `width='content'`.
2026-07-29 20:10:43.009 Please replace `use_container_width` with `width`.

`use_container_width` will be removed after 2025-12-31.

For `use_container_width=True`, use `width='stretch'`. For `use_container_width=False`, use `width='content'`.
2026-07-29 20:10:43.045 Please replace `use_container_width` with `width`.

`use_container_width` will be removed after 2025-12-31.

For `use_container_width=True`, use `width='stretch'`. For `use_container_width=False`, use `width='content'`.
2026-07-29 20:10:43.080 Please replace `use_container_width` with `width`.

`use_container_width` will be removed after 2025-12-31.

For `use_container_width=True`, use `width='stretch'`. For `use_container_width=False`, use `width='content'`.
2026-07-29 20:10:43.116 Please replace `use_container_width` with `width`.

`use_container_width` will be removed after 2025-12-31.

For `use_container_width=True`, use `width='stretch'`. For `use_container_width=False`, use `width='content'`.
2026-07-29 20:10:43.152 Please replace `use_container_width` with `width`.

`use_container_width` will be removed after 2025-12-31.

For `use_container_width=True`, use `width='stretch'`. For `use_container_width=False`, use `width='content'`.
2026-07-29 20:10:43.187 Please replace `use_container_width` with `width`.

`use_container_width` will be removed after 2025-12-31.

For `use_container_width=True`, use `width='stretch'`. For `use_container_width=False`, use `width='content'`.
2026-07-29 20:10:43.223 Please replace `use_container_width` with `width`.

`use_container_width` will be removed after 2025-12-31.

For `use_container_width=True`, use `width='stretch'`. For `use_container_width=False`, use `width='content'`.
2026-07-29 20:10:43.257 Please replace `use_container_width` with `width`.

`use_container_width` will be removed after 2025-12-31.

For `use_container_width=True`, use `width='stretch'`. For `use_container_width=False`, use `width='content'`.
2026-07-29 20:10:43.292 Please replace `use_container_width` with `width`.

`use_container_width` will be removed after 2025-12-31.

For `use_container_width=True`, use `width='stretch'`. For `use_container_width=False`, use `width='content'`.
2026-07-29 20:10:43.327 Please replace `use_container_width` with `width`.

`use_container_width` will be removed after 2025-12-31.

For `use_container_width=True`, use `width='stretch'`. For `use_container_width=False`, use `width='content'`.
2026-07-29 20:10:43.361 Please replace `use_container_width` with `width`.

`use_container_width` will be removed after 2025-12-31.

For `use_container_width=True`, use `width='stretch'`. For `use_container_width=False`, use `width='content'`.
2026-07-29 20:10:43.397 Please replace `use_container_width` with `width`.

`use_container_width` will be removed after 2025-12-31.

For `use_container_width=True`, use `width='stretch'`. For `use_container_width=False`, use `width='content'`.
2026-07-29 20:10:43.433 Please replace `use_container_width` with `width`.

`use_container_width` will be removed after 2025-12-31.

For `use_container_width=True`, use `width='stretch'`. For `use_container_width=False`, use `width='content'`.
2026-07-29 20:10:43.468 Please replace `use_container_width` with `width`.

`use_container_width` will be removed after 2025-12-31.

For `use_container_width=True`, use `width='stretch'`. For `use_container_width=False`, use `width='content'`.
2026-07-29 20:10:43.504 Please replace `use_container_width` with `width`.

`use_container_width` will be removed after 2025-12-31.

For `use_container_width=True`, use `width='stretch'`. For `use_container_width=False`, use `width='content'`.
2026-07-29 20:10:43.539 Please replace `use_container_width` with `width`.

`use_container_width` will be removed after 2025-12-31.

For `use_container_width=True`, use `width='stretch'`. For `use_container_width=False`, use `width='content'`.
2026-07-29 20:10:43.574 Please replace `use_container_width` with `width`.

`use_container_width` will be removed after 2025-12-31.

For `use_container_width=True`, use `width='stretch'`. For `use_container_width=False`, use `width='content'`.
2026-07-29 20:10:43.608 Please replace `use_container_width` with `width`.

`use_container_width` will be removed after 2025-12-31.

For `use_container_width=True`, use `width='stretch'`. For `use_container_width=False`, use `width='content'`.
2026-07-29 20:10:43.644 Please replace `use_container_width` with `width`.

`use_container_width` will be removed after 2025-12-31.

For `use_container_width=True`, use `width='stretch'`. For `use_container_width=False`, use `width='content'`.
2026-07-29 20:10:43.679 Please replace `use_container_width` with `width`.

`use_container_width` will be removed after 2025-12-31.

For `use_container_width=True`, use `width='stretch'`. For `use_container_width=False`, use `width='content'`.
2026-07-29 20:10:43.714 Please replace `use_container_width` with `width`.

`use_container_width` will be removed after 2025-12-31.

For `use_container_width=True`, use `width='stretch'`. For `use_container_width=False`, use `width='content'`.
2026-07-29 20:10:43.750 Please replace `use_container_width` with `width`.

`use_container_width` will be removed after 2025-12-31.

For `use_container_width=True`, use `width='stretch'`. For `use_container_width=False`, use `width='content'`.
2026-07-29 20:10:43.786 Please replace `use_container_width` with `width`.

`use_container_width` will be removed after 2025-12-31.

For `use_container_width=True`, use `width='stretch'`. For `use_container_width=False`, use `width='content'`.
2026-07-29 20:10:43.821 Please replace `use_container_width` with `width`.

`use_container_width` will be removed after 2025-12-31.

For `use_container_width=True`, use `width='stretch'`. For `use_container_width=False`, use `width='content'`.
2026-07-29 20:10:43.856 Please replace `use_container_width` with `width`.

`use_container_width` will be removed after 2025-12-31.

For `use_container_width=True`, use `width='stretch'`. For `use_container_width=False`, use `width='content'`.
2026-07-29 20:10:43.867 Please replace `use_container_width` with `width`.

`use_container_width` will be removed after 2025-12-31.

For `use_container_width=True`, use `width='stretch'`. For `use_container_width=False`, use `width='content'`.
2026-07-29 20:10:43.869 Please replace `use_container_width` with `width`.

`use_container_width` will be removed after 2025-12-31.

For `use_container_width=True`, use `width='stretch'`. For `use_container_width=False`, use `width='content'`.
2026-07-29 20:10:43.899 Please replace `use_container_width` with `width`.

`use_container_width` will be removed after 2025-12-31.

For `use_container_width=True`, use `width='stretch'`. For `use_container_width=False`, use `width='content'`.
2026-07-29 20:10:43.934 Please replace `use_container_width` with `width`.

`use_container_width` will be removed after 2025-12-31.

For `use_container_width=True`, use `width='stretch'`. For `use_container_width=False`, use `width='content'`.
2026-07-29 20:10:43.969 Please replace `use_container_width` with `width`.

`use_container_width` will be removed after 2025-12-31.

For `use_container_width=True`, use `width='stretch'`. For `use_container_width=False`, use `width='content'`.
2026-07-29 20:10:44.005 Please replace `use_container_width` with `width`.

`use_container_width` will be removed after 2025-12-31.

For `use_container_width=True`, use `width='stretch'`. For `use_container_width=False`, use `width='content'`.
2026-07-29 20:10:44.041 Please replace `use_container_width` with `width`.

`use_container_width` will be removed after 2025-12-31.

For `use_container_width=True`, use `width='stretch'`. For `use_container_width=False`, use `width='content'`.
2026-07-29 20:10:44.075 Please replace `use_container_width` with `width`.

`use_container_width` will be removed after 2025-12-31.

For `use_container_width=True`, use `width='stretch'`. For `use_container_width=False`, use `width='content'`.
2026-07-29 20:10:44.109 Please replace `use_container_width` with `width`.

`use_container_width` will be removed after 2025-12-31.

For `use_container_width=True`, use `width='stretch'`. For `use_container_width=False`, use `width='content'`.
2026-07-29 20:10:44.144 Please replace `use_container_width` with `width`.

`use_container_width` will be removed after 2025-12-31.

For `use_container_width=True`, use `width='stretch'`. For `use_container_width=False`, use `width='content'`.
2026-07-29 20:10:44.178 Please replace `use_container_width` with `width`.

`use_container_width` will be removed after 2025-12-31.

For `use_container_width=True`, use `width='stretch'`. For `use_container_width=False`, use `width='content'`.
2026-07-29 20:10:44.213 Please replace `use_container_width` with `width`.

`use_container_width` will be removed after 2025-12-31.

For `use_container_width=True`, use `width='stretch'`. For `use_container_width=False`, use `width='content'`.
2026-07-29 20:10:44.249 Please replace `use_container_width` with `width`.

`use_container_width` will be removed after 2025-12-31.

For `use_container_width=True`, use `width='stretch'`. For `use_container_width=False`, use `width='content'`.
2026-07-29 20:10:44.285 Please replace `use_container_width` with `width`.

`use_container_width` will be removed after 2025-12-31.

For `use_container_width=True`, use `width='stretch'`. For `use_container_width=False`, use `width='content'`.
2026-07-29 20:10:44.321 Please replace `use_container_width` with `width`.

`use_container_width` will be removed after 2025-12-31.

For `use_container_width=True`, use `width='stretch'`. For `use_container_width=False`, use `width='content'`.
2026-07-29 20:10:44.355 Please replace `use_container_width` with `width`.

`use_container_width` will be removed after 2025-12-31.

For `use_container_width=True`, use `width='stretch'`. For `use_container_width=False`, use `width='content'`.
2026-07-29 20:10:44.390 Please replace `use_container_width` with `width`.

`use_container_width` will be removed after 2025-12-31.

For `use_container_width=True`, use `width='stretch'`. For `use_container_width=False`, use `width='content'`.
2026-07-29 20:10:44.425 Please replace `use_container_width` with `width`.

`use_container_width` will be removed after 2025-12-31.

For `use_container_width=True`, use `width='stretch'`. For `use_container_width=False`, use `width='content'`.
2026-07-29 20:10:44.461 Please replace `use_container_width` with `width`.

`use_container_width` will be removed after 2025-12-31.

For `use_container_width=True`, use `width='stretch'`. For `use_container_width=False`, use `width='content'`.
2026-07-29 20:10:44.495 Please replace `use_container_width` with `width`.

`use_container_width` will be removed after 2025-12-31.

For `use_container_width=True`, use `width='stretch'`. For `use_container_width=False`, use `width='content'`.
2026-07-29 20:10:44.532 Please replace `use_container_width` with `width`.

`use_container_width` will be removed after 2025-12-31.

For `use_container_width=True`, use `width='stretch'`. For `use_container_width=False`, use `width='content'`.
2026-07-29 20:10:44.568 Please replace `use_container_width` with `width`.

`use_container_width` will be removed after 2025-12-31.

For `use_container_width=True`, use `width='stretch'`. For `use_container_width=False`, use `width='content'`.
2026-07-29 20:10:44.603 Please replace `use_container_width` with `width`.

`use_container_width` will be removed after 2025-12-31.

For `use_container_width=True`, use `width='stretch'`. For `use_container_width=False`, use `width='content'`.
2026-07-29 20:10:44.640 Please replace `use_container_width` with `width`.

`use_container_width` will be removed after 2025-12-31.

For `use_container_width=True`, use `width='stretch'`. For `use_container_width=False`, use `width='content'`.
2026-07-29 20:10:44.674 Please replace `use_container_width` with `width`.

`use_container_width` will be removed after 2025-12-31.

For `use_container_width=True`, use `width='stretch'`. For `use_container_width=False`, use `width='content'`.
2026-07-29 20:10:44.709 Please replace `use_container_width` with `width`.

`use_container_width` will be removed after 2025-12-31.

For `use_container_width=True`, use `width='stretch'`. For `use_container_width=False`, use `width='content'`.
2026-07-29 20:10:44.743 Please replace `use_container_width` with `width`.

`use_container_width` will be removed after 2025-12-31.

For `use_container_width=True`, use `width='stretch'`. For `use_container_width=False`, use `width='content'`.
2026-07-29 20:10:44.780 Please replace `use_container_width` with `width`.

`use_container_width` will be removed after 2025-12-31.

For `use_container_width=True`, use `width='stretch'`. For `use_container_width=False`, use `width='content'`.
2026-07-29 20:10:44.813 Please replace `use_container_width` with `width`.

`use_container_width` will be removed after 2025-12-31.

For `use_container_width=True`, use `width='stretch'`. For `use_container_width=False`, use `width='content'`.
2026-07-29 20:10:44.848 Please replace `use_container_width` with `width`.

`use_container_width` will be removed after 2025-12-31.

For `use_container_width=True`, use `width='stretch'`. For `use_container_width=False`, use `width='content'`.
2026-07-29 20:10:44.885 Please replace `use_container_width` with `width`.

`use_container_width` will be removed after 2025-12-31.

For `use_container_width=True`, use `width='stretch'`. For `use_container_width=False`, use `width='content'`.
2026-07-29 20:10:44.896 Please replace `use_container_width` with `width`.

`use_container_width` will be removed after 2025-12-31.

For `use_container_width=True`, use `width='stretch'`. For `use_container_width=False`, use `width='content'`.
2026-07-29 20:10:44.897 Please replace `use_container_width` with `width`.

`use_container_width` will be removed after 2025-12-31.

For `use_container_width=True`, use `width='stretch'`. For `use_container_width=False`, use `width='content'`.
2026-07-29 20:10:44.928 Please replace `use_container_width` with `width`.

`use_container_width` will be removed after 2025-12-31.

For `use_container_width=True`, use `width='stretch'`. For `use_container_width=False`, use `width='content'`.
2026-07-29 20:10:44.963 Please replace `use_container_width` with `width`.

`use_container_width` will be removed after 2025-12-31.

For `use_container_width=True`, use `width='stretch'`. For `use_container_width=False`, use `width='content'`.
2026-07-29 20:10:44.999 Please replace `use_container_width` with `width`.

`use_container_width` will be removed after 2025-12-31.

For `use_container_width=True`, use `width='stretch'`. For `use_container_width=False`, use `width='content'`.
2026-07-29 20:10:45.034 Please replace `use_container_width` with `width`.

`use_container_width` will be removed after 2025-12-31.

For `use_container_width=True`, use `width='stretch'`. For `use_container_width=False`, use `width='content'`.
2026-07-29 20:10:45.070 Please replace `use_container_width` with `width`.

`use_container_width` will be removed after 2025-12-31.

For `use_container_width=True`, use `width='stretch'`. For `use_container_width=False`, use `width='content'`.
2026-07-29 20:10:45.105 Please replace `use_container_width` with `width`.

`use_container_width` will be removed after 2025-12-31.

For `use_container_width=True`, use `width='stretch'`. For `use_container_width=False`, use `width='content'`.
2026-07-29 20:10:45.138 Please replace `use_container_width` with `width`.

`use_container_width` will be removed after 2025-12-31.

For `use_container_width=True`, use `width='stretch'`. For `use_container_width=False`, use `width='content'`.
2026-07-29 20:10:45.174 Please replace `use_container_width` with `width`.

`use_container_width` will be removed after 2025-12-31.

For `use_container_width=True`, use `width='stretch'`. For `use_container_width=False`, use `width='content'`.
2026-07-29 20:10:45.209 Please replace `use_container_width` with `width`.

`use_container_width` will be removed after 2025-12-31.

For `use_container_width=True`, use `width='stretch'`. For `use_container_width=False`, use `width='content'`.
2026-07-29 20:10:45.246 Please replace `use_container_width` with `width`.

`use_container_width` will be removed after 2025-12-31.

For `use_container_width=True`, use `width='stretch'`. For `use_container_width=False`, use `width='content'`.
2026-07-29 20:10:45.281 Please replace `use_container_width` with `width`.

`use_container_width` will be removed after 2025-12-31.

For `use_container_width=True`, use `width='stretch'`. For `use_container_width=False`, use `width='content'`.
2026-07-29 20:10:45.317 Please replace `use_container_width` with `width`.

`use_container_width` will be removed after 2025-12-31.

For `use_container_width=True`, use `width='stretch'`. For `use_container_width=False`, use `width='content'`.
2026-07-29 20:10:45.353 Please replace `use_container_width` with `width`.

`use_container_width` will be removed after 2025-12-31.

For `use_container_width=True`, use `width='stretch'`. For `use_container_width=False`, use `width='content'`.
2026-07-29 20:10:45.388 Please replace `use_container_width` with `width`.

`use_container_width` will be removed after 2025-12-31.

For `use_container_width=True`, use `width='stretch'`. For `use_container_width=False`, use `width='content'`.
2026-07-29 20:10:45.423 Please replace `use_container_width` with `width`.

`use_container_width` will be removed after 2025-12-31.

For `use_container_width=True`, use `width='stretch'`. For `use_container_width=False`, use `width='content'`.
2026-07-29 20:10:45.457 Please replace `use_container_width` with `width`.

`use_container_width` will be removed after 2025-12-31.

For `use_container_width=True`, use `width='stretch'`. For `use_container_width=False`, use `width='content'`.
2026-07-29 20:10:45.492 Please replace `use_container_width` with `width`.

`use_container_width` will be removed after 2025-12-31.

For `use_container_width=True`, use `width='stretch'`. For `use_container_width=False`, use `width='content'`.
2026-07-29 20:10:45.527 Please replace `use_container_width` with `width`.

`use_container_width` will be removed after 2025-12-31.

For `use_container_width=True`, use `width='stretch'`. For `use_container_width=False`, use `width='content'`.
2026-07-29 20:10:45.562 Please replace `use_container_width` with `width`.

`use_container_width` will be removed after 2025-12-31.

For `use_container_width=True`, use `width='stretch'`. For `use_container_width=False`, use `width='content'`.
2026-07-29 20:10:45.598 Please replace `use_container_width` with `width`.

`use_container_width` will be removed after 2025-12-31.

For `use_container_width=True`, use `width='stretch'`. For `use_container_width=False`, use `width='content'`.
2026-07-29 20:10:45.633 Please replace `use_container_width` with `width`.

`use_container_width` will be removed after 2025-12-31.

For `use_container_width=True`, use `width='stretch'`. For `use_container_width=False`, use `width='content'`.
2026-07-29 20:10:45.669 Please replace `use_container_width` with `width`.

`use_container_width` will be removed after 2025-12-31.

For `use_container_width=True`, use `width='stretch'`. For `use_container_width=False`, use `width='content'`.
2026-07-29 20:10:45.706 Please replace `use_container_width` with `width`.

`use_container_width` will be removed after 2025-12-31.

For `use_container_width=True`, use `width='stretch'`. For `use_container_width=False`, use `width='content'`.
2026-07-29 20:10:45.741 Please replace `use_container_width` with `width`.

`use_container_width` will be removed after 2025-12-31.

For `use_container_width=True`, use `width='stretch'`. For `use_container_width=False`, use `width='content'`.
2026-07-29 20:10:45.776 Please replace `use_container_width` with `width`.

`use_container_width` will be removed after 2025-12-31.

For `use_container_width=True`, use `width='stretch'`. For `use_container_width=False`, use `width='content'`.
2026-07-29 20:10:45.812 Please replace `use_container_width` with `width`.

`use_container_width` will be removed after 2025-12-31.

For `use_container_width=True`, use `width='stretch'`. For `use_container_width=False`, use `width='content'`.
2026-07-29 20:10:45.847 Please replace `use_container_width` with `width`.

`use_container_width` will be removed after 2025-12-31.

For `use_container_width=True`, use `width='stretch'`. For `use_container_width=False`, use `width='content'`.
2026-07-29 20:10:45.883 Please replace `use_container_width` with `width`.

`use_container_width` will be removed after 2025-12-31.

For `use_container_width=True`, use `width='stretch'`. For `use_container_width=False`, use `width='content'`.
2026-07-29 20:10:45.917 Please replace `use_container_width` with `width`.

`use_container_width` will be removed after 2025-12-31.

For `use_container_width=True`, use `width='stretch'`. For `use_container_width=False`, use `width='content'`.
2026-07-29 20:10:45.931 Please replace `use_container_width` with `width`.

`use_container_width` will be removed after 2025-12-31.

For `use_container_width=True`, use `width='stretch'`. For `use_container_width=False`, use `width='content'`.
2026-07-29 20:10:45.933 Please replace `use_container_width` with `width`.

`use_container_width` will be removed after 2025-12-31.

For `use_container_width=True`, use `width='stretch'`. For `use_container_width=False`, use `width='content'`.
2026-07-29 20:10:45.964 Please replace `use_container_width` with `width`.

`use_container_width` will be removed after 2025-12-31.

For `use_container_width=True`, use `width='stretch'`. For `use_container_width=False`, use `width='content'`.
2026-07-29 20:10:46.000 Please replace `use_container_width` with `width`.

`use_container_width` will be removed after 2025-12-31.

For `use_container_width=True`, use `width='stretch'`. For `use_container_width=False`, use `width='content'`.
2026-07-29 20:10:46.036 Please replace `use_container_width` with `width`.

`use_container_width` will be removed after 2025-12-31.

For `use_container_width=True`, use `width='stretch'`. For `use_container_width=False`, use `width='content'`.
2026-07-29 20:10:46.071 Please replace `use_container_width` with `width`.

`use_container_width` will be removed after 2025-12-31.

For `use_container_width=True`, use `width='stretch'`. For `use_container_width=False`, use `width='content'`.
2026-07-29 20:10:46.106 Please replace `use_container_width` with `width`.

`use_container_width` will be removed after 2025-12-31.

For `use_container_width=True`, use `width='stretch'`. For `use_container_width=False`, use `width='content'`.
2026-07-29 20:10:46.142 Please replace `use_container_width` with `width`.

`use_container_width` will be removed after 2025-12-31.

For `use_container_width=True`, use `width='stretch'`. For `use_container_width=False`, use `width='content'`.
2026-07-29 20:10:46.177 Please replace `use_container_width` with `width`.

`use_container_width` will be removed after 2025-12-31.

For `use_container_width=True`, use `width='stretch'`. For `use_container_width=False`, use `width='content'`.
2026-07-29 20:10:46.211 Please replace `use_container_width` with `width`.

`use_container_width` will be removed after 2025-12-31.

For `use_container_width=True`, use `width='stretch'`. For `use_container_width=False`, use `width='content'`.
2026-07-29 20:10:46.246 Please replace `use_container_width` with `width`.

`use_container_width` will be removed after 2025-12-31.

For `use_container_width=True`, use `width='stretch'`. For `use_container_width=False`, use `width='content'`.
2026-07-29 20:10:46.281 Please replace `use_container_width` with `width`.

`use_container_width` will be removed after 2025-12-31.

For `use_container_width=True`, use `width='stretch'`. For `use_container_width=False`, use `width='content'`.
2026-07-29 20:10:46.316 Please replace `use_container_width` with `width`.

`use_container_width` will be removed after 2025-12-31.

For `use_container_width=True`, use `width='stretch'`. For `use_container_width=False`, use `width='content'`.
2026-07-29 20:10:46.352 Please replace `use_container_width` with `width`.

`use_container_width` will be removed after 2025-12-31.

For `use_container_width=True`, use `width='stretch'`. For `use_container_width=False`, use `width='content'`.
2026-07-29 20:10:46.388 Please replace `use_container_width` with `width`.

`use_container_width` will be removed after 2025-12-31.

For `use_container_width=True`, use `width='stretch'`. For `use_container_width=False`, use `width='content'`.
2026-07-29 20:10:46.424 Please replace `use_container_width` with `width`.

`use_container_width` will be removed after 2025-12-31.

For `use_container_width=True`, use `width='stretch'`. For `use_container_width=False`, use `width='content'`.
2026-07-29 20:10:46.459 Please replace `use_container_width` with `width`.

`use_container_width` will be removed after 2025-12-31.

For `use_container_width=True`, use `width='stretch'`. For `use_container_width=False`, use `width='content'`.
2026-07-29 20:10:46.494 Please replace `use_container_width` with `width`.

`use_container_width` will be removed after 2025-12-31.

For `use_container_width=True`, use `width='stretch'`. For `use_container_width=False`, use `width='content'`.
2026-07-29 20:10:46.530 Please replace `use_container_width` with `width`.

`use_container_width` will be removed after 2025-12-31.

For `use_container_width=True`, use `width='stretch'`. For `use_container_width=False`, use `width='content'`.
2026-07-29 20:10:46.564 Please replace `use_container_width` with `width`.

`use_container_width` will be removed after 2025-12-31.

For `use_container_width=True`, use `width='stretch'`. For `use_container_width=False`, use `width='content'`.
2026-07-29 20:10:46.600 Please replace `use_container_width` with `width`.

`use_container_width` will be removed after 2025-12-31.

For `use_container_width=True`, use `width='stretch'`. For `use_container_width=False`, use `width='content'`.
2026-07-29 20:10:46.636 Please replace `use_container_width` with `width`.

`use_container_width` will be removed after 2025-12-31.

For `use_container_width=True`, use `width='stretch'`. For `use_container_width=False`, use `width='content'`.
2026-07-29 20:10:46.674 Please replace `use_container_width` with `width`.

`use_container_width` will be removed after 2025-12-31.

For `use_container_width=True`, use `width='stretch'`. For `use_container_width=False`, use `width='content'`.
2026-07-29 20:10:46.711 Please replace `use_container_width` with `width`.

`use_container_width` will be removed after 2025-12-31.

For `use_container_width=True`, use `width='stretch'`. For `use_container_width=False`, use `width='content'`.
2026-07-29 20:10:46.745 Please replace `use_container_width` with `width`.

`use_container_width` will be removed after 2025-12-31.

For `use_container_width=True`, use `width='stretch'`. For `use_container_width=False`, use `width='content'`.
2026-07-29 20:10:46.781 Please replace `use_container_width` with `width`.

`use_container_width` will be removed after 2025-12-31.

For `use_container_width=True`, use `width='stretch'`. For `use_container_width=False`, use `width='content'`.
2026-07-29 20:10:46.815 Please replace `use_container_width` with `width`.

`use_container_width` will be removed after 2025-12-31.

For `use_container_width=True`, use `width='stretch'`. For `use_container_width=False`, use `width='content'`.
2026-07-29 20:10:46.851 Please replace `use_container_width` with `width`.

`use_container_width` will be removed after 2025-12-31.

For `use_container_width=True`, use `width='stretch'`. For `use_container_width=False`, use `width='content'`.
2026-07-29 20:10:46.886 Please replace `use_container_width` with `width`.

`use_container_width` will be removed after 2025-12-31.

For `use_container_width=True`, use `width='stretch'`. For `use_container_width=False`, use `width='content'`.
2026-07-29 20:10:46.920 Please replace `use_container_width` with `width`.

`use_container_width` will be removed after 2025-12-31.

For `use_container_width=True`, use `width='stretch'`. For `use_container_width=False`, use `width='content'`.
2026-07-29 20:10:46.934 Please replace `use_container_width` with `width`.

`use_container_width` will be removed after 2025-12-31.

For `use_container_width=True`, use `width='stretch'`. For `use_container_width=False`, use `width='content'`.
2026-07-29 20:10:46.934 Please replace `use_container_width` with `width`.

`use_container_width` will be removed after 2025-12-31.

For `use_container_width=True`, use `width='stretch'`. For `use_container_width=False`, use `width='content'`.
2026-07-29 20:10:46.967 Please replace `use_container_width` with `width`.

`use_container_width` will be removed after 2025-12-31.

For `use_container_width=True`, use `width='stretch'`. For `use_container_width=False`, use `width='content'`.
2026-07-29 20:10:47.003 Please replace `use_container_width` with `width`.

`use_container_width` will be removed after 2025-12-31.

For `use_container_width=True`, use `width='stretch'`. For `use_container_width=False`, use `width='content'`.
2026-07-29 20:10:47.039 Please replace `use_container_width` with `width`.

`use_container_width` will be removed after 2025-12-31.

For `use_container_width=True`, use `width='stretch'`. For `use_container_width=False`, use `width='content'`.
2026-07-29 20:10:47.074 Please replace `use_container_width` with `width`.

`use_container_width` will be removed after 2025-12-31.

For `use_container_width=True`, use `width='stretch'`. For `use_container_width=False`, use `width='content'`.
2026-07-29 20:10:47.109 Please replace `use_container_width` with `width`.

`use_container_width` will be removed after 2025-12-31.

For `use_container_width=True`, use `width='stretch'`. For `use_container_width=False`, use `width='content'`.
2026-07-29 20:10:47.142 Please replace `use_container_width` with `width`.

`use_container_width` will be removed after 2025-12-31.

For `use_container_width=True`, use `width='stretch'`. For `use_container_width=False`, use `width='content'`.
2026-07-29 20:10:47.177 Please replace `use_container_width` with `width`.

`use_container_width` will be removed after 2025-12-31.

For `use_container_width=True`, use `width='stretch'`. For `use_container_width=False`, use `width='content'`.
2026-07-29 20:10:47.212 Please replace `use_container_width` with `width`.

`use_container_width` will be removed after 2025-12-31.

For `use_container_width=True`, use `width='stretch'`. For `use_container_width=False`, use `width='content'`.
2026-07-29 20:10:47.247 Please replace `use_container_width` with `width`.

`use_container_width` will be removed after 2025-12-31.

For `use_container_width=True`, use `width='stretch'`. For `use_container_width=False`, use `width='content'`.
2026-07-29 20:10:47.282 Please replace `use_container_width` with `width`.

`use_container_width` will be removed after 2025-12-31.

For `use_container_width=True`, use `width='stretch'`. For `use_container_width=False`, use `width='content'`.
2026-07-29 20:10:47.317 Please replace `use_container_width` with `width`.

`use_container_width` will be removed after 2025-12-31.

For `use_container_width=True`, use `width='stretch'`. For `use_container_width=False`, use `width='content'`.
2026-07-29 20:10:47.352 Please replace `use_container_width` with `width`.

`use_container_width` will be removed after 2025-12-31.

For `use_container_width=True`, use `width='stretch'`. For `use_container_width=False`, use `width='content'`.
2026-07-29 20:10:47.388 Please replace `use_container_width` with `width`.

`use_container_width` will be removed after 2025-12-31.

For `use_container_width=True`, use `width='stretch'`. For `use_container_width=False`, use `width='content'`.
2026-07-29 20:10:47.423 Please replace `use_container_width` with `width`.

`use_container_width` will be removed after 2025-12-31.

For `use_container_width=True`, use `width='stretch'`. For `use_container_width=False`, use `width='content'`.
2026-07-29 20:10:47.457 Please replace `use_container_width` with `width`.

`use_container_width` will be removed after 2025-12-31.

For `use_container_width=True`, use `width='stretch'`. For `use_container_width=False`, use `width='content'`.
2026-07-29 20:10:47.491 Please replace `use_container_width` with `width`.

`use_container_width` will be removed after 2025-12-31.

For `use_container_width=True`, use `width='stretch'`. For `use_container_width=False`, use `width='content'`.
2026-07-29 20:10:47.527 Please replace `use_container_width` with `width`.

`use_container_width` will be removed after 2025-12-31.

For `use_container_width=True`, use `width='stretch'`. For `use_container_width=False`, use `width='content'`.
2026-07-29 20:10:47.563 Please replace `use_container_width` with `width`.

`use_container_width` will be removed after 2025-12-31.

For `use_container_width=True`, use `width='stretch'`. For `use_container_width=False`, use `width='content'`.
2026-07-29 20:10:47.598 Please replace `use_container_width` with `width`.

`use_container_width` will be removed after 2025-12-31.

For `use_container_width=True`, use `width='stretch'`. For `use_container_width=False`, use `width='content'`.
2026-07-29 20:10:47.634 Please replace `use_container_width` with `width`.

`use_container_width` will be removed after 2025-12-31.

For `use_container_width=True`, use `width='stretch'`. For `use_container_width=False`, use `width='content'`.
2026-07-29 20:10:47.670 Please replace `use_container_width` with `width`.

`use_container_width` will be removed after 2025-12-31.

For `use_container_width=True`, use `width='stretch'`. For `use_container_width=False`, use `width='content'`.
2026-07-29 20:10:47.705 Please replace `use_container_width` with `width`.

`use_container_width` will be removed after 2025-12-31.

For `use_container_width=True`, use `width='stretch'`. For `use_container_width=False`, use `width='content'`.
2026-07-29 20:10:47.739 Please replace `use_container_width` with `width`.

`use_container_width` will be removed after 2025-12-31.

For `use_container_width=True`, use `width='stretch'`. For `use_container_width=False`, use `width='content'`.
2026-07-29 20:10:47.774 Please replace `use_container_width` with `width`.

`use_container_width` will be removed after 2025-12-31.

For `use_container_width=True`, use `width='stretch'`. For `use_container_width=False`, use `width='content'`.
2026-07-29 20:10:47.808 Please replace `use_container_width` with `width`.

`use_container_width` will be removed after 2025-12-31.

For `use_container_width=True`, use `width='stretch'`. For `use_container_width=False`, use `width='content'`.
2026-07-29 20:10:47.844 Please replace `use_container_width` with `width`.

`use_container_width` will be removed after 2025-12-31.

For `use_container_width=True`, use `width='stretch'`. For `use_container_width=False`, use `width='content'`.
2026-07-29 20:10:47.879 Please replace `use_container_width` with `width`.

`use_container_width` will be removed after 2025-12-31.

For `use_container_width=True`, use `width='stretch'`. For `use_container_width=False`, use `width='content'`.
2026-07-29 20:10:47.913 Please replace `use_container_width` with `width`.

`use_container_width` will be removed after 2025-12-31.

For `use_container_width=True`, use `width='stretch'`. For `use_container_width=False`, use `width='content'`.
2026-07-29 20:10:47.948 Please replace `use_container_width` with `width`.

`use_container_width` will be removed after 2025-12-31.

For `use_container_width=True`, use `width='stretch'`. For `use_container_width=False`, use `width='content'`.
2026-07-29 20:10:47.960 Please replace `use_container_width` with `width`.

`use_container_width` will be removed after 2025-12-31.

For `use_container_width=True`, use `width='stretch'`. For `use_container_width=False`, use `width='content'`.
2026-07-29 20:10:47.961 Please replace `use_container_width` with `width`.

`use_container_width` will be removed after 2025-12-31.

For `use_container_width=True`, use `width='stretch'`. For `use_container_width=False`, use `width='content'`.
2026-07-29 20:10:47.991 Please replace `use_container_width` with `width`.

`use_container_width` will be removed after 2025-12-31.

For `use_container_width=True`, use `width='stretch'`. For `use_container_width=False`, use `width='content'`.
2026-07-29 20:10:48.027 Please replace `use_container_width` with `width`.

`use_container_width` will be removed after 2025-12-31.

For `use_container_width=True`, use `width='stretch'`. For `use_container_width=False`, use `width='content'`.
2026-07-29 20:10:48.063 Please replace `use_container_width` with `width`.

`use_container_width` will be removed after 2025-12-31.

For `use_container_width=True`, use `width='stretch'`. For `use_container_width=False`, use `width='content'`.
2026-07-29 20:10:48.098 Please replace `use_container_width` with `width`.

`use_container_width` will be removed after 2025-12-31.

For `use_container_width=True`, use `width='stretch'`. For `use_container_width=False`, use `width='content'`.
2026-07-29 20:10:48.132 Please replace `use_container_width` with `width`.

`use_container_width` will be removed after 2025-12-31.

For `use_container_width=True`, use `width='stretch'`. For `use_container_width=False`, use `width='content'`.
2026-07-29 20:10:48.169 Please replace `use_container_width` with `width`.

`use_container_width` will be removed after 2025-12-31.

For `use_container_width=True`, use `width='stretch'`. For `use_container_width=False`, use `width='content'`.
2026-07-29 20:10:48.205 Please replace `use_container_width` with `width`.

`use_container_width` will be removed after 2025-12-31.

For `use_container_width=True`, use `width='stretch'`. For `use_container_width=False`, use `width='content'`.
2026-07-29 20:10:48.239 Please replace `use_container_width` with `width`.

`use_container_width` will be removed after 2025-12-31.

For `use_container_width=True`, use `width='stretch'`. For `use_container_width=False`, use `width='content'`.
2026-07-29 20:10:48.275 Please replace `use_container_width` with `width`.

`use_container_width` will be removed after 2025-12-31.

For `use_container_width=True`, use `width='stretch'`. For `use_container_width=False`, use `width='content'`.
2026-07-29 20:10:48.310 Please replace `use_container_width` with `width`.

`use_container_width` will be removed after 2025-12-31.

For `use_container_width=True`, use `width='stretch'`. For `use_container_width=False`, use `width='content'`.
2026-07-29 20:10:48.344 Please replace `use_container_width` with `width`.

`use_container_width` will be removed after 2025-12-31.

For `use_container_width=True`, use `width='stretch'`. For `use_container_width=False`, use `width='content'`.
2026-07-29 20:10:48.380 Please replace `use_container_width` with `width`.

`use_container_width` will be removed after 2025-12-31.

For `use_container_width=True`, use `width='stretch'`. For `use_container_width=False`, use `width='content'`.
2026-07-29 20:10:48.416 Please replace `use_container_width` with `width`.

`use_container_width` will be removed after 2025-12-31.

For `use_container_width=True`, use `width='stretch'`. For `use_container_width=False`, use `width='content'`.
2026-07-29 20:10:48.451 Please replace `use_container_width` with `width`.

`use_container_width` will be removed after 2025-12-31.

For `use_container_width=True`, use `width='stretch'`. For `use_container_width=False`, use `width='content'`.
2026-07-29 20:10:48.487 Please replace `use_container_width` with `width`.

`use_container_width` will be removed after 2025-12-31.

For `use_container_width=True`, use `width='stretch'`. For `use_container_width=False`, use `width='content'`.
2026-07-29 20:10:48.522 Please replace `use_container_width` with `width`.

`use_container_width` will be removed after 2025-12-31.

For `use_container_width=True`, use `width='stretch'`. For `use_container_width=False`, use `width='content'`.
2026-07-29 20:10:48.557 Please replace `use_container_width` with `width`.

`use_container_width` will be removed after 2025-12-31.

For `use_container_width=True`, use `width='stretch'`. For `use_container_width=False`, use `width='content'`.
2026-07-29 20:10:48.591 Please replace `use_container_width` with `width`.

`use_container_width` will be removed after 2025-12-31.

For `use_container_width=True`, use `width='stretch'`. For `use_container_width=False`, use `width='content'`.
2026-07-29 20:10:48.626 Please replace `use_container_width` with `width`.

`use_container_width` will be removed after 2025-12-31.

For `use_container_width=True`, use `width='stretch'`. For `use_container_width=False`, use `width='content'`.
2026-07-29 20:10:48.661 Please replace `use_container_width` with `width`.

`use_container_width` will be removed after 2025-12-31.

For `use_container_width=True`, use `width='stretch'`. For `use_container_width=False`, use `width='content'`.
2026-07-29 20:10:48.698 Please replace `use_container_width` with `width`.

`use_container_width` will be removed after 2025-12-31.

For `use_container_width=True`, use `width='stretch'`. For `use_container_width=False`, use `width='content'`.
2026-07-29 20:10:48.733 Please replace `use_container_width` with `width`.

`use_container_width` will be removed after 2025-12-31.

For `use_container_width=True`, use `width='stretch'`. For `use_container_width=False`, use `width='content'`.
2026-07-29 20:10:48.769 Please replace `use_container_width` with `width`.

`use_container_width` will be removed after 2025-12-31.

For `use_container_width=True`, use `width='stretch'`. For `use_container_width=False`, use `width='content'`.
2026-07-29 20:10:48.804 Please replace `use_container_width` with `width`.

`use_container_width` will be removed after 2025-12-31.

For `use_container_width=True`, use `width='stretch'`. For `use_container_width=False`, use `width='content'`.
2026-07-29 20:10:48.841 Please replace `use_container_width` with `width`.

`use_container_width` will be removed after 2025-12-31.

For `use_container_width=True`, use `width='stretch'`. For `use_container_width=False`, use `width='content'`.
2026-07-29 20:10:48.876 Please replace `use_container_width` with `width`.

`use_container_width` will be removed after 2025-12-31.

For `use_container_width=True`, use `width='stretch'`. For `use_container_width=False`, use `width='content'`.
2026-07-29 20:10:48.910 Please replace `use_container_width` with `width`.

`use_container_width` will be removed after 2025-12-31.

For `use_container_width=True`, use `width='stretch'`. For `use_container_width=False`, use `width='content'`.
2026-07-29 20:10:48.946 Please replace `use_container_width` with `width`.

`use_container_width` will be removed after 2025-12-31.

For `use_container_width=True`, use `width='stretch'`. For `use_container_width=False`, use `width='content'`.
2026-07-29 20:10:48.981 Please replace `use_container_width` with `width`.

`use_container_width` will be removed after 2025-12-31.

For `use_container_width=True`, use `width='stretch'`. For `use_container_width=False`, use `width='content'`.
2026-07-29 20:10:48.991 Please replace `use_container_width` with `width`.

`use_container_width` will be removed after 2025-12-31.

For `use_container_width=True`, use `width='stretch'`. For `use_container_width=False`, use `width='content'`.
2026-07-29 20:10:48.993 Please replace `use_container_width` with `width`.

`use_container_width` will be removed after 2025-12-31.

For `use_container_width=True`, use `width='stretch'`. For `use_container_width=False`, use `width='content'`.
2026-07-29 20:10:49.025 Please replace `use_container_width` with `width`.

`use_container_width` will be removed after 2025-12-31.

For `use_container_width=True`, use `width='stretch'`. For `use_container_width=False`, use `width='content'`.
2026-07-29 20:10:49.060 Please replace `use_container_width` with `width`.

`use_container_width` will be removed after 2025-12-31.

For `use_container_width=True`, use `width='stretch'`. For `use_container_width=False`, use `width='content'`.
2026-07-29 20:10:49.102 Please replace `use_container_width` with `width`.

`use_container_width` will be removed after 2025-12-31.

For `use_container_width=True`, use `width='stretch'`. For `use_container_width=False`, use `width='content'`.
2026-07-29 20:10:49.138 Please replace `use_container_width` with `width`.

`use_container_width` will be removed after 2025-12-31.

For `use_container_width=True`, use `width='stretch'`. For `use_container_width=False`, use `width='content'`.
2026-07-29 20:10:49.172 Please replace `use_container_width` with `width`.

`use_container_width` will be removed after 2025-12-31.

For `use_container_width=True`, use `width='stretch'`. For `use_container_width=False`, use `width='content'`.
2026-07-29 20:10:49.208 Please replace `use_container_width` with `width`.

`use_container_width` will be removed after 2025-12-31.

For `use_container_width=True`, use `width='stretch'`. For `use_container_width=False`, use `width='content'`.
2026-07-29 20:10:49.243 Please replace `use_container_width` with `width`.

`use_container_width` will be removed after 2025-12-31.

For `use_container_width=True`, use `width='stretch'`. For `use_container_width=False`, use `width='content'`.
2026-07-29 20:10:49.279 Please replace `use_container_width` with `width`.

`use_container_width` will be removed after 2025-12-31.

For `use_container_width=True`, use `width='stretch'`. For `use_container_width=False`, use `width='content'`.
2026-07-29 20:10:49.313 Please replace `use_container_width` with `width`.

`use_container_width` will be removed after 2025-12-31.

For `use_container_width=True`, use `width='stretch'`. For `use_container_width=False`, use `width='content'`.
2026-07-29 20:10:49.348 Please replace `use_container_width` with `width`.

`use_container_width` will be removed after 2025-12-31.

For `use_container_width=True`, use `width='stretch'`. For `use_container_width=False`, use `width='content'`.
2026-07-29 20:10:49.384 Please replace `use_container_width` with `width`.

`use_container_width` will be removed after 2025-12-31.

For `use_container_width=True`, use `width='stretch'`. For `use_container_width=False`, use `width='content'`.
2026-07-29 20:10:49.420 Please replace `use_container_width` with `width`.

`use_container_width` will be removed after 2025-12-31.

For `use_container_width=True`, use `width='stretch'`. For `use_container_width=False`, use `width='content'`.
2026-07-29 20:10:49.456 Please replace `use_container_width` with `width`.

`use_container_width` will be removed after 2025-12-31.

For `use_container_width=True`, use `width='stretch'`. For `use_container_width=False`, use `width='content'`.
2026-07-29 20:10:49.492 Please replace `use_container_width` with `width`.

`use_container_width` will be removed after 2025-12-31.

For `use_container_width=True`, use `width='stretch'`. For `use_container_width=False`, use `width='content'`.
2026-07-29 20:10:49.526 Please replace `use_container_width` with `width`.

`use_container_width` will be removed after 2025-12-31.

For `use_container_width=True`, use `width='stretch'`. For `use_container_width=False`, use `width='content'`.
2026-07-29 20:10:49.562 Please replace `use_container_width` with `width`.

`use_container_width` will be removed after 2025-12-31.

For `use_container_width=True`, use `width='stretch'`. For `use_container_width=False`, use `width='content'`.
2026-07-29 20:10:49.596 Please replace `use_container_width` with `width`.

`use_container_width` will be removed after 2025-12-31.

For `use_container_width=True`, use `width='stretch'`. For `use_container_width=False`, use `width='content'`.
2026-07-29 20:10:49.631 Please replace `use_container_width` with `width`.

`use_container_width` will be removed after 2025-12-31.

For `use_container_width=True`, use `width='stretch'`. For `use_container_width=False`, use `width='content'`.
2026-07-29 20:10:49.667 Please replace `use_container_width` with `width`.

`use_container_width` will be removed after 2025-12-31.

For `use_container_width=True`, use `width='stretch'`. For `use_container_width=False`, use `width='content'`.
2026-07-29 20:10:49.702 Please replace `use_container_width` with `width`.

`use_container_width` will be removed after 2025-12-31.

For `use_container_width=True`, use `width='stretch'`. For `use_container_width=False`, use `width='content'`.
2026-07-29 20:10:49.738 Please replace `use_container_width` with `width`.

`use_container_width` will be removed after 2025-12-31.

For `use_container_width=True`, use `width='stretch'`. For `use_container_width=False`, use `width='content'`.
2026-07-29 20:10:49.772 Please replace `use_container_width` with `width`.

`use_container_width` will be removed after 2025-12-31.

For `use_container_width=True`, use `width='stretch'`. For `use_container_width=False`, use `width='content'`.
2026-07-29 20:10:49.808 Please replace `use_container_width` with `width`.

`use_container_width` will be removed after 2025-12-31.

For `use_container_width=True`, use `width='stretch'`. For `use_container_width=False`, use `width='content'`.
2026-07-29 20:10:49.844 Please replace `use_container_width` with `width`.

`use_container_width` will be removed after 2025-12-31.

For `use_container_width=True`, use `width='stretch'`. For `use_container_width=False`, use `width='content'`.
2026-07-29 20:10:49.878 Please replace `use_container_width` with `width`.

`use_container_width` will be removed after 2025-12-31.

For `use_container_width=True`, use `width='stretch'`. For `use_container_width=False`, use `width='content'`.
2026-07-29 20:10:49.913 Please replace `use_container_width` with `width`.

`use_container_width` will be removed after 2025-12-31.

For `use_container_width=True`, use `width='stretch'`. For `use_container_width=False`, use `width='content'`.
2026-07-29 20:10:49.951 Please replace `use_container_width` with `width`.

`use_container_width` will be removed after 2025-12-31.

For `use_container_width=True`, use `width='stretch'`. For `use_container_width=False`, use `width='content'`.
2026-07-29 20:10:49.987 Please replace `use_container_width` with `width`.

`use_container_width` will be removed after 2025-12-31.

For `use_container_width=True`, use `width='stretch'`. For `use_container_width=False`, use `width='content'`.
2026-07-29 20:10:49.998 Please replace `use_container_width` with `width`.

`use_container_width` will be removed after 2025-12-31.

For `use_container_width=True`, use `width='stretch'`. For `use_container_width=False`, use `width='content'`.
2026-07-29 20:10:49.999 Please replace `use_container_width` with `width`.

`use_container_width` will be removed after 2025-12-31.

For `use_container_width=True`, use `width='stretch'`. For `use_container_width=False`, use `width='content'`.
2026-07-29 20:10:50.030 Please replace `use_container_width` with `width`.

`use_container_width` will be removed after 2025-12-31.

For `use_container_width=True`, use `width='stretch'`. For `use_container_width=False`, use `width='content'`.
2026-07-29 20:10:50.066 Please replace `use_container_width` with `width`.

`use_container_width` will be removed after 2025-12-31.

For `use_container_width=True`, use `width='stretch'`. For `use_container_width=False`, use `width='content'`.
2026-07-29 20:10:50.102 Please replace `use_container_width` with `width`.

`use_container_width` will be removed after 2025-12-31.

For `use_container_width=True`, use `width='stretch'`. For `use_container_width=False`, use `width='content'`.
2026-07-29 20:10:50.137 Please replace `use_container_width` with `width`.

`use_container_width` will be removed after 2025-12-31.

For `use_container_width=True`, use `width='stretch'`. For `use_container_width=False`, use `width='content'`.
2026-07-29 20:10:50.172 Please replace `use_container_width` with `width`.

`use_container_width` will be removed after 2025-12-31.

For `use_container_width=True`, use `width='stretch'`. For `use_container_width=False`, use `width='content'`.
2026-07-29 20:10:50.206 Please replace `use_container_width` with `width`.

`use_container_width` will be removed after 2025-12-31.

For `use_container_width=True`, use `width='stretch'`. For `use_container_width=False`, use `width='content'`.
2026-07-29 20:10:50.242 Please replace `use_container_width` with `width`.

`use_container_width` will be removed after 2025-12-31.

For `use_container_width=True`, use `width='stretch'`. For `use_container_width=False`, use `width='content'`.
2026-07-29 20:10:50.278 Please replace `use_container_width` with `width`.

`use_container_width` will be removed after 2025-12-31.

For `use_container_width=True`, use `width='stretch'`. For `use_container_width=False`, use `width='content'`.
2026-07-29 20:10:50.312 Please replace `use_container_width` with `width`.

`use_container_width` will be removed after 2025-12-31.

For `use_container_width=True`, use `width='stretch'`. For `use_container_width=False`, use `width='content'`.
2026-07-29 20:10:50.347 Please replace `use_container_width` with `width`.

`use_container_width` will be removed after 2025-12-31.

For `use_container_width=True`, use `width='stretch'`. For `use_container_width=False`, use `width='content'`.
2026-07-29 20:10:50.382 Please replace `use_container_width` with `width`.

`use_container_width` will be removed after 2025-12-31.

For `use_container_width=True`, use `width='stretch'`. For `use_container_width=False`, use `width='content'`.
2026-07-29 20:10:50.417 Please replace `use_container_width` with `width`.

`use_container_width` will be removed after 2025-12-31.

For `use_container_width=True`, use `width='stretch'`. For `use_container_width=False`, use `width='content'`.
2026-07-29 20:10:50.452 Please replace `use_container_width` with `width`.

`use_container_width` will be removed after 2025-12-31.

For `use_container_width=True`, use `width='stretch'`. For `use_container_width=False`, use `width='content'`.
2026-07-29 20:10:50.490 Please replace `use_container_width` with `width`.

`use_container_width` will be removed after 2025-12-31.

For `use_container_width=True`, use `width='stretch'`. For `use_container_width=False`, use `width='content'`.
2026-07-29 20:10:50.524 Please replace `use_container_width` with `width`.

`use_container_width` will be removed after 2025-12-31.

For `use_container_width=True`, use `width='stretch'`. For `use_container_width=False`, use `width='content'`.
2026-07-29 20:10:50.559 Please replace `use_container_width` with `width`.

`use_container_width` will be removed after 2025-12-31.

For `use_container_width=True`, use `width='stretch'`. For `use_container_width=False`, use `width='content'`.
2026-07-29 20:10:50.594 Please replace `use_container_width` with `width`.

`use_container_width` will be removed after 2025-12-31.

For `use_container_width=True`, use `width='stretch'`. For `use_container_width=False`, use `width='content'`.
2026-07-29 20:10:50.630 Please replace `use_container_width` with `width`.

`use_container_width` will be removed after 2025-12-31.

For `use_container_width=True`, use `width='stretch'`. For `use_container_width=False`, use `width='content'`.
2026-07-29 20:10:50.666 Please replace `use_container_width` with `width`.

`use_container_width` will be removed after 2025-12-31.

For `use_container_width=True`, use `width='stretch'`. For `use_container_width=False`, use `width='content'`.
2026-07-29 20:10:50.702 Please replace `use_container_width` with `width`.

`use_container_width` will be removed after 2025-12-31.

For `use_container_width=True`, use `width='stretch'`. For `use_container_width=False`, use `width='content'`.
2026-07-29 20:10:50.737 Please replace `use_container_width` with `width`.

`use_container_width` will be removed after 2025-12-31.

For `use_container_width=True`, use `width='stretch'`. For `use_container_width=False`, use `width='content'`.
2026-07-29 20:10:50.772 Please replace `use_container_width` with `width`.

`use_container_width` will be removed after 2025-12-31.

For `use_container_width=True`, use `width='stretch'`. For `use_container_width=False`, use `width='content'`.
2026-07-29 20:10:50.807 Please replace `use_container_width` with `width`.

`use_container_width` will be removed after 2025-12-31.

For `use_container_width=True`, use `width='stretch'`. For `use_container_width=False`, use `width='content'`.
2026-07-29 20:10:50.843 Please replace `use_container_width` with `width`.

`use_container_width` will be removed after 2025-12-31.

For `use_container_width=True`, use `width='stretch'`. For `use_container_width=False`, use `width='content'`.
2026-07-29 20:10:50.877 Please replace `use_container_width` with `width`.

`use_container_width` will be removed after 2025-12-31.

For `use_container_width=True`, use `width='stretch'`. For `use_container_width=False`, use `width='content'`.
2026-07-29 20:10:50.911 Please replace `use_container_width` with `width`.

`use_container_width` will be removed after 2025-12-31.

For `use_container_width=True`, use `width='stretch'`. For `use_container_width=False`, use `width='content'`.
2026-07-29 20:10:50.947 Please replace `use_container_width` with `width`.

`use_container_width` will be removed after 2025-12-31.

For `use_container_width=True`, use `width='stretch'`. For `use_container_width=False`, use `width='content'`.
2026-07-29 20:10:50.980 Please replace `use_container_width` with `width`.

`use_container_width` will be removed after 2025-12-31.

For `use_container_width=True`, use `width='stretch'`. For `use_container_width=False`, use `width='content'`.
2026-07-29 20:10:51.016 Please replace `use_container_width` with `width`.

`use_container_width` will be removed after 2025-12-31.

For `use_container_width=True`, use `width='stretch'`. For `use_container_width=False`, use `width='content'`.
2026-07-29 20:10:51.030 Please replace `use_container_width` with `width`.

`use_container_width` will be removed after 2025-12-31.

For `use_container_width=True`, use `width='stretch'`. For `use_container_width=False`, use `width='content'`.
2026-07-29 20:10:51.031 Please replace `use_container_width` with `width`.

`use_container_width` will be removed after 2025-12-31.

For `use_container_width=True`, use `width='stretch'`. For `use_container_width=False`, use `width='content'`.
2026-07-29 20:10:51.062 Please replace `use_container_width` with `width`.

`use_container_width` will be removed after 2025-12-31.

For `use_container_width=True`, use `width='stretch'`. For `use_container_width=False`, use `width='content'`.
2026-07-29 20:10:51.098 Please replace `use_container_width` with `width`.

`use_container_width` will be removed after 2025-12-31.

For `use_container_width=True`, use `width='stretch'`. For `use_container_width=False`, use `width='content'`.
2026-07-29 20:10:51.133 Please replace `use_container_width` with `width`.

`use_container_width` will be removed after 2025-12-31.

For `use_container_width=True`, use `width='stretch'`. For `use_container_width=False`, use `width='content'`.
2026-07-29 20:10:51.168 Please replace `use_container_width` with `width`.

`use_container_width` will be removed after 2025-12-31.

For `use_container_width=True`, use `width='stretch'`. For `use_container_width=False`, use `width='content'`.
2026-07-29 20:10:51.203 Please replace `use_container_width` with `width`.

`use_container_width` will be removed after 2025-12-31.

For `use_container_width=True`, use `width='stretch'`. For `use_container_width=False`, use `width='content'`.
2026-07-29 20:10:51.240 Please replace `use_container_width` with `width`.

`use_container_width` will be removed after 2025-12-31.

For `use_container_width=True`, use `width='stretch'`. For `use_container_width=False`, use `width='content'`.
2026-07-29 20:10:51.275 Please replace `use_container_width` with `width`.

`use_container_width` will be removed after 2025-12-31.

For `use_container_width=True`, use `width='stretch'`. For `use_container_width=False`, use `width='content'`.
2026-07-29 20:10:51.310 Please replace `use_container_width` with `width`.

`use_container_width` will be removed after 2025-12-31.

For `use_container_width=True`, use `width='stretch'`. For `use_container_width=False`, use `width='content'`.
2026-07-29 20:10:51.346 Please replace `use_container_width` with `width`.

`use_container_width` will be removed after 2025-12-31.

For `use_container_width=True`, use `width='stretch'`. For `use_container_width=False`, use `width='content'`.
2026-07-29 20:10:51.382 Please replace `use_container_width` with `width`.

`use_container_width` will be removed after 2025-12-31.

For `use_container_width=True`, use `width='stretch'`. For `use_container_width=False`, use `width='content'`.
2026-07-29 20:10:51.419 Please replace `use_container_width` with `width`.

`use_container_width` will be removed after 2025-12-31.

For `use_container_width=True`, use `width='stretch'`. For `use_container_width=False`, use `width='content'`.
2026-07-29 20:10:51.454 Please replace `use_container_width` with `width`.

`use_container_width` will be removed after 2025-12-31.

For `use_container_width=True`, use `width='stretch'`. For `use_container_width=False`, use `width='content'`.
2026-07-29 20:10:51.489 Please replace `use_container_width` with `width`.

`use_container_width` will be removed after 2025-12-31.

For `use_container_width=True`, use `width='stretch'`. For `use_container_width=False`, use `width='content'`.
2026-07-29 20:10:51.524 Please replace `use_container_width` with `width`.

`use_container_width` will be removed after 2025-12-31.

For `use_container_width=True`, use `width='stretch'`. For `use_container_width=False`, use `width='content'`.
2026-07-29 20:10:51.561 Please replace `use_container_width` with `width`.

`use_container_width` will be removed after 2025-12-31.

For `use_container_width=True`, use `width='stretch'`. For `use_container_width=False`, use `width='content'`.
2026-07-29 20:10:51.595 Please replace `use_container_width` with `width`.

`use_container_width` will be removed after 2025-12-31.

For `use_container_width=True`, use `width='stretch'`. For `use_container_width=False`, use `width='content'`.
2026-07-29 20:10:51.630 Please replace `use_container_width` with `width`.

`use_container_width` will be removed after 2025-12-31.

For `use_container_width=True`, use `width='stretch'`. For `use_container_width=False`, use `width='content'`.
2026-07-29 20:10:51.666 Please replace `use_container_width` with `width`.

`use_container_width` will be removed after 2025-12-31.

For `use_container_width=True`, use `width='stretch'`. For `use_container_width=False`, use `width='content'`.
2026-07-29 20:10:51.710 Please replace `use_container_width` with `width`.

`use_container_width` will be removed after 2025-12-31.

For `use_container_width=True`, use `width='stretch'`. For `use_container_width=False`, use `width='content'`.
2026-07-29 20:10:51.744 Please replace `use_container_width` with `width`.

`use_container_width` will be removed after 2025-12-31.

For `use_container_width=True`, use `width='stretch'`. For `use_container_width=False`, use `width='content'`.
2026-07-29 20:10:51.780 Please replace `use_container_width` with `width`.

`use_container_width` will be removed after 2025-12-31.

For `use_container_width=True`, use `width='stretch'`. For `use_container_width=False`, use `width='content'`.
2026-07-29 20:10:51.815 Please replace `use_container_width` with `width`.

`use_container_width` will be removed after 2025-12-31.

For `use_container_width=True`, use `width='stretch'`. For `use_container_width=False`, use `width='content'`.
2026-07-29 20:10:51.850 Please replace `use_container_width` with `width`.

`use_container_width` will be removed after 2025-12-31.

For `use_container_width=True`, use `width='stretch'`. For `use_container_width=False`, use `width='content'`.
2026-07-29 20:10:51.886 Please replace `use_container_width` with `width`.

`use_container_width` will be removed after 2025-12-31.

For `use_container_width=True`, use `width='stretch'`. For `use_container_width=False`, use `width='content'`.
2026-07-29 20:10:51.921 Please replace `use_container_width` with `width`.

`use_container_width` will be removed after 2025-12-31.

For `use_container_width=True`, use `width='stretch'`. For `use_container_width=False`, use `width='content'`.
2026-07-29 20:10:51.956 Please replace `use_container_width` with `width`.

`use_container_width` will be removed after 2025-12-31.

For `use_container_width=True`, use `width='stretch'`. For `use_container_width=False`, use `width='content'`.
2026-07-29 20:10:51.991 Please replace `use_container_width` with `width`.

`use_container_width` will be removed after 2025-12-31.

For `use_container_width=True`, use `width='stretch'`. For `use_container_width=False`, use `width='content'`.
2026-07-29 20:10:52.026 Please replace `use_container_width` with `width`.

`use_container_width` will be removed after 2025-12-31.

For `use_container_width=True`, use `width='stretch'`. For `use_container_width=False`, use `width='content'`.
2026-07-29 20:10:52.038 Please replace `use_container_width` with `width`.

`use_container_width` will be removed after 2025-12-31.

For `use_container_width=True`, use `width='stretch'`. For `use_container_width=False`, use `width='content'`.
2026-07-29 20:10:52.039 Please replace `use_container_width` with `width`.

`use_container_width` will be removed after 2025-12-31.

For `use_container_width=True`, use `width='stretch'`. For `use_container_width=False`, use `width='content'`.
2026-07-29 20:10:52.071 Please replace `use_container_width` with `width`.

`use_container_width` will be removed after 2025-12-31.

For `use_container_width=True`, use `width='stretch'`. For `use_container_width=False`, use `width='content'`.
2026-07-29 20:10:52.106 Please replace `use_container_width` with `width`.

`use_container_width` will be removed after 2025-12-31.

For `use_container_width=True`, use `width='stretch'`. For `use_container_width=False`, use `width='content'`.
2026-07-29 20:10:52.140 Please replace `use_container_width` with `width`.

`use_container_width` will be removed after 2025-12-31.

For `use_container_width=True`, use `width='stretch'`. For `use_container_width=False`, use `width='content'`.
2026-07-29 20:10:52.175 Please replace `use_container_width` with `width`.

`use_container_width` will be removed after 2025-12-31.

For `use_container_width=True`, use `width='stretch'`. For `use_container_width=False`, use `width='content'`.
2026-07-29 20:10:52.211 Please replace `use_container_width` with `width`.

`use_container_width` will be removed after 2025-12-31.

For `use_container_width=True`, use `width='stretch'`. For `use_container_width=False`, use `width='content'`.
2026-07-29 20:10:52.246 Please replace `use_container_width` with `width`.

`use_container_width` will be removed after 2025-12-31.

For `use_container_width=True`, use `width='stretch'`. For `use_container_width=False`, use `width='content'`.
2026-07-29 20:10:52.280 Please replace `use_container_width` with `width`.

`use_container_width` will be removed after 2025-12-31.

For `use_container_width=True`, use `width='stretch'`. For `use_container_width=False`, use `width='content'`.
2026-07-29 20:10:52.316 Please replace `use_container_width` with `width`.

`use_container_width` will be removed after 2025-12-31.

For `use_container_width=True`, use `width='stretch'`. For `use_container_width=False`, use `width='content'`.
2026-07-29 20:10:52.352 Please replace `use_container_width` with `width`.

`use_container_width` will be removed after 2025-12-31.

For `use_container_width=True`, use `width='stretch'`. For `use_container_width=False`, use `width='content'`.
2026-07-29 20:10:52.387 Please replace `use_container_width` with `width`.

`use_container_width` will be removed after 2025-12-31.

For `use_container_width=True`, use `width='stretch'`. For `use_container_width=False`, use `width='content'`.
2026-07-29 20:10:52.422 Please replace `use_container_width` with `width`.

`use_container_width` will be removed after 2025-12-31.

For `use_container_width=True`, use `width='stretch'`. For `use_container_width=False`, use `width='content'`.
2026-07-29 20:10:52.455 Please replace `use_container_width` with `width`.

`use_container_width` will be removed after 2025-12-31.

For `use_container_width=True`, use `width='stretch'`. For `use_container_width=False`, use `width='content'`.
2026-07-29 20:10:52.490 Please replace `use_container_width` with `width`.

`use_container_width` will be removed after 2025-12-31.

For `use_container_width=True`, use `width='stretch'`. For `use_container_width=False`, use `width='content'`.
2026-07-29 20:10:52.524 Please replace `use_container_width` with `width`.

`use_container_width` will be removed after 2025-12-31.

For `use_container_width=True`, use `width='stretch'`. For `use_container_width=False`, use `width='content'`.
2026-07-29 20:10:52.559 Please replace `use_container_width` with `width`.

`use_container_width` will be removed after 2025-12-31.

For `use_container_width=True`, use `width='stretch'`. For `use_container_width=False`, use `width='content'`.
2026-07-29 20:10:52.594 Please replace `use_container_width` with `width`.

`use_container_width` will be removed after 2025-12-31.

For `use_container_width=True`, use `width='stretch'`. For `use_container_width=False`, use `width='content'`.
2026-07-29 20:10:52.629 Please replace `use_container_width` with `width`.

`use_container_width` will be removed after 2025-12-31.

For `use_container_width=True`, use `width='stretch'`. For `use_container_width=False`, use `width='content'`.
2026-07-29 20:10:52.664 Please replace `use_container_width` with `width`.

`use_container_width` will be removed after 2025-12-31.

For `use_container_width=True`, use `width='stretch'`. For `use_container_width=False`, use `width='content'`.
2026-07-29 20:10:52.700 Please replace `use_container_width` with `width`.

`use_container_width` will be removed after 2025-12-31.

For `use_container_width=True`, use `width='stretch'`. For `use_container_width=False`, use `width='content'`.
2026-07-29 20:10:52.735 Please replace `use_container_width` with `width`.

`use_container_width` will be removed after 2025-12-31.

For `use_container_width=True`, use `width='stretch'`. For `use_container_width=False`, use `width='content'`.
2026-07-29 20:10:52.771 Please replace `use_container_width` with `width`.

`use_container_width` will be removed after 2025-12-31.

For `use_container_width=True`, use `width='stretch'`. For `use_container_width=False`, use `width='content'`.
2026-07-29 20:10:52.805 Please replace `use_container_width` with `width`.

`use_container_width` will be removed after 2025-12-31.

For `use_container_width=True`, use `width='stretch'`. For `use_container_width=False`, use `width='content'`.
2026-07-29 20:10:52.841 Please replace `use_container_width` with `width`.

`use_container_width` will be removed after 2025-12-31.

For `use_container_width=True`, use `width='stretch'`. For `use_container_width=False`, use `width='content'`.
2026-07-29 20:10:52.876 Please replace `use_container_width` with `width`.

`use_container_width` will be removed after 2025-12-31.

For `use_container_width=True`, use `width='stretch'`. For `use_container_width=False`, use `width='content'`.
2026-07-29 20:10:52.911 Please replace `use_container_width` with `width`.

`use_container_width` will be removed after 2025-12-31.

For `use_container_width=True`, use `width='stretch'`. For `use_container_width=False`, use `width='content'`.
2026-07-29 20:10:52.946 Please replace `use_container_width` with `width`.

`use_container_width` will be removed after 2025-12-31.

For `use_container_width=True`, use `width='stretch'`. For `use_container_width=False`, use `width='content'`.
2026-07-29 20:10:52.981 Please replace `use_container_width` with `width`.

`use_container_width` will be removed after 2025-12-31.

For `use_container_width=True`, use `width='stretch'`. For `use_container_width=False`, use `width='content'`.
2026-07-29 20:10:53.015 Please replace `use_container_width` with `width`.

`use_container_width` will be removed after 2025-12-31.

For `use_container_width=True`, use `width='stretch'`. For `use_container_width=False`, use `width='content'`.
2026-07-29 20:10:53.051 Please replace `use_container_width` with `width`.

`use_container_width` will be removed after 2025-12-31.

For `use_container_width=True`, use `width='stretch'`. For `use_container_width=False`, use `width='content'`.
2026-07-29 20:10:53.063 Please replace `use_container_width` with `width`.

`use_container_width` will be removed after 2025-12-31.

For `use_container_width=True`, use `width='stretch'`. For `use_container_width=False`, use `width='content'`.
2026-07-29 20:10:53.064 Please replace `use_container_width` with `width`.

`use_container_width` will be removed after 2025-12-31.

For `use_container_width=True`, use `width='stretch'`. For `use_container_width=False`, use `width='content'`.
2026-07-29 20:10:53.094 Please replace `use_container_width` with `width`.

`use_container_width` will be removed after 2025-12-31.

For `use_container_width=True`, use `width='stretch'`. For `use_container_width=False`, use `width='content'`.
2026-07-29 20:10:53.129 Please replace `use_container_width` with `width`.

`use_container_width` will be removed after 2025-12-31.

For `use_container_width=True`, use `width='stretch'`. For `use_container_width=False`, use `width='content'`.
2026-07-29 20:10:53.163 Please replace `use_container_width` with `width`.

`use_container_width` will be removed after 2025-12-31.

For `use_container_width=True`, use `width='stretch'`. For `use_container_width=False`, use `width='content'`.
2026-07-29 20:10:53.199 Please replace `use_container_width` with `width`.

`use_container_width` will be removed after 2025-12-31.

For `use_container_width=True`, use `width='stretch'`. For `use_container_width=False`, use `width='content'`.
2026-07-29 20:10:53.235 Please replace `use_container_width` with `width`.

`use_container_width` will be removed after 2025-12-31.

For `use_container_width=True`, use `width='stretch'`. For `use_container_width=False`, use `width='content'`.
2026-07-29 20:10:53.270 Please replace `use_container_width` with `width`.

`use_container_width` will be removed after 2025-12-31.

For `use_container_width=True`, use `width='stretch'`. For `use_container_width=False`, use `width='content'`.
2026-07-29 20:10:53.305 Please replace `use_container_width` with `width`.

`use_container_width` will be removed after 2025-12-31.

For `use_container_width=True`, use `width='stretch'`. For `use_container_width=False`, use `width='content'`.
2026-07-29 20:10:53.341 Please replace `use_container_width` with `width`.

`use_container_width` will be removed after 2025-12-31.

For `use_container_width=True`, use `width='stretch'`. For `use_container_width=False`, use `width='content'`.
2026-07-29 20:10:53.375 Please replace `use_container_width` with `width`.

`use_container_width` will be removed after 2025-12-31.

For `use_container_width=True`, use `width='stretch'`. For `use_container_width=False`, use `width='content'`.
2026-07-29 20:10:53.409 Please replace `use_container_width` with `width`.

`use_container_width` will be removed after 2025-12-31.

For `use_container_width=True`, use `width='stretch'`. For `use_container_width=False`, use `width='content'`.
2026-07-29 20:10:53.445 Please replace `use_container_width` with `width`.

`use_container_width` will be removed after 2025-12-31.

For `use_container_width=True`, use `width='stretch'`. For `use_container_width=False`, use `width='content'`.
2026-07-29 20:10:53.480 Please replace `use_container_width` with `width`.

`use_container_width` will be removed after 2025-12-31.

For `use_container_width=True`, use `width='stretch'`. For `use_container_width=False`, use `width='content'`.
2026-07-29 20:10:53.516 Please replace `use_container_width` with `width`.

`use_container_width` will be removed after 2025-12-31.

For `use_container_width=True`, use `width='stretch'`. For `use_container_width=False`, use `width='content'`.
2026-07-29 20:10:53.551 Please replace `use_container_width` with `width`.

`use_container_width` will be removed after 2025-12-31.

For `use_container_width=True`, use `width='stretch'`. For `use_container_width=False`, use `width='content'`.
2026-07-29 20:10:53.585 Please replace `use_container_width` with `width`.

`use_container_width` will be removed after 2025-12-31.

For `use_container_width=True`, use `width='stretch'`. For `use_container_width=False`, use `width='content'`.
2026-07-29 20:10:53.620 Please replace `use_container_width` with `width`.

`use_container_width` will be removed after 2025-12-31.

For `use_container_width=True`, use `width='stretch'`. For `use_container_width=False`, use `width='content'`.
2026-07-29 20:10:53.657 Please replace `use_container_width` with `width`.

`use_container_width` will be removed after 2025-12-31.

For `use_container_width=True`, use `width='stretch'`. For `use_container_width=False`, use `width='content'`.
2026-07-29 20:10:53.692 Please replace `use_container_width` with `width`.

`use_container_width` will be removed after 2025-12-31.

For `use_container_width=True`, use `width='stretch'`. For `use_container_width=False`, use `width='content'`.
2026-07-29 20:10:53.725 Please replace `use_container_width` with `width`.

`use_container_width` will be removed after 2025-12-31.

For `use_container_width=True`, use `width='stretch'`. For `use_container_width=False`, use `width='content'`.
2026-07-29 20:10:53.761 Please replace `use_container_width` with `width`.

`use_container_width` will be removed after 2025-12-31.

For `use_container_width=True`, use `width='stretch'`. For `use_container_width=False`, use `width='content'`.
2026-07-29 20:10:53.796 Please replace `use_container_width` with `width`.

`use_container_width` will be removed after 2025-12-31.

For `use_container_width=True`, use `width='stretch'`. For `use_container_width=False`, use `width='content'`.
2026-07-29 20:10:53.831 Please replace `use_container_width` with `width`.

`use_container_width` will be removed after 2025-12-31.

For `use_container_width=True`, use `width='stretch'`. For `use_container_width=False`, use `width='content'`.
2026-07-29 20:10:53.867 Please replace `use_container_width` with `width`.

`use_container_width` will be removed after 2025-12-31.

For `use_container_width=True`, use `width='stretch'`. For `use_container_width=False`, use `width='content'`.
2026-07-29 20:10:53.902 Please replace `use_container_width` with `width`.

`use_container_width` will be removed after 2025-12-31.

For `use_container_width=True`, use `width='stretch'`. For `use_container_width=False`, use `width='content'`.
2026-07-29 20:10:53.937 Please replace `use_container_width` with `width`.

`use_container_width` will be removed after 2025-12-31.

For `use_container_width=True`, use `width='stretch'`. For `use_container_width=False`, use `width='content'`.
2026-07-29 20:10:53.972 Please replace `use_container_width` with `width`.

`use_container_width` will be removed after 2025-12-31.

For `use_container_width=True`, use `width='stretch'`. For `use_container_width=False`, use `width='content'`.
2026-07-29 20:10:54.007 Please replace `use_container_width` with `width`.

`use_container_width` will be removed after 2025-12-31.

For `use_container_width=True`, use `width='stretch'`. For `use_container_width=False`, use `width='content'`.
2026-07-29 20:10:54.041 Please replace `use_container_width` with `width`.

`use_container_width` will be removed after 2025-12-31.

For `use_container_width=True`, use `width='stretch'`. For `use_container_width=False`, use `width='content'`.
2026-07-29 20:10:54.077 Please replace `use_container_width` with `width`.

`use_container_width` will be removed after 2025-12-31.

For `use_container_width=True`, use `width='stretch'`. For `use_container_width=False`, use `width='content'`.
2026-07-29 20:10:54.089 Please replace `use_container_width` with `width`.

`use_container_width` will be removed after 2025-12-31.

For `use_container_width=True`, use `width='stretch'`. For `use_container_width=False`, use `width='content'`.
2026-07-29 20:10:54.090 Please replace `use_container_width` with `width`.

`use_container_width` will be removed after 2025-12-31.

For `use_container_width=True`, use `width='stretch'`. For `use_container_width=False`, use `width='content'`.
2026-07-29 20:10:54.121 Please replace `use_container_width` with `width`.

`use_container_width` will be removed after 2025-12-31.

For `use_container_width=True`, use `width='stretch'`. For `use_container_width=False`, use `width='content'`.
2026-07-29 20:10:54.156 Please replace `use_container_width` with `width`.

`use_container_width` will be removed after 2025-12-31.

For `use_container_width=True`, use `width='stretch'`. For `use_container_width=False`, use `width='content'`.
2026-07-29 20:10:54.192 Please replace `use_container_width` with `width`.

`use_container_width` will be removed after 2025-12-31.

For `use_container_width=True`, use `width='stretch'`. For `use_container_width=False`, use `width='content'`.
2026-07-29 20:10:54.227 Please replace `use_container_width` with `width`.

`use_container_width` will be removed after 2025-12-31.

For `use_container_width=True`, use `width='stretch'`. For `use_container_width=False`, use `width='content'`.
2026-07-29 20:10:54.264 Please replace `use_container_width` with `width`.

`use_container_width` will be removed after 2025-12-31.

For `use_container_width=True`, use `width='stretch'`. For `use_container_width=False`, use `width='content'`.
2026-07-29 20:10:54.299 Please replace `use_container_width` with `width`.

`use_container_width` will be removed after 2025-12-31.

For `use_container_width=True`, use `width='stretch'`. For `use_container_width=False`, use `width='content'`.
2026-07-29 20:10:54.334 Please replace `use_container_width` with `width`.

`use_container_width` will be removed after 2025-12-31.

For `use_container_width=True`, use `width='stretch'`. For `use_container_width=False`, use `width='content'`.
2026-07-29 20:10:54.369 Please replace `use_container_width` with `width`.

`use_container_width` will be removed after 2025-12-31.

For `use_container_width=True`, use `width='stretch'`. For `use_container_width=False`, use `width='content'`.
2026-07-29 20:10:54.403 Please replace `use_container_width` with `width`.

`use_container_width` will be removed after 2025-12-31.

For `use_container_width=True`, use `width='stretch'`. For `use_container_width=False`, use `width='content'`.
2026-07-29 20:10:54.440 Please replace `use_container_width` with `width`.

`use_container_width` will be removed after 2025-12-31.

For `use_container_width=True`, use `width='stretch'`. For `use_container_width=False`, use `width='content'`.
2026-07-29 20:10:54.474 Please replace `use_container_width` with `width`.

`use_container_width` will be removed after 2025-12-31.

For `use_container_width=True`, use `width='stretch'`. For `use_container_width=False`, use `width='content'`.
2026-07-29 20:10:54.510 Please replace `use_container_width` with `width`.

`use_container_width` will be removed after 2025-12-31.

For `use_container_width=True`, use `width='stretch'`. For `use_container_width=False`, use `width='content'`.
2026-07-29 20:10:54.546 Please replace `use_container_width` with `width`.

`use_container_width` will be removed after 2025-12-31.

For `use_container_width=True`, use `width='stretch'`. For `use_container_width=False`, use `width='content'`.
2026-07-29 20:10:54.580 Please replace `use_container_width` with `width`.

`use_container_width` will be removed after 2025-12-31.

For `use_container_width=True`, use `width='stretch'`. For `use_container_width=False`, use `width='content'`.
2026-07-29 20:10:54.615 Please replace `use_container_width` with `width`.

`use_container_width` will be removed after 2025-12-31.

For `use_container_width=True`, use `width='stretch'`. For `use_container_width=False`, use `width='content'`.
2026-07-29 20:10:54.651 Please replace `use_container_width` with `width`.

`use_container_width` will be removed after 2025-12-31.

For `use_container_width=True`, use `width='stretch'`. For `use_container_width=False`, use `width='content'`.
2026-07-29 20:10:54.686 Please replace `use_container_width` with `width`.

`use_container_width` will be removed after 2025-12-31.

For `use_container_width=True`, use `width='stretch'`. For `use_container_width=False`, use `width='content'`.
2026-07-29 20:10:54.721 Please replace `use_container_width` with `width`.

`use_container_width` will be removed after 2025-12-31.

For `use_container_width=True`, use `width='stretch'`. For `use_container_width=False`, use `width='content'`.
2026-07-29 20:10:54.755 Please replace `use_container_width` with `width`.

`use_container_width` will be removed after 2025-12-31.

For `use_container_width=True`, use `width='stretch'`. For `use_container_width=False`, use `width='content'`.
2026-07-29 20:10:54.790 Please replace `use_container_width` with `width`.

`use_container_width` will be removed after 2025-12-31.

For `use_container_width=True`, use `width='stretch'`. For `use_container_width=False`, use `width='content'`.
2026-07-29 20:10:54.825 Please replace `use_container_width` with `width`.

`use_container_width` will be removed after 2025-12-31.

For `use_container_width=True`, use `width='stretch'`. For `use_container_width=False`, use `width='content'`.
2026-07-29 20:10:54.861 Please replace `use_container_width` with `width`.

`use_container_width` will be removed after 2025-12-31.

For `use_container_width=True`, use `width='stretch'`. For `use_container_width=False`, use `width='content'`.
2026-07-29 20:10:54.895 Please replace `use_container_width` with `width`.

`use_container_width` will be removed after 2025-12-31.

For `use_container_width=True`, use `width='stretch'`. For `use_container_width=False`, use `width='content'`.
2026-07-29 20:10:54.931 Please replace `use_container_width` with `width`.

`use_container_width` will be removed after 2025-12-31.

For `use_container_width=True`, use `width='stretch'`. For `use_container_width=False`, use `width='content'`.
2026-07-29 20:10:54.966 Please replace `use_container_width` with `width`.

`use_container_width` will be removed after 2025-12-31.

For `use_container_width=True`, use `width='stretch'`. For `use_container_width=False`, use `width='content'`.
2026-07-29 20:10:55.001 Please replace `use_container_width` with `width`.

`use_container_width` will be removed after 2025-12-31.

For `use_container_width=True`, use `width='stretch'`. For `use_container_width=False`, use `width='content'`.
2026-07-29 20:10:55.037 Please replace `use_container_width` with `width`.

`use_container_width` will be removed after 2025-12-31.

For `use_container_width=True`, use `width='stretch'`. For `use_container_width=False`, use `width='content'`.
2026-07-29 20:10:55.072 Please replace `use_container_width` with `width`.

`use_container_width` will be removed after 2025-12-31.

For `use_container_width=True`, use `width='stretch'`. For `use_container_width=False`, use `width='content'`.
2026-07-29 20:10:55.107 Please replace `use_container_width` with `width`.

`use_container_width` will be removed after 2025-12-31.

For `use_container_width=True`, use `width='stretch'`. For `use_container_width=False`, use `width='content'`.
2026-07-29 20:10:55.118 Please replace `use_container_width` with `width`.

`use_container_width` will be removed after 2025-12-31.

For `use_container_width=True`, use `width='stretch'`. For `use_container_width=False`, use `width='content'`.
2026-07-29 20:10:55.119 Please replace `use_container_width` with `width`.

`use_container_width` will be removed after 2025-12-31.

For `use_container_width=True`, use `width='stretch'`. For `use_container_width=False`, use `width='content'`.
2026-07-29 20:10:55.150 Please replace `use_container_width` with `width`.

`use_container_width` will be removed after 2025-12-31.

For `use_container_width=True`, use `width='stretch'`. For `use_container_width=False`, use `width='content'`.
2026-07-29 20:10:55.186 Please replace `use_container_width` with `width`.

`use_container_width` will be removed after 2025-12-31.

For `use_container_width=True`, use `width='stretch'`. For `use_container_width=False`, use `width='content'`.
2026-07-29 20:10:55.222 Please replace `use_container_width` with `width`.

`use_container_width` will be removed after 2025-12-31.

For `use_container_width=True`, use `width='stretch'`. For `use_container_width=False`, use `width='content'`.
2026-07-29 20:10:55.257 Please replace `use_container_width` with `width`.

`use_container_width` will be removed after 2025-12-31.

For `use_container_width=True`, use `width='stretch'`. For `use_container_width=False`, use `width='content'`.
2026-07-29 20:10:55.291 Please replace `use_container_width` with `width`.

`use_container_width` will be removed after 2025-12-31.

For `use_container_width=True`, use `width='stretch'`. For `use_container_width=False`, use `width='content'`.
2026-07-29 20:10:55.326 Please replace `use_container_width` with `width`.

`use_container_width` will be removed after 2025-12-31.

For `use_container_width=True`, use `width='stretch'`. For `use_container_width=False`, use `width='content'`.
2026-07-29 20:10:55.361 Please replace `use_container_width` with `width`.

`use_container_width` will be removed after 2025-12-31.

For `use_container_width=True`, use `width='stretch'`. For `use_container_width=False`, use `width='content'`.
2026-07-29 20:10:55.397 Please replace `use_container_width` with `width`.

`use_container_width` will be removed after 2025-12-31.

For `use_container_width=True`, use `width='stretch'`. For `use_container_width=False`, use `width='content'`.
2026-07-29 20:10:55.434 Please replace `use_container_width` with `width`.

`use_container_width` will be removed after 2025-12-31.

For `use_container_width=True`, use `width='stretch'`. For `use_container_width=False`, use `width='content'`.
2026-07-29 20:10:55.470 Please replace `use_container_width` with `width`.

`use_container_width` will be removed after 2025-12-31.

For `use_container_width=True`, use `width='stretch'`. For `use_container_width=False`, use `width='content'`.
2026-07-29 20:10:55.506 Please replace `use_container_width` with `width`.

`use_container_width` will be removed after 2025-12-31.

For `use_container_width=True`, use `width='stretch'`. For `use_container_width=False`, use `width='content'`.
2026-07-29 20:10:55.540 Please replace `use_container_width` with `width`.

`use_container_width` will be removed after 2025-12-31.

For `use_container_width=True`, use `width='stretch'`. For `use_container_width=False`, use `width='content'`.
2026-07-29 20:10:55.575 Please replace `use_container_width` with `width`.

`use_container_width` will be removed after 2025-12-31.

For `use_container_width=True`, use `width='stretch'`. For `use_container_width=False`, use `width='content'`.
2026-07-29 20:10:55.610 Please replace `use_container_width` with `width`.

`use_container_width` will be removed after 2025-12-31.

For `use_container_width=True`, use `width='stretch'`. For `use_container_width=False`, use `width='content'`.
2026-07-29 20:10:55.645 Please replace `use_container_width` with `width`.

`use_container_width` will be removed after 2025-12-31.

For `use_container_width=True`, use `width='stretch'`. For `use_container_width=False`, use `width='content'`.
2026-07-29 20:10:55.680 Please replace `use_container_width` with `width`.

`use_container_width` will be removed after 2025-12-31.

For `use_container_width=True`, use `width='stretch'`. For `use_container_width=False`, use `width='content'`.
2026-07-29 20:10:55.714 Please replace `use_container_width` with `width`.

`use_container_width` will be removed after 2025-12-31.

For `use_container_width=True`, use `width='stretch'`. For `use_container_width=False`, use `width='content'`.
2026-07-29 20:10:55.751 Please replace `use_container_width` with `width`.

`use_container_width` will be removed after 2025-12-31.

For `use_container_width=True`, use `width='stretch'`. For `use_container_width=False`, use `width='content'`.
2026-07-29 20:10:55.785 Please replace `use_container_width` with `width`.

`use_container_width` will be removed after 2025-12-31.

For `use_container_width=True`, use `width='stretch'`. For `use_container_width=False`, use `width='content'`.
2026-07-29 20:10:55.821 Please replace `use_container_width` with `width`.

`use_container_width` will be removed after 2025-12-31.

For `use_container_width=True`, use `width='stretch'`. For `use_container_width=False`, use `width='content'`.
2026-07-29 20:10:55.856 Please replace `use_container_width` with `width`.

`use_container_width` will be removed after 2025-12-31.

For `use_container_width=True`, use `width='stretch'`. For `use_container_width=False`, use `width='content'`.
2026-07-29 20:10:55.890 Please replace `use_container_width` with `width`.

`use_container_width` will be removed after 2025-12-31.

For `use_container_width=True`, use `width='stretch'`. For `use_container_width=False`, use `width='content'`.
2026-07-29 20:10:55.927 Please replace `use_container_width` with `width`.

`use_container_width` will be removed after 2025-12-31.

For `use_container_width=True`, use `width='stretch'`. For `use_container_width=False`, use `width='content'`.
2026-07-29 20:10:55.961 Please replace `use_container_width` with `width`.

`use_container_width` will be removed after 2025-12-31.

For `use_container_width=True`, use `width='stretch'`. For `use_container_width=False`, use `width='content'`.
2026-07-29 20:10:55.997 Please replace `use_container_width` with `width`.

`use_container_width` will be removed after 2025-12-31.

For `use_container_width=True`, use `width='stretch'`. For `use_container_width=False`, use `width='content'`.
2026-07-29 20:10:56.031 Please replace `use_container_width` with `width`.

`use_container_width` will be removed after 2025-12-31.

For `use_container_width=True`, use `width='stretch'`. For `use_container_width=False`, use `width='content'`.
2026-07-29 20:10:56.070 Please replace `use_container_width` with `width`.

`use_container_width` will be removed after 2025-12-31.

For `use_container_width=True`, use `width='stretch'`. For `use_container_width=False`, use `width='content'`.
2026-07-29 20:10:56.105 Please replace `use_container_width` with `width`.

`use_container_width` will be removed after 2025-12-31.

For `use_container_width=True`, use `width='stretch'`. For `use_container_width=False`, use `width='content'`.
2026-07-29 20:10:56.141 Please replace `use_container_width` with `width`.

`use_container_width` will be removed after 2025-12-31.

For `use_container_width=True`, use `width='stretch'`. For `use_container_width=False`, use `width='content'`.
2026-07-29 20:10:56.154 Please replace `use_container_width` with `width`.

`use_container_width` will be removed after 2025-12-31.

For `use_container_width=True`, use `width='stretch'`. For `use_container_width=False`, use `width='content'`.
2026-07-29 20:10:56.155 Please replace `use_container_width` with `width`.

`use_container_width` will be removed after 2025-12-31.

For `use_container_width=True`, use `width='stretch'`. For `use_container_width=False`, use `width='content'`.
2026-07-29 20:10:56.185 Please replace `use_container_width` with `width`.

`use_container_width` will be removed after 2025-12-31.

For `use_container_width=True`, use `width='stretch'`. For `use_container_width=False`, use `width='content'`.
2026-07-29 20:10:56.220 Please replace `use_container_width` with `width`.

`use_container_width` will be removed after 2025-12-31.

For `use_container_width=True`, use `width='stretch'`. For `use_container_width=False`, use `width='content'`.
2026-07-29 20:10:56.255 Please replace `use_container_width` with `width`.

`use_container_width` will be removed after 2025-12-31.

For `use_container_width=True`, use `width='stretch'`. For `use_container_width=False`, use `width='content'`.
2026-07-29 20:10:56.290 Please replace `use_container_width` with `width`.

`use_container_width` will be removed after 2025-12-31.

For `use_container_width=True`, use `width='stretch'`. For `use_container_width=False`, use `width='content'`.
2026-07-29 20:10:56.327 Please replace `use_container_width` with `width`.

`use_container_width` will be removed after 2025-12-31.

For `use_container_width=True`, use `width='stretch'`. For `use_container_width=False`, use `width='content'`.
2026-07-29 20:10:56.364 Please replace `use_container_width` with `width`.

`use_container_width` will be removed after 2025-12-31.

For `use_container_width=True`, use `width='stretch'`. For `use_container_width=False`, use `width='content'`.
2026-07-29 20:10:56.401 Please replace `use_container_width` with `width`.

`use_container_width` will be removed after 2025-12-31.

For `use_container_width=True`, use `width='stretch'`. For `use_container_width=False`, use `width='content'`.
2026-07-29 20:10:56.438 Please replace `use_container_width` with `width`.

`use_container_width` will be removed after 2025-12-31.

For `use_container_width=True`, use `width='stretch'`. For `use_container_width=False`, use `width='content'`.
2026-07-29 20:10:56.476 Please replace `use_container_width` with `width`.

`use_container_width` will be removed after 2025-12-31.

For `use_container_width=True`, use `width='stretch'`. For `use_container_width=False`, use `width='content'`.
2026-07-29 20:10:56.513 Please replace `use_container_width` with `width`.

`use_container_width` will be removed after 2025-12-31.

For `use_container_width=True`, use `width='stretch'`. For `use_container_width=False`, use `width='content'`.
2026-07-29 20:10:56.551 Please replace `use_container_width` with `width`.

`use_container_width` will be removed after 2025-12-31.

For `use_container_width=True`, use `width='stretch'`. For `use_container_width=False`, use `width='content'`.
2026-07-29 20:10:56.588 Please replace `use_container_width` with `width`.

`use_container_width` will be removed after 2025-12-31.

For `use_container_width=True`, use `width='stretch'`. For `use_container_width=False`, use `width='content'`.
2026-07-29 20:10:56.625 Please replace `use_container_width` with `width`.

`use_container_width` will be removed after 2025-12-31.

For `use_container_width=True`, use `width='stretch'`. For `use_container_width=False`, use `width='content'`.
2026-07-29 20:10:56.661 Please replace `use_container_width` with `width`.

`use_container_width` will be removed after 2025-12-31.

For `use_container_width=True`, use `width='stretch'`. For `use_container_width=False`, use `width='content'`.
2026-07-29 20:10:56.698 Please replace `use_container_width` with `width`.

`use_container_width` will be removed after 2025-12-31.

For `use_container_width=True`, use `width='stretch'`. For `use_container_width=False`, use `width='content'`.
2026-07-29 20:10:56.735 Please replace `use_container_width` with `width`.

`use_container_width` will be removed after 2025-12-31.

For `use_container_width=True`, use `width='stretch'`. For `use_container_width=False`, use `width='content'`.
2026-07-29 20:10:56.772 Please replace `use_container_width` with `width`.

`use_container_width` will be removed after 2025-12-31.

For `use_container_width=True`, use `width='stretch'`. For `use_container_width=False`, use `width='content'`.
2026-07-29 20:10:56.809 Please replace `use_container_width` with `width`.

`use_container_width` will be removed after 2025-12-31.

For `use_container_width=True`, use `width='stretch'`. For `use_container_width=False`, use `width='content'`.
2026-07-29 20:10:56.846 Please replace `use_container_width` with `width`.

`use_container_width` will be removed after 2025-12-31.

For `use_container_width=True`, use `width='stretch'`. For `use_container_width=False`, use `width='content'`.
2026-07-29 20:10:56.884 Please replace `use_container_width` with `width`.

`use_container_width` will be removed after 2025-12-31.

For `use_container_width=True`, use `width='stretch'`. For `use_container_width=False`, use `width='content'`.
2026-07-29 20:10:56.920 Please replace `use_container_width` with `width`.

`use_container_width` will be removed after 2025-12-31.

For `use_container_width=True`, use `width='stretch'`. For `use_container_width=False`, use `width='content'`.
2026-07-29 20:10:56.961 Please replace `use_container_width` with `width`.

`use_container_width` will be removed after 2025-12-31.

For `use_container_width=True`, use `width='stretch'`. For `use_container_width=False`, use `width='content'`.
2026-07-29 20:10:56.998 Please replace `use_container_width` with `width`.

`use_container_width` will be removed after 2025-12-31.

For `use_container_width=True`, use `width='stretch'`. For `use_container_width=False`, use `width='content'`.
2026-07-29 20:10:57.035 Please replace `use_container_width` with `width`.

`use_container_width` will be removed after 2025-12-31.

For `use_container_width=True`, use `width='stretch'`. For `use_container_width=False`, use `width='content'`.
2026-07-29 20:10:57.072 Please replace `use_container_width` with `width`.

`use_container_width` will be removed after 2025-12-31.

For `use_container_width=True`, use `width='stretch'`. For `use_container_width=False`, use `width='content'`.
2026-07-29 20:10:57.109 Please replace `use_container_width` with `width`.

`use_container_width` will be removed after 2025-12-31.

For `use_container_width=True`, use `width='stretch'`. For `use_container_width=False`, use `width='content'`.
2026-07-29 20:10:57.146 Please replace `use_container_width` with `width`.

`use_container_width` will be removed after 2025-12-31.

For `use_container_width=True`, use `width='stretch'`. For `use_container_width=False`, use `width='content'`.
2026-07-29 20:10:57.159 Please replace `use_container_width` with `width`.

`use_container_width` will be removed after 2025-12-31.

For `use_container_width=True`, use `width='stretch'`. For `use_container_width=False`, use `width='content'`.
2026-07-29 20:10:57.161 Please replace `use_container_width` with `width`.

`use_container_width` will be removed after 2025-12-31.

For `use_container_width=True`, use `width='stretch'`. For `use_container_width=False`, use `width='content'`.
2026-07-29 20:10:57.194 Please replace `use_container_width` with `width`.

`use_container_width` will be removed after 2025-12-31.

For `use_container_width=True`, use `width='stretch'`. For `use_container_width=False`, use `width='content'`.
2026-07-29 20:10:57.232 Please replace `use_container_width` with `width`.

`use_container_width` will be removed after 2025-12-31.

For `use_container_width=True`, use `width='stretch'`. For `use_container_width=False`, use `width='content'`.
2026-07-29 20:10:57.268 Please replace `use_container_width` with `width`.

`use_container_width` will be removed after 2025-12-31.

For `use_container_width=True`, use `width='stretch'`. For `use_container_width=False`, use `width='content'`.
2026-07-29 20:10:57.307 Please replace `use_container_width` with `width`.

`use_container_width` will be removed after 2025-12-31.

For `use_container_width=True`, use `width='stretch'`. For `use_container_width=False`, use `width='content'`.
2026-07-29 20:10:57.344 Please replace `use_container_width` with `width`.

`use_container_width` will be removed after 2025-12-31.

For `use_container_width=True`, use `width='stretch'`. For `use_container_width=False`, use `width='content'`.
2026-07-29 20:10:57.381 Please replace `use_container_width` with `width`.

`use_container_width` will be removed after 2025-12-31.

For `use_container_width=True`, use `width='stretch'`. For `use_container_width=False`, use `width='content'`.
2026-07-29 20:10:57.418 Please replace `use_container_width` with `width`.

`use_container_width` will be removed after 2025-12-31.

For `use_container_width=True`, use `width='stretch'`. For `use_container_width=False`, use `width='content'`.
2026-07-29 20:10:57.455 Please replace `use_container_width` with `width`.

`use_container_width` will be removed after 2025-12-31.

For `use_container_width=True`, use `width='stretch'`. For `use_container_width=False`, use `width='content'`.
2026-07-29 20:10:57.493 Please replace `use_container_width` with `width`.

`use_container_width` will be removed after 2025-12-31.

For `use_container_width=True`, use `width='stretch'`. For `use_container_width=False`, use `width='content'`.
2026-07-29 20:10:57.531 Please replace `use_container_width` with `width`.

`use_container_width` will be removed after 2025-12-31.

For `use_container_width=True`, use `width='stretch'`. For `use_container_width=False`, use `width='content'`.
2026-07-29 20:10:57.568 Please replace `use_container_width` with `width`.

`use_container_width` will be removed after 2025-12-31.

For `use_container_width=True`, use `width='stretch'`. For `use_container_width=False`, use `width='content'`.
2026-07-29 20:10:57.606 Please replace `use_container_width` with `width`.

`use_container_width` will be removed after 2025-12-31.

For `use_container_width=True`, use `width='stretch'`. For `use_container_width=False`, use `width='content'`.
2026-07-29 20:10:57.643 Please replace `use_container_width` with `width`.

`use_container_width` will be removed after 2025-12-31.

For `use_container_width=True`, use `width='stretch'`. For `use_container_width=False`, use `width='content'`.
2026-07-29 20:10:57.681 Please replace `use_container_width` with `width`.

`use_container_width` will be removed after 2025-12-31.

For `use_container_width=True`, use `width='stretch'`. For `use_container_width=False`, use `width='content'`.
2026-07-29 20:10:57.719 Please replace `use_container_width` with `width`.

`use_container_width` will be removed after 2025-12-31.

For `use_container_width=True`, use `width='stretch'`. For `use_container_width=False`, use `width='content'`.
2026-07-29 20:10:57.757 Please replace `use_container_width` with `width`.

`use_container_width` will be removed after 2025-12-31.

For `use_container_width=True`, use `width='stretch'`. For `use_container_width=False`, use `width='content'`.
2026-07-29 20:10:57.794 Please replace `use_container_width` with `width`.

`use_container_width` will be removed after 2025-12-31.

For `use_container_width=True`, use `width='stretch'`. For `use_container_width=False`, use `width='content'`.
2026-07-29 20:10:57.830 Please replace `use_container_width` with `width`.

`use_container_width` will be removed after 2025-12-31.

For `use_container_width=True`, use `width='stretch'`. For `use_container_width=False`, use `width='content'`.
2026-07-29 20:10:57.869 Please replace `use_container_width` with `width`.

`use_container_width` will be removed after 2025-12-31.

For `use_container_width=True`, use `width='stretch'`. For `use_container_width=False`, use `width='content'`.
2026-07-29 20:10:57.906 Please replace `use_container_width` with `width`.

`use_container_width` will be removed after 2025-12-31.

For `use_container_width=True`, use `width='stretch'`. For `use_container_width=False`, use `width='content'`.
2026-07-29 20:10:57.944 Please replace `use_container_width` with `width`.

`use_container_width` will be removed after 2025-12-31.

For `use_container_width=True`, use `width='stretch'`. For `use_container_width=False`, use `width='content'`.
2026-07-29 20:10:57.981 Please replace `use_container_width` with `width`.

`use_container_width` will be removed after 2025-12-31.

For `use_container_width=True`, use `width='stretch'`. For `use_container_width=False`, use `width='content'`.
2026-07-29 20:10:58.018 Please replace `use_container_width` with `width`.

`use_container_width` will be removed after 2025-12-31.

For `use_container_width=True`, use `width='stretch'`. For `use_container_width=False`, use `width='content'`.
2026-07-29 20:10:58.055 Please replace `use_container_width` with `width`.

`use_container_width` will be removed after 2025-12-31.

For `use_container_width=True`, use `width='stretch'`. For `use_container_width=False`, use `width='content'`.
2026-07-29 20:10:58.092 Please replace `use_container_width` with `width`.

`use_container_width` will be removed after 2025-12-31.

For `use_container_width=True`, use `width='stretch'`. For `use_container_width=False`, use `width='content'`.
2026-07-29 20:10:58.130 Please replace `use_container_width` with `width`.

`use_container_width` will be removed after 2025-12-31.

For `use_container_width=True`, use `width='stretch'`. For `use_container_width=False`, use `width='content'`.
2026-07-29 20:10:58.168 Please replace `use_container_width` with `width`.

`use_container_width` will be removed after 2025-12-31.

For `use_container_width=True`, use `width='stretch'`. For `use_container_width=False`, use `width='content'`.
2026-07-29 20:10:58.181 Please replace `use_container_width` with `width`.

`use_container_width` will be removed after 2025-12-31.

For `use_container_width=True`, use `width='stretch'`. For `use_container_width=False`, use `width='content'`.
2026-07-29 20:10:58.182 Please replace `use_container_width` with `width`.

`use_container_width` will be removed after 2025-12-31.

For `use_container_width=True`, use `width='stretch'`. For `use_container_width=False`, use `width='content'`.
2026-07-29 20:10:58.214 Please replace `use_container_width` with `width`.

`use_container_width` will be removed after 2025-12-31.

For `use_container_width=True`, use `width='stretch'`. For `use_container_width=False`, use `width='content'`.
2026-07-29 20:10:58.250 Please replace `use_container_width` with `width`.

`use_container_width` will be removed after 2025-12-31.

For `use_container_width=True`, use `width='stretch'`. For `use_container_width=False`, use `width='content'`.
2026-07-29 20:10:58.287 Please replace `use_container_width` with `width`.

`use_container_width` will be removed after 2025-12-31.

For `use_container_width=True`, use `width='stretch'`. For `use_container_width=False`, use `width='content'`.
2026-07-29 20:10:58.323 Please replace `use_container_width` with `width`.

`use_container_width` will be removed after 2025-12-31.

For `use_container_width=True`, use `width='stretch'`. For `use_container_width=False`, use `width='content'`.
2026-07-29 20:10:58.359 Please replace `use_container_width` with `width`.

`use_container_width` will be removed after 2025-12-31.

For `use_container_width=True`, use `width='stretch'`. For `use_container_width=False`, use `width='content'`.
2026-07-29 20:10:58.395 Please replace `use_container_width` with `width`.

`use_container_width` will be removed after 2025-12-31.

For `use_container_width=True`, use `width='stretch'`. For `use_container_width=False`, use `width='content'`.
2026-07-29 20:10:58.431 Please replace `use_container_width` with `width`.

`use_container_width` will be removed after 2025-12-31.

For `use_container_width=True`, use `width='stretch'`. For `use_container_width=False`, use `width='content'`.
2026-07-29 20:10:58.469 Please replace `use_container_width` with `width`.

`use_container_width` will be removed after 2025-12-31.

For `use_container_width=True`, use `width='stretch'`. For `use_container_width=False`, use `width='content'`.
2026-07-29 20:10:58.505 Please replace `use_container_width` with `width`.

`use_container_width` will be removed after 2025-12-31.

For `use_container_width=True`, use `width='stretch'`. For `use_container_width=False`, use `width='content'`.
2026-07-29 20:10:58.543 Please replace `use_container_width` with `width`.

`use_container_width` will be removed after 2025-12-31.

For `use_container_width=True`, use `width='stretch'`. For `use_container_width=False`, use `width='content'`.
2026-07-29 20:10:58.579 Please replace `use_container_width` with `width`.

`use_container_width` will be removed after 2025-12-31.

For `use_container_width=True`, use `width='stretch'`. For `use_container_width=False`, use `width='content'`.
2026-07-29 20:10:58.624 Please replace `use_container_width` with `width`.

`use_container_width` will be removed after 2025-12-31.

For `use_container_width=True`, use `width='stretch'`. For `use_container_width=False`, use `width='content'`.
2026-07-29 20:10:58.661 Please replace `use_container_width` with `width`.

`use_container_width` will be removed after 2025-12-31.

For `use_container_width=True`, use `width='stretch'`. For `use_container_width=False`, use `width='content'`.
2026-07-29 20:10:58.697 Please replace `use_container_width` with `width`.

`use_container_width` will be removed after 2025-12-31.

For `use_container_width=True`, use `width='stretch'`. For `use_container_width=False`, use `width='content'`.
2026-07-29 20:10:58.733 Please replace `use_container_width` with `width`.

`use_container_width` will be removed after 2025-12-31.

For `use_container_width=True`, use `width='stretch'`. For `use_container_width=False`, use `width='content'`.
2026-07-29 20:10:58.771 Please replace `use_container_width` with `width`.

`use_container_width` will be removed after 2025-12-31.

For `use_container_width=True`, use `width='stretch'`. For `use_container_width=False`, use `width='content'`.
2026-07-29 20:10:58.808 Please replace `use_container_width` with `width`.

`use_container_width` will be removed after 2025-12-31.

For `use_container_width=True`, use `width='stretch'`. For `use_container_width=False`, use `width='content'`.
2026-07-29 20:10:58.844 Please replace `use_container_width` with `width`.

`use_container_width` will be removed after 2025-12-31.

For `use_container_width=True`, use `width='stretch'`. For `use_container_width=False`, use `width='content'`.
2026-07-29 20:10:58.881 Please replace `use_container_width` with `width`.

`use_container_width` will be removed after 2025-12-31.

For `use_container_width=True`, use `width='stretch'`. For `use_container_width=False`, use `width='content'`.
2026-07-29 20:10:58.918 Please replace `use_container_width` with `width`.

`use_container_width` will be removed after 2025-12-31.

For `use_container_width=True`, use `width='stretch'`. For `use_container_width=False`, use `width='content'`.
2026-07-29 20:10:58.956 Please replace `use_container_width` with `width`.

`use_container_width` will be removed after 2025-12-31.

For `use_container_width=True`, use `width='stretch'`. For `use_container_width=False`, use `width='content'`.
2026-07-29 20:10:58.992 Please replace `use_container_width` with `width`.

`use_container_width` will be removed after 2025-12-31.

For `use_container_width=True`, use `width='stretch'`. For `use_container_width=False`, use `width='content'`.
2026-07-29 20:10:59.028 Please replace `use_container_width` with `width`.

`use_container_width` will be removed after 2025-12-31.

For `use_container_width=True`, use `width='stretch'`. For `use_container_width=False`, use `width='content'`.
2026-07-29 20:10:59.065 Please replace `use_container_width` with `width`.

`use_container_width` will be removed after 2025-12-31.

For `use_container_width=True`, use `width='stretch'`. For `use_container_width=False`, use `width='content'`.
2026-07-29 20:10:59.101 Please replace `use_container_width` with `width`.

`use_container_width` will be removed after 2025-12-31.

For `use_container_width=True`, use `width='stretch'`. For `use_container_width=False`, use `width='content'`.
2026-07-29 20:10:59.138 Please replace `use_container_width` with `width`.

`use_container_width` will be removed after 2025-12-31.

For `use_container_width=True`, use `width='stretch'`. For `use_container_width=False`, use `width='content'`.
2026-07-29 20:10:59.174 Please replace `use_container_width` with `width`.

`use_container_width` will be removed after 2025-12-31.

For `use_container_width=True`, use `width='stretch'`. For `use_container_width=False`, use `width='content'`.
2026-07-29 20:10:59.187 Please replace `use_container_width` with `width`.

`use_container_width` will be removed after 2025-12-31.

For `use_container_width=True`, use `width='stretch'`. For `use_container_width=False`, use `width='content'`.
2026-07-29 20:10:59.188 Please replace `use_container_width` with `width`.

`use_container_width` will be removed after 2025-12-31.

For `use_container_width=True`, use `width='stretch'`. For `use_container_width=False`, use `width='content'`.
2026-07-29 20:10:59.219 Please replace `use_container_width` with `width`.

`use_container_width` will be removed after 2025-12-31.

For `use_container_width=True`, use `width='stretch'`. For `use_container_width=False`, use `width='content'`.
2026-07-29 20:10:59.256 Please replace `use_container_width` with `width`.

`use_container_width` will be removed after 2025-12-31.

For `use_container_width=True`, use `width='stretch'`. For `use_container_width=False`, use `width='content'`.
2026-07-29 20:10:59.293 Please replace `use_container_width` with `width`.

`use_container_width` will be removed after 2025-12-31.

For `use_container_width=True`, use `width='stretch'`. For `use_container_width=False`, use `width='content'`.
2026-07-29 20:10:59.331 Please replace `use_container_width` with `width`.

`use_container_width` will be removed after 2025-12-31.

For `use_container_width=True`, use `width='stretch'`. For `use_container_width=False`, use `width='content'`.
2026-07-29 20:10:59.366 Please replace `use_container_width` with `width`.

`use_container_width` will be removed after 2025-12-31.

For `use_container_width=True`, use `width='stretch'`. For `use_container_width=False`, use `width='content'`.
2026-07-29 20:10:59.404 Please replace `use_container_width` with `width`.

`use_container_width` will be removed after 2025-12-31.

For `use_container_width=True`, use `width='stretch'`. For `use_container_width=False`, use `width='content'`.
2026-07-29 20:10:59.442 Please replace `use_container_width` with `width`.

`use_container_width` will be removed after 2025-12-31.

For `use_container_width=True`, use `width='stretch'`. For `use_container_width=False`, use `width='content'`.
2026-07-29 20:10:59.479 Please replace `use_container_width` with `width`.

`use_container_width` will be removed after 2025-12-31.

For `use_container_width=True`, use `width='stretch'`. For `use_container_width=False`, use `width='content'`.
2026-07-29 20:10:59.515 Please replace `use_container_width` with `width`.

`use_container_width` will be removed after 2025-12-31.

For `use_container_width=True`, use `width='stretch'`. For `use_container_width=False`, use `width='content'`.
2026-07-29 20:10:59.553 Please replace `use_container_width` with `width`.

`use_container_width` will be removed after 2025-12-31.

For `use_container_width=True`, use `width='stretch'`. For `use_container_width=False`, use `width='content'`.
2026-07-29 20:10:59.588 Please replace `use_container_width` with `width`.

`use_container_width` will be removed after 2025-12-31.

For `use_container_width=True`, use `width='stretch'`. For `use_container_width=False`, use `width='content'`.
2026-07-29 20:10:59.626 Please replace `use_container_width` with `width`.

`use_container_width` will be removed after 2025-12-31.

For `use_container_width=True`, use `width='stretch'`. For `use_container_width=False`, use `width='content'`.
2026-07-29 20:10:59.662 Please replace `use_container_width` with `width`.

`use_container_width` will be removed after 2025-12-31.

For `use_container_width=True`, use `width='stretch'`. For `use_container_width=False`, use `width='content'`.
2026-07-29 20:10:59.697 Please replace `use_container_width` with `width`.

`use_container_width` will be removed after 2025-12-31.

For `use_container_width=True`, use `width='stretch'`. For `use_container_width=False`, use `width='content'`.
2026-07-29 20:10:59.734 Please replace `use_container_width` with `width`.

`use_container_width` will be removed after 2025-12-31.

For `use_container_width=True`, use `width='stretch'`. For `use_container_width=False`, use `width='content'`.
2026-07-29 20:10:59.770 Please replace `use_container_width` with `width`.

`use_container_width` will be removed after 2025-12-31.

For `use_container_width=True`, use `width='stretch'`. For `use_container_width=False`, use `width='content'`.
2026-07-29 20:10:59.808 Please replace `use_container_width` with `width`.

`use_container_width` will be removed after 2025-12-31.

For `use_container_width=True`, use `width='stretch'`. For `use_container_width=False`, use `width='content'`.
2026-07-29 20:10:59.846 Please replace `use_container_width` with `width`.

`use_container_width` will be removed after 2025-12-31.

For `use_container_width=True`, use `width='stretch'`. For `use_container_width=False`, use `width='content'`.
2026-07-29 20:10:59.883 Please replace `use_container_width` with `width`.

`use_container_width` will be removed after 2025-12-31.

For `use_container_width=True`, use `width='stretch'`. For `use_container_width=False`, use `width='content'`.
2026-07-29 20:10:59.922 Please replace `use_container_width` with `width`.

`use_container_width` will be removed after 2025-12-31.

For `use_container_width=True`, use `width='stretch'`. For `use_container_width=False`, use `width='content'`.
2026-07-29 20:10:59.958 Please replace `use_container_width` with `width`.

`use_container_width` will be removed after 2025-12-31.

For `use_container_width=True`, use `width='stretch'`. For `use_container_width=False`, use `width='content'`.
2026-07-29 20:10:59.994 Please replace `use_container_width` with `width`.

`use_container_width` will be removed after 2025-12-31.

For `use_container_width=True`, use `width='stretch'`. For `use_container_width=False`, use `width='content'`.
2026-07-29 20:11:00.031 Please replace `use_container_width` with `width`.

`use_container_width` will be removed after 2025-12-31.

For `use_container_width=True`, use `width='stretch'`. For `use_container_width=False`, use `width='content'`.
2026-07-29 20:11:00.068 Please replace `use_container_width` with `width`.

`use_container_width` will be removed after 2025-12-31.

For `use_container_width=True`, use `width='stretch'`. For `use_container_width=False`, use `width='content'`.
2026-07-29 20:11:00.105 Please replace `use_container_width` with `width`.

`use_container_width` will be removed after 2025-12-31.

For `use_container_width=True`, use `width='stretch'`. For `use_container_width=False`, use `width='content'`.
2026-07-29 20:11:00.142 Please replace `use_container_width` with `width`.

`use_container_width` will be removed after 2025-12-31.

For `use_container_width=True`, use `width='stretch'`. For `use_container_width=False`, use `width='content'`.
2026-07-29 20:11:00.178 Please replace `use_container_width` with `width`.

`use_container_width` will be removed after 2025-12-31.

For `use_container_width=True`, use `width='stretch'`. For `use_container_width=False`, use `width='content'`.
2026-07-29 20:11:00.192 Please replace `use_container_width` with `width`.

`use_container_width` will be removed after 2025-12-31.

For `use_container_width=True`, use `width='stretch'`. For `use_container_width=False`, use `width='content'`.
2026-07-29 20:11:00.193 Please replace `use_container_width` with `width`.

`use_container_width` will be removed after 2025-12-31.

For `use_container_width=True`, use `width='stretch'`. For `use_container_width=False`, use `width='content'`.
2026-07-29 20:11:00.225 Please replace `use_container_width` with `width`.

`use_container_width` will be removed after 2025-12-31.

For `use_container_width=True`, use `width='stretch'`. For `use_container_width=False`, use `width='content'`.
2026-07-29 20:11:00.261 Please replace `use_container_width` with `width`.

`use_container_width` will be removed after 2025-12-31.

For `use_container_width=True`, use `width='stretch'`. For `use_container_width=False`, use `width='content'`.
2026-07-29 20:11:00.298 Please replace `use_container_width` with `width`.

`use_container_width` will be removed after 2025-12-31.

For `use_container_width=True`, use `width='stretch'`. For `use_container_width=False`, use `width='content'`.
2026-07-29 20:11:00.336 Please replace `use_container_width` with `width`.

`use_container_width` will be removed after 2025-12-31.

For `use_container_width=True`, use `width='stretch'`. For `use_container_width=False`, use `width='content'`.
2026-07-29 20:11:00.372 Please replace `use_container_width` with `width`.

`use_container_width` will be removed after 2025-12-31.

For `use_container_width=True`, use `width='stretch'`. For `use_container_width=False`, use `width='content'`.
2026-07-29 20:11:00.408 Please replace `use_container_width` with `width`.

`use_container_width` will be removed after 2025-12-31.

For `use_container_width=True`, use `width='stretch'`. For `use_container_width=False`, use `width='content'`.
2026-07-29 20:11:00.446 Please replace `use_container_width` with `width`.

`use_container_width` will be removed after 2025-12-31.

For `use_container_width=True`, use `width='stretch'`. For `use_container_width=False`, use `width='content'`.
2026-07-29 20:11:00.483 Please replace `use_container_width` with `width`.

`use_container_width` will be removed after 2025-12-31.

For `use_container_width=True`, use `width='stretch'`. For `use_container_width=False`, use `width='content'`.
2026-07-29 20:11:00.521 Please replace `use_container_width` with `width`.

`use_container_width` will be removed after 2025-12-31.

For `use_container_width=True`, use `width='stretch'`. For `use_container_width=False`, use `width='content'`.
2026-07-29 20:11:00.558 Please replace `use_container_width` with `width`.

`use_container_width` will be removed after 2025-12-31.

For `use_container_width=True`, use `width='stretch'`. For `use_container_width=False`, use `width='content'`.
2026-07-29 20:11:00.594 Please replace `use_container_width` with `width`.

`use_container_width` will be removed after 2025-12-31.

For `use_container_width=True`, use `width='stretch'`. For `use_container_width=False`, use `width='content'`.
2026-07-29 20:11:00.631 Please replace `use_container_width` with `width`.

`use_container_width` will be removed after 2025-12-31.

For `use_container_width=True`, use `width='stretch'`. For `use_container_width=False`, use `width='content'`.
2026-07-29 20:11:00.669 Please replace `use_container_width` with `width`.

`use_container_width` will be removed after 2025-12-31.

For `use_container_width=True`, use `width='stretch'`. For `use_container_width=False`, use `width='content'`.
2026-07-29 20:11:00.706 Please replace `use_container_width` with `width`.

`use_container_width` will be removed after 2025-12-31.

For `use_container_width=True`, use `width='stretch'`. For `use_container_width=False`, use `width='content'`.
2026-07-29 20:11:00.743 Please replace `use_container_width` with `width`.

`use_container_width` will be removed after 2025-12-31.

For `use_container_width=True`, use `width='stretch'`. For `use_container_width=False`, use `width='content'`.
2026-07-29 20:11:00.778 Please replace `use_container_width` with `width`.

`use_container_width` will be removed after 2025-12-31.

For `use_container_width=True`, use `width='stretch'`. For `use_container_width=False`, use `width='content'`.
2026-07-29 20:11:00.816 Please replace `use_container_width` with `width`.

`use_container_width` will be removed after 2025-12-31.

For `use_container_width=True`, use `width='stretch'`. For `use_container_width=False`, use `width='content'`.
2026-07-29 20:11:00.852 Please replace `use_container_width` with `width`.

`use_container_width` will be removed after 2025-12-31.

For `use_container_width=True`, use `width='stretch'`. For `use_container_width=False`, use `width='content'`.
2026-07-29 20:11:00.890 Please replace `use_container_width` with `width`.

`use_container_width` will be removed after 2025-12-31.

For `use_container_width=True`, use `width='stretch'`. For `use_container_width=False`, use `width='content'`.
2026-07-29 20:11:00.926 Please replace `use_container_width` with `width`.

`use_container_width` will be removed after 2025-12-31.

For `use_container_width=True`, use `width='stretch'`. For `use_container_width=False`, use `width='content'`.
2026-07-29 20:11:00.964 Please replace `use_container_width` with `width`.

`use_container_width` will be removed after 2025-12-31.

For `use_container_width=True`, use `width='stretch'`. For `use_container_width=False`, use `width='content'`.
2026-07-29 20:11:01.002 Please replace `use_container_width` with `width`.

`use_container_width` will be removed after 2025-12-31.

For `use_container_width=True`, use `width='stretch'`. For `use_container_width=False`, use `width='content'`.
2026-07-29 20:11:01.039 Please replace `use_container_width` with `width`.

`use_container_width` will be removed after 2025-12-31.

For `use_container_width=True`, use `width='stretch'`. For `use_container_width=False`, use `width='content'`.
2026-07-29 20:11:01.075 Please replace `use_container_width` with `width`.

`use_container_width` will be removed after 2025-12-31.

For `use_container_width=True`, use `width='stretch'`. For `use_container_width=False`, use `width='content'`.
2026-07-29 20:11:01.111 Please replace `use_container_width` with `width`.

`use_container_width` will be removed after 2025-12-31.

For `use_container_width=True`, use `width='stretch'`. For `use_container_width=False`, use `width='content'`.
2026-07-29 20:11:01.147 Please replace `use_container_width` with `width`.

`use_container_width` will be removed after 2025-12-31.

For `use_container_width=True`, use `width='stretch'`. For `use_container_width=False`, use `width='content'`.
2026-07-29 20:11:01.183 Please replace `use_container_width` with `width`.

`use_container_width` will be removed after 2025-12-31.

For `use_container_width=True`, use `width='stretch'`. For `use_container_width=False`, use `width='content'`.
2026-07-29 20:11:01.196 Please replace `use_container_width` with `width`.

`use_container_width` will be removed after 2025-12-31.

For `use_container_width=True`, use `width='stretch'`. For `use_container_width=False`, use `width='content'`.
2026-07-29 20:11:01.197 Please replace `use_container_width` with `width`.

`use_container_width` will be removed after 2025-12-31.

For `use_container_width=True`, use `width='stretch'`. For `use_container_width=False`, use `width='content'`.
2026-07-29 20:11:01.229 Please replace `use_container_width` with `width`.

`use_container_width` will be removed after 2025-12-31.

For `use_container_width=True`, use `width='stretch'`. For `use_container_width=False`, use `width='content'`.
2026-07-29 20:11:01.266 Please replace `use_container_width` with `width`.

`use_container_width` will be removed after 2025-12-31.

For `use_container_width=True`, use `width='stretch'`. For `use_container_width=False`, use `width='content'`.
2026-07-29 20:11:01.301 Please replace `use_container_width` with `width`.

`use_container_width` will be removed after 2025-12-31.

For `use_container_width=True`, use `width='stretch'`. For `use_container_width=False`, use `width='content'`.
2026-07-29 20:11:01.339 Please replace `use_container_width` with `width`.

`use_container_width` will be removed after 2025-12-31.

For `use_container_width=True`, use `width='stretch'`. For `use_container_width=False`, use `width='content'`.
2026-07-29 20:11:01.376 Please replace `use_container_width` with `width`.

`use_container_width` will be removed after 2025-12-31.

For `use_container_width=True`, use `width='stretch'`. For `use_container_width=False`, use `width='content'`.
2026-07-29 20:11:01.412 Please replace `use_container_width` with `width`.

`use_container_width` will be removed after 2025-12-31.

For `use_container_width=True`, use `width='stretch'`. For `use_container_width=False`, use `width='content'`.
2026-07-29 20:11:01.449 Please replace `use_container_width` with `width`.

`use_container_width` will be removed after 2025-12-31.

For `use_container_width=True`, use `width='stretch'`. For `use_container_width=False`, use `width='content'`.
2026-07-29 20:11:01.487 Please replace `use_container_width` with `width`.

`use_container_width` will be removed after 2025-12-31.

For `use_container_width=True`, use `width='stretch'`. For `use_container_width=False`, use `width='content'`.
2026-07-29 20:11:01.523 Please replace `use_container_width` with `width`.

`use_container_width` will be removed after 2025-12-31.

For `use_container_width=True`, use `width='stretch'`. For `use_container_width=False`, use `width='content'`.
2026-07-29 20:11:01.561 Please replace `use_container_width` with `width`.

`use_container_width` will be removed after 2025-12-31.

For `use_container_width=True`, use `width='stretch'`. For `use_container_width=False`, use `width='content'`.
2026-07-29 20:11:01.597 Please replace `use_container_width` with `width`.

`use_container_width` will be removed after 2025-12-31.

For `use_container_width=True`, use `width='stretch'`. For `use_container_width=False`, use `width='content'`.
2026-07-29 20:11:01.634 Please replace `use_container_width` with `width`.

`use_container_width` will be removed after 2025-12-31.

For `use_container_width=True`, use `width='stretch'`. For `use_container_width=False`, use `width='content'`.
2026-07-29 20:11:01.671 Please replace `use_container_width` with `width`.

`use_container_width` will be removed after 2025-12-31.

For `use_container_width=True`, use `width='stretch'`. For `use_container_width=False`, use `width='content'`.
2026-07-29 20:11:01.708 Please replace `use_container_width` with `width`.

`use_container_width` will be removed after 2025-12-31.

For `use_container_width=True`, use `width='stretch'`. For `use_container_width=False`, use `width='content'`.
2026-07-29 20:11:01.744 Please replace `use_container_width` with `width`.

`use_container_width` will be removed after 2025-12-31.

For `use_container_width=True`, use `width='stretch'`. For `use_container_width=False`, use `width='content'`.
2026-07-29 20:11:01.781 Please replace `use_container_width` with `width`.

`use_container_width` will be removed after 2025-12-31.

For `use_container_width=True`, use `width='stretch'`. For `use_container_width=False`, use `width='content'`.
2026-07-29 20:11:01.817 Please replace `use_container_width` with `width`.

`use_container_width` will be removed after 2025-12-31.

For `use_container_width=True`, use `width='stretch'`. For `use_container_width=False`, use `width='content'`.
2026-07-29 20:11:01.855 Please replace `use_container_width` with `width`.

`use_container_width` will be removed after 2025-12-31.

For `use_container_width=True`, use `width='stretch'`. For `use_container_width=False`, use `width='content'`.
2026-07-29 20:11:01.892 Please replace `use_container_width` with `width`.

`use_container_width` will be removed after 2025-12-31.

For `use_container_width=True`, use `width='stretch'`. For `use_container_width=False`, use `width='content'`.
2026-07-29 20:11:01.929 Please replace `use_container_width` with `width`.

`use_container_width` will be removed after 2025-12-31.

For `use_container_width=True`, use `width='stretch'`. For `use_container_width=False`, use `width='content'`.
2026-07-29 20:11:01.966 Please replace `use_container_width` with `width`.

`use_container_width` will be removed after 2025-12-31.

For `use_container_width=True`, use `width='stretch'`. For `use_container_width=False`, use `width='content'`.
2026-07-29 20:11:02.002 Please replace `use_container_width` with `width`.

`use_container_width` will be removed after 2025-12-31.

For `use_container_width=True`, use `width='stretch'`. For `use_container_width=False`, use `width='content'`.
2026-07-29 20:11:02.042 Please replace `use_container_width` with `width`.

`use_container_width` will be removed after 2025-12-31.

For `use_container_width=True`, use `width='stretch'`. For `use_container_width=False`, use `width='content'`.
2026-07-29 20:11:02.079 Please replace `use_container_width` with `width`.

`use_container_width` will be removed after 2025-12-31.

For `use_container_width=True`, use `width='stretch'`. For `use_container_width=False`, use `width='content'`.
2026-07-29 20:11:02.116 Please replace `use_container_width` with `width`.

`use_container_width` will be removed after 2025-12-31.

For `use_container_width=True`, use `width='stretch'`. For `use_container_width=False`, use `width='content'`.
2026-07-29 20:11:02.155 Please replace `use_container_width` with `width`.

`use_container_width` will be removed after 2025-12-31.

For `use_container_width=True`, use `width='stretch'`. For `use_container_width=False`, use `width='content'`.
2026-07-29 20:11:02.192 Please replace `use_container_width` with `width`.

`use_container_width` will be removed after 2025-12-31.

For `use_container_width=True`, use `width='stretch'`. For `use_container_width=False`, use `width='content'`.
2026-07-29 20:11:02.206 Please replace `use_container_width` with `width`.

`use_container_width` will be removed after 2025-12-31.

For `use_container_width=True`, use `width='stretch'`. For `use_container_width=False`, use `width='content'`.
2026-07-29 20:11:02.207 Please replace `use_container_width` with `width`.

`use_container_width` will be removed after 2025-12-31.

For `use_container_width=True`, use `width='stretch'`. For `use_container_width=False`, use `width='content'`.
2026-07-29 20:11:02.239 Please replace `use_container_width` with `width`.

`use_container_width` will be removed after 2025-12-31.

For `use_container_width=True`, use `width='stretch'`. For `use_container_width=False`, use `width='content'`.
2026-07-29 20:11:02.274 Please replace `use_container_width` with `width`.

`use_container_width` will be removed after 2025-12-31.

For `use_container_width=True`, use `width='stretch'`. For `use_container_width=False`, use `width='content'`.
2026-07-29 20:11:02.311 Please replace `use_container_width` with `width`.

`use_container_width` will be removed after 2025-12-31.

For `use_container_width=True`, use `width='stretch'`. For `use_container_width=False`, use `width='content'`.
2026-07-29 20:11:02.349 Please replace `use_container_width` with `width`.

`use_container_width` will be removed after 2025-12-31.

For `use_container_width=True`, use `width='stretch'`. For `use_container_width=False`, use `width='content'`.
2026-07-29 20:11:02.385 Please replace `use_container_width` with `width`.

`use_container_width` will be removed after 2025-12-31.

For `use_container_width=True`, use `width='stretch'`. For `use_container_width=False`, use `width='content'`.
2026-07-29 20:11:02.423 Please replace `use_container_width` with `width`.

`use_container_width` will be removed after 2025-12-31.

For `use_container_width=True`, use `width='stretch'`. For `use_container_width=False`, use `width='content'`.
2026-07-29 20:11:02.459 Please replace `use_container_width` with `width`.

`use_container_width` will be removed after 2025-12-31.

For `use_container_width=True`, use `width='stretch'`. For `use_container_width=False`, use `width='content'`.
2026-07-29 20:11:02.497 Please replace `use_container_width` with `width`.

`use_container_width` will be removed after 2025-12-31.

For `use_container_width=True`, use `width='stretch'`. For `use_container_width=False`, use `width='content'`.
2026-07-29 20:11:02.534 Please replace `use_container_width` with `width`.

`use_container_width` will be removed after 2025-12-31.

For `use_container_width=True`, use `width='stretch'`. For `use_container_width=False`, use `width='content'`.
2026-07-29 20:11:02.570 Please replace `use_container_width` with `width`.

`use_container_width` will be removed after 2025-12-31.

For `use_container_width=True`, use `width='stretch'`. For `use_container_width=False`, use `width='content'`.
2026-07-29 20:11:02.607 Please replace `use_container_width` with `width`.

`use_container_width` will be removed after 2025-12-31.

For `use_container_width=True`, use `width='stretch'`. For `use_container_width=False`, use `width='content'`.
2026-07-29 20:11:02.644 Please replace `use_container_width` with `width`.

`use_container_width` will be removed after 2025-12-31.

For `use_container_width=True`, use `width='stretch'`. For `use_container_width=False`, use `width='content'`.
2026-07-29 20:11:02.681 Please replace `use_container_width` with `width`.

`use_container_width` will be removed after 2025-12-31.

For `use_container_width=True`, use `width='stretch'`. For `use_container_width=False`, use `width='content'`.
2026-07-29 20:11:02.717 Please replace `use_container_width` with `width`.

`use_container_width` will be removed after 2025-12-31.

For `use_container_width=True`, use `width='stretch'`. For `use_container_width=False`, use `width='content'`.
2026-07-29 20:11:02.754 Please replace `use_container_width` with `width`.

`use_container_width` will be removed after 2025-12-31.

For `use_container_width=True`, use `width='stretch'`. For `use_container_width=False`, use `width='content'`.
2026-07-29 20:11:02.791 Please replace `use_container_width` with `width`.

`use_container_width` will be removed after 2025-12-31.

For `use_container_width=True`, use `width='stretch'`. For `use_container_width=False`, use `width='content'`.
2026-07-29 20:11:02.829 Please replace `use_container_width` with `width`.

`use_container_width` will be removed after 2025-12-31.

For `use_container_width=True`, use `width='stretch'`. For `use_container_width=False`, use `width='content'`.
2026-07-29 20:11:02.865 Please replace `use_container_width` with `width`.

`use_container_width` will be removed after 2025-12-31.

For `use_container_width=True`, use `width='stretch'`. For `use_container_width=False`, use `width='content'`.
2026-07-29 20:11:02.901 Please replace `use_container_width` with `width`.

`use_container_width` will be removed after 2025-12-31.

For `use_container_width=True`, use `width='stretch'`. For `use_container_width=False`, use `width='content'`.
2026-07-29 20:11:02.938 Please replace `use_container_width` with `width`.

`use_container_width` will be removed after 2025-12-31.

For `use_container_width=True`, use `width='stretch'`. For `use_container_width=False`, use `width='content'`.
2026-07-29 20:11:02.974 Please replace `use_container_width` with `width`.

`use_container_width` will be removed after 2025-12-31.

For `use_container_width=True`, use `width='stretch'`. For `use_container_width=False`, use `width='content'`.
2026-07-29 20:11:03.012 Please replace `use_container_width` with `width`.

`use_container_width` will be removed after 2025-12-31.

For `use_container_width=True`, use `width='stretch'`. For `use_container_width=False`, use `width='content'`.
2026-07-29 20:11:03.049 Please replace `use_container_width` with `width`.

`use_container_width` will be removed after 2025-12-31.

For `use_container_width=True`, use `width='stretch'`. For `use_container_width=False`, use `width='content'`.
2026-07-29 20:11:03.086 Please replace `use_container_width` with `width`.

`use_container_width` will be removed after 2025-12-31.

For `use_container_width=True`, use `width='stretch'`. For `use_container_width=False`, use `width='content'`.
2026-07-29 20:11:03.123 Please replace `use_container_width` with `width`.

`use_container_width` will be removed after 2025-12-31.

For `use_container_width=True`, use `width='stretch'`. For `use_container_width=False`, use `width='content'`.
2026-07-29 20:11:03.159 Please replace `use_container_width` with `width`.

`use_container_width` will be removed after 2025-12-31.

For `use_container_width=True`, use `width='stretch'`. For `use_container_width=False`, use `width='content'`.
2026-07-29 20:11:03.199 Please replace `use_container_width` with `width`.

`use_container_width` will be removed after 2025-12-31.

For `use_container_width=True`, use `width='stretch'`. For `use_container_width=False`, use `width='content'`.
2026-07-29 20:11:03.211 Please replace `use_container_width` with `width`.

`use_container_width` will be removed after 2025-12-31.

For `use_container_width=True`, use `width='stretch'`. For `use_container_width=False`, use `width='content'`.
2026-07-29 20:11:03.212 Please replace `use_container_width` with `width`.

`use_container_width` will be removed after 2025-12-31.

For `use_container_width=True`, use `width='stretch'`. For `use_container_width=False`, use `width='content'`.
2026-07-29 20:11:03.242 Please replace `use_container_width` with `width`.

`use_container_width` will be removed after 2025-12-31.

For `use_container_width=True`, use `width='stretch'`. For `use_container_width=False`, use `width='content'`.
2026-07-29 20:11:03.279 Please replace `use_container_width` with `width`.

`use_container_width` will be removed after 2025-12-31.

For `use_container_width=True`, use `width='stretch'`. For `use_container_width=False`, use `width='content'`.
2026-07-29 20:11:03.317 Please replace `use_container_width` with `width`.

`use_container_width` will be removed after 2025-12-31.

For `use_container_width=True`, use `width='stretch'`. For `use_container_width=False`, use `width='content'`.
2026-07-29 20:11:03.353 Please replace `use_container_width` with `width`.

`use_container_width` will be removed after 2025-12-31.

For `use_container_width=True`, use `width='stretch'`. For `use_container_width=False`, use `width='content'`.
2026-07-29 20:11:03.390 Please replace `use_container_width` with `width`.

`use_container_width` will be removed after 2025-12-31.

For `use_container_width=True`, use `width='stretch'`. For `use_container_width=False`, use `width='content'`.
2026-07-29 20:11:03.427 Please replace `use_container_width` with `width`.

`use_container_width` will be removed after 2025-12-31.

For `use_container_width=True`, use `width='stretch'`. For `use_container_width=False`, use `width='content'`.
2026-07-29 20:11:03.462 Please replace `use_container_width` with `width`.

`use_container_width` will be removed after 2025-12-31.

For `use_container_width=True`, use `width='stretch'`. For `use_container_width=False`, use `width='content'`.
2026-07-29 20:11:03.499 Please replace `use_container_width` with `width`.

`use_container_width` will be removed after 2025-12-31.

For `use_container_width=True`, use `width='stretch'`. For `use_container_width=False`, use `width='content'`.
2026-07-29 20:11:03.537 Please replace `use_container_width` with `width`.

`use_container_width` will be removed after 2025-12-31.

For `use_container_width=True`, use `width='stretch'`. For `use_container_width=False`, use `width='content'`.
2026-07-29 20:11:03.573 Please replace `use_container_width` with `width`.

`use_container_width` will be removed after 2025-12-31.

For `use_container_width=True`, use `width='stretch'`. For `use_container_width=False`, use `width='content'`.
2026-07-29 20:11:03.609 Please replace `use_container_width` with `width`.

`use_container_width` will be removed after 2025-12-31.

For `use_container_width=True`, use `width='stretch'`. For `use_container_width=False`, use `width='content'`.
2026-07-29 20:11:03.646 Please replace `use_container_width` with `width`.

`use_container_width` will be removed after 2025-12-31.

For `use_container_width=True`, use `width='stretch'`. For `use_container_width=False`, use `width='content'`.
2026-07-29 20:11:03.684 Please replace `use_container_width` with `width`.

`use_container_width` will be removed after 2025-12-31.

For `use_container_width=True`, use `width='stretch'`. For `use_container_width=False`, use `width='content'`.
2026-07-29 20:11:03.721 Please replace `use_container_width` with `width`.

`use_container_width` will be removed after 2025-12-31.

For `use_container_width=True`, use `width='stretch'`. For `use_container_width=False`, use `width='content'`.
2026-07-29 20:11:03.758 Please replace `use_container_width` with `width`.

`use_container_width` will be removed after 2025-12-31.

For `use_container_width=True`, use `width='stretch'`. For `use_container_width=False`, use `width='content'`.
2026-07-29 20:11:03.794 Please replace `use_container_width` with `width`.

`use_container_width` will be removed after 2025-12-31.

For `use_container_width=True`, use `width='stretch'`. For `use_container_width=False`, use `width='content'`.
2026-07-29 20:11:03.839 Please replace `use_container_width` with `width`.

`use_container_width` will be removed after 2025-12-31.

For `use_container_width=True`, use `width='stretch'`. For `use_container_width=False`, use `width='content'`.
2026-07-29 20:11:03.878 Please replace `use_container_width` with `width`.

`use_container_width` will be removed after 2025-12-31.

For `use_container_width=True`, use `width='stretch'`. For `use_container_width=False`, use `width='content'`.
2026-07-29 20:11:03.914 Please replace `use_container_width` with `width`.

`use_container_width` will be removed after 2025-12-31.

For `use_container_width=True`, use `width='stretch'`. For `use_container_width=False`, use `width='content'`.
2026-07-29 20:11:03.951 Please replace `use_container_width` with `width`.

`use_container_width` will be removed after 2025-12-31.

For `use_container_width=True`, use `width='stretch'`. For `use_container_width=False`, use `width='content'`.
2026-07-29 20:11:03.989 Please replace `use_container_width` with `width`.

`use_container_width` will be removed after 2025-12-31.

For `use_container_width=True`, use `width='stretch'`. For `use_container_width=False`, use `width='content'`.
2026-07-29 20:11:04.026 Please replace `use_container_width` with `width`.

`use_container_width` will be removed after 2025-12-31.

For `use_container_width=True`, use `width='stretch'`. For `use_container_width=False`, use `width='content'`.
2026-07-29 20:11:04.062 Please replace `use_container_width` with `width`.

`use_container_width` will be removed after 2025-12-31.

For `use_container_width=True`, use `width='stretch'`. For `use_container_width=False`, use `width='content'`.
2026-07-29 20:11:04.099 Please replace `use_container_width` with `width`.

`use_container_width` will be removed after 2025-12-31.

For `use_container_width=True`, use `width='stretch'`. For `use_container_width=False`, use `width='content'`.
2026-07-29 20:11:04.135 Please replace `use_container_width` with `width`.

`use_container_width` will be removed after 2025-12-31.

For `use_container_width=True`, use `width='stretch'`. For `use_container_width=False`, use `width='content'`.
2026-07-29 20:11:04.172 Please replace `use_container_width` with `width`.

`use_container_width` will be removed after 2025-12-31.

For `use_container_width=True`, use `width='stretch'`. For `use_container_width=False`, use `width='content'`.
2026-07-29 20:11:04.209 Please replace `use_container_width` with `width`.

`use_container_width` will be removed after 2025-12-31.

For `use_container_width=True`, use `width='stretch'`. For `use_container_width=False`, use `width='content'`.
2026-07-29 20:11:04.222 Please replace `use_container_width` with `width`.

`use_container_width` will be removed after 2025-12-31.

For `use_container_width=True`, use `width='stretch'`. For `use_container_width=False`, use `width='content'`.
2026-07-29 20:11:04.223 Please replace `use_container_width` with `width`.

`use_container_width` will be removed after 2025-12-31.

For `use_container_width=True`, use `width='stretch'`. For `use_container_width=False`, use `width='content'`.
2026-07-29 20:11:04.255 Please replace `use_container_width` with `width`.

`use_container_width` will be removed after 2025-12-31.

For `use_container_width=True`, use `width='stretch'`. For `use_container_width=False`, use `width='content'`.
2026-07-29 20:11:04.292 Please replace `use_container_width` with `width`.

`use_container_width` will be removed after 2025-12-31.

For `use_container_width=True`, use `width='stretch'`. For `use_container_width=False`, use `width='content'`.
2026-07-29 20:11:04.327 Please replace `use_container_width` with `width`.

`use_container_width` will be removed after 2025-12-31.

For `use_container_width=True`, use `width='stretch'`. For `use_container_width=False`, use `width='content'`.
2026-07-29 20:11:04.365 Please replace `use_container_width` with `width`.

`use_container_width` will be removed after 2025-12-31.

For `use_container_width=True`, use `width='stretch'`. For `use_container_width=False`, use `width='content'`.
2026-07-29 20:11:04.401 Please replace `use_container_width` with `width`.

`use_container_width` will be removed after 2025-12-31.

For `use_container_width=True`, use `width='stretch'`. For `use_container_width=False`, use `width='content'`.
2026-07-29 20:11:04.439 Please replace `use_container_width` with `width`.

`use_container_width` will be removed after 2025-12-31.

For `use_container_width=True`, use `width='stretch'`. For `use_container_width=False`, use `width='content'`.
2026-07-29 20:11:04.474 Please replace `use_container_width` with `width`.

`use_container_width` will be removed after 2025-12-31.

For `use_container_width=True`, use `width='stretch'`. For `use_container_width=False`, use `width='content'`.
2026-07-29 20:11:04.511 Please replace `use_container_width` with `width`.

`use_container_width` will be removed after 2025-12-31.

For `use_container_width=True`, use `width='stretch'`. For `use_container_width=False`, use `width='content'`.
2026-07-29 20:11:04.547 Please replace `use_container_width` with `width`.

`use_container_width` will be removed after 2025-12-31.

For `use_container_width=True`, use `width='stretch'`. For `use_container_width=False`, use `width='content'`.
2026-07-29 20:11:04.585 Please replace `use_container_width` with `width`.

`use_container_width` will be removed after 2025-12-31.

For `use_container_width=True`, use `width='stretch'`. For `use_container_width=False`, use `width='content'`.
2026-07-29 20:11:04.622 Please replace `use_container_width` with `width`.

`use_container_width` will be removed after 2025-12-31.

For `use_container_width=True`, use `width='stretch'`. For `use_container_width=False`, use `width='content'`.
2026-07-29 20:11:04.656 Please replace `use_container_width` with `width`.

`use_container_width` will be removed after 2025-12-31.

For `use_container_width=True`, use `width='stretch'`. For `use_container_width=False`, use `width='content'`.
2026-07-29 20:11:04.692 Please replace `use_container_width` with `width`.

`use_container_width` will be removed after 2025-12-31.

For `use_container_width=True`, use `width='stretch'`. For `use_container_width=False`, use `width='content'`.
2026-07-29 20:11:04.728 Please replace `use_container_width` with `width`.

`use_container_width` will be removed after 2025-12-31.

For `use_container_width=True`, use `width='stretch'`. For `use_container_width=False`, use `width='content'`.
2026-07-29 20:11:04.765 Please replace `use_container_width` with `width`.

`use_container_width` will be removed after 2025-12-31.

For `use_container_width=True`, use `width='stretch'`. For `use_container_width=False`, use `width='content'`.
2026-07-29 20:11:04.803 Please replace `use_container_width` with `width`.

`use_container_width` will be removed after 2025-12-31.

For `use_container_width=True`, use `width='stretch'`. For `use_container_width=False`, use `width='content'`.
2026-07-29 20:11:04.839 Please replace `use_container_width` with `width`.

`use_container_width` will be removed after 2025-12-31.

For `use_container_width=True`, use `width='stretch'`. For `use_container_width=False`, use `width='content'`.
2026-07-29 20:11:04.876 Please replace `use_container_width` with `width`.

`use_container_width` will be removed after 2025-12-31.

For `use_container_width=True`, use `width='stretch'`. For `use_container_width=False`, use `width='content'`.
2026-07-29 20:11:04.911 Please replace `use_container_width` with `width`.

`use_container_width` will be removed after 2025-12-31.

For `use_container_width=True`, use `width='stretch'`. For `use_container_width=False`, use `width='content'`.
2026-07-29 20:11:04.948 Please replace `use_container_width` with `width`.

`use_container_width` will be removed after 2025-12-31.

For `use_container_width=True`, use `width='stretch'`. For `use_container_width=False`, use `width='content'`.
2026-07-29 20:11:04.984 Please replace `use_container_width` with `width`.

`use_container_width` will be removed after 2025-12-31.

For `use_container_width=True`, use `width='stretch'`. For `use_container_width=False`, use `width='content'`.
2026-07-29 20:11:05.022 Please replace `use_container_width` with `width`.

`use_container_width` will be removed after 2025-12-31.

For `use_container_width=True`, use `width='stretch'`. For `use_container_width=False`, use `width='content'`.
2026-07-29 20:11:05.059 Please replace `use_container_width` with `width`.

`use_container_width` will be removed after 2025-12-31.

For `use_container_width=True`, use `width='stretch'`. For `use_container_width=False`, use `width='content'`.
2026-07-29 20:11:05.095 Please replace `use_container_width` with `width`.

`use_container_width` will be removed after 2025-12-31.

For `use_container_width=True`, use `width='stretch'`. For `use_container_width=False`, use `width='content'`.
2026-07-29 20:11:05.131 Please replace `use_container_width` with `width`.

`use_container_width` will be removed after 2025-12-31.

For `use_container_width=True`, use `width='stretch'`. For `use_container_width=False`, use `width='content'`.
2026-07-29 20:11:05.168 Please replace `use_container_width` with `width`.

`use_container_width` will be removed after 2025-12-31.

For `use_container_width=True`, use `width='stretch'`. For `use_container_width=False`, use `width='content'`.
2026-07-29 20:11:05.205 Please replace `use_container_width` with `width`.

`use_container_width` will be removed after 2025-12-31.

For `use_container_width=True`, use `width='stretch'`. For `use_container_width=False`, use `width='content'`.
2026-07-29 20:11:05.242 Please replace `use_container_width` with `width`.

`use_container_width` will be removed after 2025-12-31.

For `use_container_width=True`, use `width='stretch'`. For `use_container_width=False`, use `width='content'`.
2026-07-29 20:11:05.254 Please replace `use_container_width` with `width`.

`use_container_width` will be removed after 2025-12-31.

For `use_container_width=True`, use `width='stretch'`. For `use_container_width=False`, use `width='content'`.
2026-07-29 20:11:05.255 Please replace `use_container_width` with `width`.

`use_container_width` will be removed after 2025-12-31.

For `use_container_width=True`, use `width='stretch'`. For `use_container_width=False`, use `width='content'`.
2026-07-29 20:11:05.288 Please replace `use_container_width` with `width`.

`use_container_width` will be removed after 2025-12-31.

For `use_container_width=True`, use `width='stretch'`. For `use_container_width=False`, use `width='content'`.
2026-07-29 20:11:05.323 Please replace `use_container_width` with `width`.

`use_container_width` will be removed after 2025-12-31.

For `use_container_width=True`, use `width='stretch'`. For `use_container_width=False`, use `width='content'`.
2026-07-29 20:11:05.360 Please replace `use_container_width` with `width`.

`use_container_width` will be removed after 2025-12-31.

For `use_container_width=True`, use `width='stretch'`. For `use_container_width=False`, use `width='content'`.
2026-07-29 20:11:05.397 Please replace `use_container_width` with `width`.

`use_container_width` will be removed after 2025-12-31.

For `use_container_width=True`, use `width='stretch'`. For `use_container_width=False`, use `width='content'`.
2026-07-29 20:11:05.434 Please replace `use_container_width` with `width`.

`use_container_width` will be removed after 2025-12-31.

For `use_container_width=True`, use `width='stretch'`. For `use_container_width=False`, use `width='content'`.
2026-07-29 20:11:05.470 Please replace `use_container_width` with `width`.

`use_container_width` will be removed after 2025-12-31.

For `use_container_width=True`, use `width='stretch'`. For `use_container_width=False`, use `width='content'`.
2026-07-29 20:11:05.507 Please replace `use_container_width` with `width`.

`use_container_width` will be removed after 2025-12-31.

For `use_container_width=True`, use `width='stretch'`. For `use_container_width=False`, use `width='content'`.
2026-07-29 20:11:05.544 Please replace `use_container_width` with `width`.

`use_container_width` will be removed after 2025-12-31.

For `use_container_width=True`, use `width='stretch'`. For `use_container_width=False`, use `width='content'`.
2026-07-29 20:11:05.581 Please replace `use_container_width` with `width`.

`use_container_width` will be removed after 2025-12-31.

For `use_container_width=True`, use `width='stretch'`. For `use_container_width=False`, use `width='content'`.
2026-07-29 20:11:05.617 Please replace `use_container_width` with `width`.

`use_container_width` will be removed after 2025-12-31.

For `use_container_width=True`, use `width='stretch'`. For `use_container_width=False`, use `width='content'`.
2026-07-29 20:11:05.655 Please replace `use_container_width` with `width`.

`use_container_width` will be removed after 2025-12-31.

For `use_container_width=True`, use `width='stretch'`. For `use_container_width=False`, use `width='content'`.
2026-07-29 20:11:05.691 Please replace `use_container_width` with `width`.

`use_container_width` will be removed after 2025-12-31.

For `use_container_width=True`, use `width='stretch'`. For `use_container_width=False`, use `width='content'`.
2026-07-29 20:11:05.728 Please replace `use_container_width` with `width`.

`use_container_width` will be removed after 2025-12-31.

For `use_container_width=True`, use `width='stretch'`. For `use_container_width=False`, use `width='content'`.
2026-07-29 20:11:05.764 Please replace `use_container_width` with `width`.

`use_container_width` will be removed after 2025-12-31.

For `use_container_width=True`, use `width='stretch'`. For `use_container_width=False`, use `width='content'`.
2026-07-29 20:11:05.801 Please replace `use_container_width` with `width`.

`use_container_width` will be removed after 2025-12-31.

For `use_container_width=True`, use `width='stretch'`. For `use_container_width=False`, use `width='content'`.
2026-07-29 20:11:05.837 Please replace `use_container_width` with `width`.

`use_container_width` will be removed after 2025-12-31.

For `use_container_width=True`, use `width='stretch'`. For `use_container_width=False`, use `width='content'`.
2026-07-29 20:11:05.874 Please replace `use_container_width` with `width`.

`use_container_width` will be removed after 2025-12-31.

For `use_container_width=True`, use `width='stretch'`. For `use_container_width=False`, use `width='content'`.
2026-07-29 20:11:05.910 Please replace `use_container_width` with `width`.

`use_container_width` will be removed after 2025-12-31.

For `use_container_width=True`, use `width='stretch'`. For `use_container_width=False`, use `width='content'`.
2026-07-29 20:11:05.948 Please replace `use_container_width` with `width`.

`use_container_width` will be removed after 2025-12-31.

For `use_container_width=True`, use `width='stretch'`. For `use_container_width=False`, use `width='content'`.
2026-07-29 20:11:05.986 Please replace `use_container_width` with `width`.

`use_container_width` will be removed after 2025-12-31.

For `use_container_width=True`, use `width='stretch'`. For `use_container_width=False`, use `width='content'`.
2026-07-29 20:11:06.023 Please replace `use_container_width` with `width`.

`use_container_width` will be removed after 2025-12-31.

For `use_container_width=True`, use `width='stretch'`. For `use_container_width=False`, use `width='content'`.
2026-07-29 20:11:06.060 Please replace `use_container_width` with `width`.

`use_container_width` will be removed after 2025-12-31.

For `use_container_width=True`, use `width='stretch'`. For `use_container_width=False`, use `width='content'`.
2026-07-29 20:11:06.099 Please replace `use_container_width` with `width`.

`use_container_width` will be removed after 2025-12-31.

For `use_container_width=True`, use `width='stretch'`. For `use_container_width=False`, use `width='content'`.
2026-07-29 20:11:06.135 Please replace `use_container_width` with `width`.

`use_container_width` will be removed after 2025-12-31.

For `use_container_width=True`, use `width='stretch'`. For `use_container_width=False`, use `width='content'`.
2026-07-29 20:11:06.172 Please replace `use_container_width` with `width`.

`use_container_width` will be removed after 2025-12-31.

For `use_container_width=True`, use `width='stretch'`. For `use_container_width=False`, use `width='content'`.
2026-07-29 20:11:06.209 Please replace `use_container_width` with `width`.

`use_container_width` will be removed after 2025-12-31.

For `use_container_width=True`, use `width='stretch'`. For `use_container_width=False`, use `width='content'`.
2026-07-29 20:11:06.245 Please replace `use_container_width` with `width`.

`use_container_width` will be removed after 2025-12-31.

For `use_container_width=True`, use `width='stretch'`. For `use_container_width=False`, use `width='content'`.
2026-07-29 20:11:06.258 Please replace `use_container_width` with `width`.

`use_container_width` will be removed after 2025-12-31.

For `use_container_width=True`, use `width='stretch'`. For `use_container_width=False`, use `width='content'`.
2026-07-29 20:11:06.259 Please replace `use_container_width` with `width`.

`use_container_width` will be removed after 2025-12-31.

For `use_container_width=True`, use `width='stretch'`. For `use_container_width=False`, use `width='content'`.
2026-07-29 20:11:06.292 Please replace `use_container_width` with `width`.

`use_container_width` will be removed after 2025-12-31.

For `use_container_width=True`, use `width='stretch'`. For `use_container_width=False`, use `width='content'`.
2026-07-29 20:11:06.328 Please replace `use_container_width` with `width`.

`use_container_width` will be removed after 2025-12-31.

For `use_container_width=True`, use `width='stretch'`. For `use_container_width=False`, use `width='content'`.
2026-07-29 20:11:06.365 Please replace `use_container_width` with `width`.

`use_container_width` will be removed after 2025-12-31.

For `use_container_width=True`, use `width='stretch'`. For `use_container_width=False`, use `width='content'`.
2026-07-29 20:11:06.403 Please replace `use_container_width` with `width`.

`use_container_width` will be removed after 2025-12-31.

For `use_container_width=True`, use `width='stretch'`. For `use_container_width=False`, use `width='content'`.
2026-07-29 20:11:06.440 Please replace `use_container_width` with `width`.

`use_container_width` will be removed after 2025-12-31.

For `use_container_width=True`, use `width='stretch'`. For `use_container_width=False`, use `width='content'`.
2026-07-29 20:11:06.477 Please replace `use_container_width` with `width`.

`use_container_width` will be removed after 2025-12-31.

For `use_container_width=True`, use `width='stretch'`. For `use_container_width=False`, use `width='content'`.
2026-07-29 20:11:06.515 Please replace `use_container_width` with `width`.

`use_container_width` will be removed after 2025-12-31.

For `use_container_width=True`, use `width='stretch'`. For `use_container_width=False`, use `width='content'`.
2026-07-29 20:11:06.551 Please replace `use_container_width` with `width`.

`use_container_width` will be removed after 2025-12-31.

For `use_container_width=True`, use `width='stretch'`. For `use_container_width=False`, use `width='content'`.
2026-07-29 20:11:06.589 Please replace `use_container_width` with `width`.

`use_container_width` will be removed after 2025-12-31.

For `use_container_width=True`, use `width='stretch'`. For `use_container_width=False`, use `width='content'`.
2026-07-29 20:11:06.626 Please replace `use_container_width` with `width`.

`use_container_width` will be removed after 2025-12-31.

For `use_container_width=True`, use `width='stretch'`. For `use_container_width=False`, use `width='content'`.
2026-07-29 20:11:06.664 Please replace `use_container_width` with `width`.

`use_container_width` will be removed after 2025-12-31.

For `use_container_width=True`, use `width='stretch'`. For `use_container_width=False`, use `width='content'`.
2026-07-29 20:11:06.702 Please replace `use_container_width` with `width`.

`use_container_width` will be removed after 2025-12-31.

For `use_container_width=True`, use `width='stretch'`. For `use_container_width=False`, use `width='content'`.
2026-07-29 20:11:06.738 Please replace `use_container_width` with `width`.

`use_container_width` will be removed after 2025-12-31.

For `use_container_width=True`, use `width='stretch'`. For `use_container_width=False`, use `width='content'`.
2026-07-29 20:11:06.777 Please replace `use_container_width` with `width`.

`use_container_width` will be removed after 2025-12-31.

For `use_container_width=True`, use `width='stretch'`. For `use_container_width=False`, use `width='content'`.
2026-07-29 20:11:06.813 Please replace `use_container_width` with `width`.

`use_container_width` will be removed after 2025-12-31.

For `use_container_width=True`, use `width='stretch'`. For `use_container_width=False`, use `width='content'`.
2026-07-29 20:11:06.850 Please replace `use_container_width` with `width`.

`use_container_width` will be removed after 2025-12-31.

For `use_container_width=True`, use `width='stretch'`. For `use_container_width=False`, use `width='content'`.
2026-07-29 20:11:06.889 Please replace `use_container_width` with `width`.

`use_container_width` will be removed after 2025-12-31.

For `use_container_width=True`, use `width='stretch'`. For `use_container_width=False`, use `width='content'`.
2026-07-29 20:11:06.926 Please replace `use_container_width` with `width`.

`use_container_width` will be removed after 2025-12-31.

For `use_container_width=True`, use `width='stretch'`. For `use_container_width=False`, use `width='content'`.
2026-07-29 20:11:06.965 Please replace `use_container_width` with `width`.

`use_container_width` will be removed after 2025-12-31.

For `use_container_width=True`, use `width='stretch'`. For `use_container_width=False`, use `width='content'`.
2026-07-29 20:11:07.003 Please replace `use_container_width` with `width`.

`use_container_width` will be removed after 2025-12-31.

For `use_container_width=True`, use `width='stretch'`. For `use_container_width=False`, use `width='content'`.
2026-07-29 20:11:07.039 Please replace `use_container_width` with `width`.

`use_container_width` will be removed after 2025-12-31.

For `use_container_width=True`, use `width='stretch'`. For `use_container_width=False`, use `width='content'`.
2026-07-29 20:11:07.078 Please replace `use_container_width` with `width`.

`use_container_width` will be removed after 2025-12-31.

For `use_container_width=True`, use `width='stretch'`. For `use_container_width=False`, use `width='content'`.
2026-07-29 20:11:07.115 Please replace `use_container_width` with `width`.

`use_container_width` will be removed after 2025-12-31.

For `use_container_width=True`, use `width='stretch'`. For `use_container_width=False`, use `width='content'`.
2026-07-29 20:11:07.154 Please replace `use_container_width` with `width`.

`use_container_width` will be removed after 2025-12-31.

For `use_container_width=True`, use `width='stretch'`. For `use_container_width=False`, use `width='content'`.
2026-07-29 20:11:07.189 Please replace `use_container_width` with `width`.

`use_container_width` will be removed after 2025-12-31.

For `use_container_width=True`, use `width='stretch'`. For `use_container_width=False`, use `width='content'`.
2026-07-29 20:11:07.225 Please replace `use_container_width` with `width`.

`use_container_width` will be removed after 2025-12-31.

For `use_container_width=True`, use `width='stretch'`. For `use_container_width=False`, use `width='content'`.
2026-07-29 20:11:07.261 Please replace `use_container_width` with `width`.

`use_container_width` will be removed after 2025-12-31.

For `use_container_width=True`, use `width='stretch'`. For `use_container_width=False`, use `width='content'`.
2026-07-29 20:11:07.273 Please replace `use_container_width` with `width`.

`use_container_width` will be removed after 2025-12-31.

For `use_container_width=True`, use `width='stretch'`. For `use_container_width=False`, use `width='content'`.
2026-07-29 20:11:07.274 Please replace `use_container_width` with `width`.

`use_container_width` will be removed after 2025-12-31.

For `use_container_width=True`, use `width='stretch'`. For `use_container_width=False`, use `width='content'`.
2026-07-29 20:11:07.306 Please replace `use_container_width` with `width`.

`use_container_width` will be removed after 2025-12-31.

For `use_container_width=True`, use `width='stretch'`. For `use_container_width=False`, use `width='content'`.
2026-07-29 20:11:07.342 Please replace `use_container_width` with `width`.

`use_container_width` will be removed after 2025-12-31.

For `use_container_width=True`, use `width='stretch'`. For `use_container_width=False`, use `width='content'`.
2026-07-29 20:11:07.378 Please replace `use_container_width` with `width`.

`use_container_width` will be removed after 2025-12-31.

For `use_container_width=True`, use `width='stretch'`. For `use_container_width=False`, use `width='content'`.
2026-07-29 20:11:07.414 Please replace `use_container_width` with `width`.

`use_container_width` will be removed after 2025-12-31.

For `use_container_width=True`, use `width='stretch'`. For `use_container_width=False`, use `width='content'`.
2026-07-29 20:11:07.450 Please replace `use_container_width` with `width`.

`use_container_width` will be removed after 2025-12-31.

For `use_container_width=True`, use `width='stretch'`. For `use_container_width=False`, use `width='content'`.
2026-07-29 20:11:07.487 Please replace `use_container_width` with `width`.

`use_container_width` will be removed after 2025-12-31.

For `use_container_width=True`, use `width='stretch'`. For `use_container_width=False`, use `width='content'`.
2026-07-29 20:11:07.524 Please replace `use_container_width` with `width`.

`use_container_width` will be removed after 2025-12-31.

For `use_container_width=True`, use `width='stretch'`. For `use_container_width=False`, use `width='content'`.
2026-07-29 20:11:07.560 Please replace `use_container_width` with `width`.

`use_container_width` will be removed after 2025-12-31.

For `use_container_width=True`, use `width='stretch'`. For `use_container_width=False`, use `width='content'`.
2026-07-29 20:11:07.597 Please replace `use_container_width` with `width`.

`use_container_width` will be removed after 2025-12-31.

For `use_container_width=True`, use `width='stretch'`. For `use_container_width=False`, use `width='content'`.
2026-07-29 20:11:07.633 Please replace `use_container_width` with `width`.

`use_container_width` will be removed after 2025-12-31.

For `use_container_width=True`, use `width='stretch'`. For `use_container_width=False`, use `width='content'`.
2026-07-29 20:11:07.672 Please replace `use_container_width` with `width`.

`use_container_width` will be removed after 2025-12-31.

For `use_container_width=True`, use `width='stretch'`. For `use_container_width=False`, use `width='content'`.
2026-07-29 20:11:07.707 Please replace `use_container_width` with `width`.

`use_container_width` will be removed after 2025-12-31.

For `use_container_width=True`, use `width='stretch'`. For `use_container_width=False`, use `width='content'`.
2026-07-29 20:11:07.745 Please replace `use_container_width` with `width`.

`use_container_width` will be removed after 2025-12-31.

For `use_container_width=True`, use `width='stretch'`. For `use_container_width=False`, use `width='content'`.
2026-07-29 20:11:07.783 Please replace `use_container_width` with `width`.

`use_container_width` will be removed after 2025-12-31.

For `use_container_width=True`, use `width='stretch'`. For `use_container_width=False`, use `width='content'`.
2026-07-29 20:11:07.820 Please replace `use_container_width` with `width`.

`use_container_width` will be removed after 2025-12-31.

For `use_container_width=True`, use `width='stretch'`. For `use_container_width=False`, use `width='content'`.
2026-07-29 20:11:07.856 Please replace `use_container_width` with `width`.

`use_container_width` will be removed after 2025-12-31.

For `use_container_width=True`, use `width='stretch'`. For `use_container_width=False`, use `width='content'`.
2026-07-29 20:11:07.893 Please replace `use_container_width` with `width`.

`use_container_width` will be removed after 2025-12-31.

For `use_container_width=True`, use `width='stretch'`. For `use_container_width=False`, use `width='content'`.
2026-07-29 20:11:07.929 Please replace `use_container_width` with `width`.

`use_container_width` will be removed after 2025-12-31.

For `use_container_width=True`, use `width='stretch'`. For `use_container_width=False`, use `width='content'`.
2026-07-29 20:11:07.965 Please replace `use_container_width` with `width`.

`use_container_width` will be removed after 2025-12-31.

For `use_container_width=True`, use `width='stretch'`. For `use_container_width=False`, use `width='content'`.
2026-07-29 20:11:08.002 Please replace `use_container_width` with `width`.

`use_container_width` will be removed after 2025-12-31.

For `use_container_width=True`, use `width='stretch'`. For `use_container_width=False`, use `width='content'`.
2026-07-29 20:11:08.038 Please replace `use_container_width` with `width`.

`use_container_width` will be removed after 2025-12-31.

For `use_container_width=True`, use `width='stretch'`. For `use_container_width=False`, use `width='content'`.
2026-07-29 20:11:08.073 Please replace `use_container_width` with `width`.

`use_container_width` will be removed after 2025-12-31.

For `use_container_width=True`, use `width='stretch'`. For `use_container_width=False`, use `width='content'`.
2026-07-29 20:11:08.110 Please replace `use_container_width` with `width`.

`use_container_width` will be removed after 2025-12-31.

For `use_container_width=True`, use `width='stretch'`. For `use_container_width=False`, use `width='content'`.
2026-07-29 20:11:08.146 Please replace `use_container_width` with `width`.

`use_container_width` will be removed after 2025-12-31.

For `use_container_width=True`, use `width='stretch'`. For `use_container_width=False`, use `width='content'`.
2026-07-29 20:11:08.185 Please replace `use_container_width` with `width`.

`use_container_width` will be removed after 2025-12-31.

For `use_container_width=True`, use `width='stretch'`. For `use_container_width=False`, use `width='content'`.
2026-07-29 20:11:08.224 Please replace `use_container_width` with `width`.

`use_container_width` will be removed after 2025-12-31.

For `use_container_width=True`, use `width='stretch'`. For `use_container_width=False`, use `width='content'`.
2026-07-29 20:11:08.259 Please replace `use_container_width` with `width`.

`use_container_width` will be removed after 2025-12-31.

For `use_container_width=True`, use `width='stretch'`. For `use_container_width=False`, use `width='content'`.
2026-07-29 20:11:08.296 Please replace `use_container_width` with `width`.

`use_container_width` will be removed after 2025-12-31.

For `use_container_width=True`, use `width='stretch'`. For `use_container_width=False`, use `width='content'`.
2026-07-29 20:11:08.308 Please replace `use_container_width` with `width`.

`use_container_width` will be removed after 2025-12-31.

For `use_container_width=True`, use `width='stretch'`. For `use_container_width=False`, use `width='content'`.
2026-07-29 20:11:08.309 Please replace `use_container_width` with `width`.

`use_container_width` will be removed after 2025-12-31.

For `use_container_width=True`, use `width='stretch'`. For `use_container_width=False`, use `width='content'`.
2026-07-29 20:11:08.342 Please replace `use_container_width` with `width`.

`use_container_width` will be removed after 2025-12-31.

For `use_container_width=True`, use `width='stretch'`. For `use_container_width=False`, use `width='content'`.
2026-07-29 20:11:08.379 Please replace `use_container_width` with `width`.

`use_container_width` will be removed after 2025-12-31.

For `use_container_width=True`, use `width='stretch'`. For `use_container_width=False`, use `width='content'`.
2026-07-29 20:11:08.416 Please replace `use_container_width` with `width`.

`use_container_width` will be removed after 2025-12-31.

For `use_container_width=True`, use `width='stretch'`. For `use_container_width=False`, use `width='content'`.
2026-07-29 20:11:08.453 Please replace `use_container_width` with `width`.

`use_container_width` will be removed after 2025-12-31.

For `use_container_width=True`, use `width='stretch'`. For `use_container_width=False`, use `width='content'`.
2026-07-29 20:11:08.490 Please replace `use_container_width` with `width`.

`use_container_width` will be removed after 2025-12-31.

For `use_container_width=True`, use `width='stretch'`. For `use_container_width=False`, use `width='content'`.
2026-07-29 20:11:08.527 Please replace `use_container_width` with `width`.

`use_container_width` will be removed after 2025-12-31.

For `use_container_width=True`, use `width='stretch'`. For `use_container_width=False`, use `width='content'`.
2026-07-29 20:11:08.562 Please replace `use_container_width` with `width`.

`use_container_width` will be removed after 2025-12-31.

For `use_container_width=True`, use `width='stretch'`. For `use_container_width=False`, use `width='content'`.
2026-07-29 20:11:08.602 Please replace `use_container_width` with `width`.

`use_container_width` will be removed after 2025-12-31.

For `use_container_width=True`, use `width='stretch'`. For `use_container_width=False`, use `width='content'`.
2026-07-29 20:11:08.640 Please replace `use_container_width` with `width`.

`use_container_width` will be removed after 2025-12-31.

For `use_container_width=True`, use `width='stretch'`. For `use_container_width=False`, use `width='content'`.
2026-07-29 20:11:08.678 Please replace `use_container_width` with `width`.

`use_container_width` will be removed after 2025-12-31.

For `use_container_width=True`, use `width='stretch'`. For `use_container_width=False`, use `width='content'`.
2026-07-29 20:11:08.715 Please replace `use_container_width` with `width`.

`use_container_width` will be removed after 2025-12-31.

For `use_container_width=True`, use `width='stretch'`. For `use_container_width=False`, use `width='content'`.
2026-07-29 20:11:08.753 Please replace `use_container_width` with `width`.

`use_container_width` will be removed after 2025-12-31.

For `use_container_width=True`, use `width='stretch'`. For `use_container_width=False`, use `width='content'`.
2026-07-29 20:11:08.790 Please replace `use_container_width` with `width`.

`use_container_width` will be removed after 2025-12-31.

For `use_container_width=True`, use `width='stretch'`. For `use_container_width=False`, use `width='content'`.
2026-07-29 20:11:08.827 Please replace `use_container_width` with `width`.

`use_container_width` will be removed after 2025-12-31.

For `use_container_width=True`, use `width='stretch'`. For `use_container_width=False`, use `width='content'`.
2026-07-29 20:11:08.864 Please replace `use_container_width` with `width`.

`use_container_width` will be removed after 2025-12-31.

For `use_container_width=True`, use `width='stretch'`. For `use_container_width=False`, use `width='content'`.
2026-07-29 20:11:08.901 Please replace `use_container_width` with `width`.

`use_container_width` will be removed after 2025-12-31.

For `use_container_width=True`, use `width='stretch'`. For `use_container_width=False`, use `width='content'`.
2026-07-29 20:11:08.937 Please replace `use_container_width` with `width`.

`use_container_width` will be removed after 2025-12-31.

For `use_container_width=True`, use `width='stretch'`. For `use_container_width=False`, use `width='content'`.
2026-07-29 20:11:08.974 Please replace `use_container_width` with `width`.

`use_container_width` will be removed after 2025-12-31.

For `use_container_width=True`, use `width='stretch'`. For `use_container_width=False`, use `width='content'`.
2026-07-29 20:11:09.012 Please replace `use_container_width` with `width`.

`use_container_width` will be removed after 2025-12-31.

For `use_container_width=True`, use `width='stretch'`. For `use_container_width=False`, use `width='content'`.
2026-07-29 20:11:09.049 Please replace `use_container_width` with `width`.

`use_container_width` will be removed after 2025-12-31.

For `use_container_width=True`, use `width='stretch'`. For `use_container_width=False`, use `width='content'`.
2026-07-29 20:11:09.086 Please replace `use_container_width` with `width`.

`use_container_width` will be removed after 2025-12-31.

For `use_container_width=True`, use `width='stretch'`. For `use_container_width=False`, use `width='content'`.
2026-07-29 20:11:09.123 Please replace `use_container_width` with `width`.

`use_container_width` will be removed after 2025-12-31.

For `use_container_width=True`, use `width='stretch'`. For `use_container_width=False`, use `width='content'`.
2026-07-29 20:11:09.159 Please replace `use_container_width` with `width`.

`use_container_width` will be removed after 2025-12-31.

For `use_container_width=True`, use `width='stretch'`. For `use_container_width=False`, use `width='content'`.
2026-07-29 20:11:09.230 Please replace `use_container_width` with `width`.

`use_container_width` will be removed after 2025-12-31.

For `use_container_width=True`, use `width='stretch'`. For `use_container_width=False`, use `width='content'`.
2026-07-29 20:11:09.230 Please replace `use_container_width` with `width`.

`use_container_width` will be removed after 2025-12-31.

For `use_container_width=True`, use `width='stretch'`. For `use_container_width=False`, use `width='content'`.
